scene,pose_type,image_name,frame_name,image_index,camera_index,valid,camera_center_x,camera_center_y,camera_center_z,c2w_r00,c2w_r01,c2w_r02,c2w_r10,c2w_r11,c2w_r12,c2w_r20,c2w_r21,c2w_r22,fx,fy,cx,cy,width,height,k1,k2,k3,p1,p2,error
courtyard,ground_truth,DSC_0323.png,DSC_0323,,,True,15.494032859802246,-6.723348617553711,1.7360749244689941,0.07267044484615326,-0.37611255049705505,-0.9237198829650879,0.9966371059417725,-0.007773709949105978,0.08157218992710114,-0.03786105290055275,-0.9265413880348206,0.3742828071117401,3411.42,3410.02,3116.72,2062.52,6198,4129,,,,,,
courtyard,ground_truth,DSC_0322.png,DSC_0322,,,True,14.746809005737305,-6.422967433929443,1.7301428318023682,0.9807316660881042,-0.0863933339715004,-0.17521893978118896,0.19439345598220825,0.3424575626850128,0.9192029237747192,-0.019407955929636955,-0.9355527758598328,0.35265329480171204,3409.58,3409.44,3115.16,2064.73,6205,4135,,,,,,
courtyard,ground_truth,DSC_0321.png,DSC_0321,,,True,12.427643775939941,-6.916646957397461,1.7357102632522583,0.9948617815971375,-0.051596660166978836,-0.08710765093564987,0.09975145012140274,0.35245364904403687,0.9304977655410767,-0.017309164628386497,-0.9344058036804199,0.35578951239585876,3409.58,3409.44,3115.16,2064.73,6205,4135,,,,,,
courtyard,ground_truth,DSC_0320.png,DSC_0320,,,True,9.846260070800781,-7.18733549118042,1.7952955961227417,0.9899824857711792,-0.08551446348428726,-0.11234776675701141,0.1356828212738037,0.35613250732421875,0.9245321750640869,-0.039050184190273285,-0.9305143356323242,0.3641677796840668,3409.58,3409.44,3115.16,2064.73,6205,4135,,,,,,
courtyard,ground_truth,DSC_0319.png,DSC_0319,,,True,7.568711280822754,-7.13115930557251,1.7894325256347656,0.7875611782073975,-0.19205163419246674,-0.585545539855957,0.6160842180252075,0.2665061354637146,0.7412251234054565,0.013697982765734196,-0.944505512714386,0.32820987701416016,3409.58,3409.44,3115.16,2064.73,6205,4135,,,,,,
courtyard,ground_truth,DSC_0318.png,DSC_0318,,,True,10.011117935180664,-5.501626491546631,1.7707090377807617,0.2743721902370453,-0.09886295348405838,-0.9565280675888062,0.9610722661018372,0.06186820566654205,0.26928117871284485,0.03255673870444298,-0.9931759238243103,0.11198935657739639,3408.35,3408.8,3114.7,2070.92,6208,4134,,,,,,
courtyard,ground_truth,DSC_0317.png,DSC_0317,,,True,13.562606811523438,-1.542907953262329,1.639983057975769,-0.15277208387851715,-0.11725356429815292,-0.9812809824943542,0.986981213092804,0.03242182359099388,-0.15753361582756042,0.050286296755075455,-0.9925726652145386,0.11077392101287842,3408.35,3408.8,3114.7,2070.92,6208,4134,,,,,,
courtyard,ground_truth,DSC_0316.png,DSC_0316,,,True,13.665030479431152,0.600315511226654,1.656482458114624,0.7480742931365967,-0.027626164257526398,-0.6630396842956543,0.6617206931114197,0.10649292916059494,0.7421489357948303,0.05010630935430527,-0.9939295649528503,0.09794542193412781,3408.35,3408.8,3114.7,2070.92,6208,4134,,,,,,
courtyard,ground_truth,DSC_0315.png,DSC_0315,,,True,11.959098815917969,0.06610649824142456,1.6929460763931274,0.517673909664154,-0.07795007526874542,-0.852019727230072,0.8551390171051025,0.07903917878866196,0.5123379230499268,0.02740616351366043,-0.9938192367553711,0.10757467150688171,3409.58,3409.44,3115.16,2064.73,6205,4135,,,,,,
courtyard,ground_truth,DSC_0314.png,DSC_0314,,,True,11.204791069030762,0.5244949460029602,1.722659707069397,0.5609301924705505,-0.3417702317237854,-0.7540228366851807,0.8265742063522339,0.18040591478347778,0.5331311225891113,-0.0461781769990921,-0.922305166721344,0.3836935758590698,3409.58,3409.44,3115.16,2064.73,6205,4135,,,,,,
courtyard,ground_truth,DSC_0313.png,DSC_0313,,,True,11.153732299804688,-0.6026893258094788,1.7201120853424072,-0.11268498003482819,-0.3846118152141571,-0.9161745309829712,0.9932125210762024,-0.07034837454557419,-0.09262789040803909,-0.028825607150793076,-0.9203938245773315,0.3899284601211548,3409.58,3409.44,3115.16,2064.73,6205,4135,,,,,,
courtyard,ground_truth,DSC_0312.png,DSC_0312,,,True,11.65752124786377,-2.4962284564971924,1.709305763244629,-0.0935513898730278,-0.3894813656806946,-0.916270911693573,0.9951159954071045,-0.065697580575943,-0.0736752599477768,-0.0315016433596611,-0.9186882376670837,0.3937252461910248,3409.58,3409.44,3115.16,2064.73,6205,4135,,,,,,
courtyard,ground_truth,DSC_0311.png,DSC_0311,,,True,12.731249809265137,-3.6231462955474854,1.6926943063735962,-0.5820241570472717,-0.3052127957344055,-0.7537194490432739,0.8129082322120667,-0.24196495115756989,-0.5297481417655945,-0.020687777549028397,-0.9210309982299805,0.3889394700527191,3409.58,3409.44,3115.16,2064.73,6205,4135,,,,,,
courtyard,ground_truth,DSC_0310.png,DSC_0310,,,True,4.095818996429443,-5.874514102935791,1.677506685256958,-0.23856525123119354,-0.11052656918764114,-0.9648162722587585,0.9711061716079712,-0.03358129411935806,-0.23627352714538574,-0.006285278592258692,-0.9933056831359863,0.11534435302019119,3409.58,3409.44,3115.16,2064.73,6205,4135,,,,,,
courtyard,ground_truth,DSC_0309.png,DSC_0309,,,True,4.598720550537109,-5.397712230682373,1.690247654914856,-0.8209792375564575,-0.1324230581521988,-0.5553892254829407,0.5686686635017395,-0.2766697406768799,-0.7746416926383972,-0.051078978925943375,-0.9517972469329834,0.3024449348449707,3408.35,3408.8,3114.7,2070.92,6208,4134,,,,,,
courtyard,ground_truth,DSC_0308.png,DSC_0308,,,True,5.298655986785889,-5.027127742767334,1.712168574333191,-0.9967765212059021,0.07973187416791916,0.008908872492611408,-0.03345917537808418,-0.31220918893814087,-0.9494240283966064,-0.07291792333126068,-0.9466615915298462,0.31387054920196533,3408.35,3408.8,3114.7,2070.92,6208,4134,,,,,,
courtyard,ground_truth,DSC_0298.png,DSC_0298,,,True,4.234205722808838,1.4622803926467896,1.693793773651123,0.9944847226142883,0.03848741576075554,-0.09756474941968918,0.10171535611152649,-0.12707272171974182,0.9866642951965332,0.02557634375989437,-0.9911463856697083,-0.13028664886951447,3408.35,3408.8,3114.7,2070.92,6208,4134,,,,,,
courtyard,ground_truth,DSC_0299.png,DSC_0299,,,True,4.728955268859863,1.3912529945373535,1.706807017326355,0.9253072142601013,-0.02190416306257248,0.3785851299762726,-0.3783687353134155,-0.12011392414569855,0.9178288578987122,0.02536907233297825,-0.9925184845924377,-0.11943013221025467,3408.35,3408.8,3114.7,2070.92,6208,4134,,,,,,
courtyard,ground_truth,DSC_0300.png,DSC_0300,,,True,5.183332443237305,1.059511423110962,1.7194702625274658,0.5738755464553833,-0.07861167192459106,0.8151606917381287,-0.8188052773475647,-0.07329797744750977,0.5693727135658264,0.014990288764238358,-0.9942070245742798,-0.10643158107995987,3408.35,3408.8,3114.7,2070.92,6208,4134,,,,,,
courtyard,ground_truth,DSC_0301.png,DSC_0301,,,True,5.4383931159973145,0.43848809599876404,1.7233359813690186,0.10125122219324112,-0.09991291910409927,0.9898310899734497,-0.9948351383209229,-0.0030091453809291124,0.10145935416221619,-0.007158554159104824,-0.9949916005134583,-0.09970156103372574,3408.35,3408.8,3114.7,2070.92,6208,4134,,,,,,
courtyard,ground_truth,DSC_0302.png,DSC_0302,,,True,5.046741962432861,0.3804486095905304,1.7257941961288452,0.28119710087776184,0.32842743396759033,0.9017004370689392,-0.9591737389564514,0.12578824162483215,0.25330427289009094,-0.030231241136789322,-0.9361157417297363,0.35039022564888,3409.58,3409.44,3115.16,2064.73,6205,4135,,,,,,
courtyard,ground_truth,DSC_0303.png,DSC_0303,,,True,5.3208723068237305,-0.3622635006904602,1.7298946380615234,0.15575480461120605,0.34522566199302673,0.9255051016807556,-0.9873883128166199,0.08132132887840271,0.13583530485630035,-0.028369471430778503,-0.9349899291992188,0.35353797674179077,3409.58,3409.44,3115.16,2064.73,6205,4135,,,,,,
courtyard,ground_truth,DSC_0304.png,DSC_0304,,,True,5.621366024017334,-1.1796600818634033,1.7360082864761353,0.11865942180156708,0.3506981134414673,0.9289407134056091,-0.9926612973213196,0.06386350095272064,0.10268881171941757,-0.023312631994485855,-0.9343084096908569,0.3557024598121643,3409.58,3409.44,3115.16,2064.73,6205,4135,,,,,,
courtyard,ground_truth,DSC_0305.png,DSC_0305,,,True,5.792452335357666,-2.0572640895843506,1.741862177848816,0.03633913770318031,0.35209837555885315,0.9352572560310364,-0.9987865686416626,0.043925803154706955,0.022270703688263893,-0.03324044868350029,-0.9349316954612732,0.3532673418521881,3409.58,3409.44,3115.16,2064.73,6205,4135,,,,,,
courtyard,ground_truth,DSC_0306.png,DSC_0306,,,True,5.8860297203063965,-3.120251417160034,1.7388277053833008,-0.5026421546936035,0.3211299777030945,0.8026371598243713,-0.8628841042518616,-0.12972179055213928,-0.48847025632858276,-0.052742909640073776,-0.9381086230278015,0.342301607131958,3409.58,3409.44,3115.16,2064.73,6205,4135,,,,,,
courtyard,ground_truth,DSC_0307.png,DSC_0307,,,True,5.7495317459106445,-4.249086380004883,1.7260607481002808,-0.7684444785118103,0.25577473640441895,0.5865768194198608,-0.6376376748085022,-0.22876441478729248,-0.7355848550796509,-0.05395611748099327,-0.9392796158790588,0.3388843536376953,3409.58,3409.44,3115.16,2064.73,6205,4135,,,,,,
courtyard,ground_truth,DSC_0297.png,DSC_0297,,,True,3.800384044647217,1.3086421489715576,1.684043288230896,0.806271493434906,0.09519018232822418,-0.583836555480957,0.5910319089889526,-0.08850545436143875,0.8017780780792236,0.02464868128299713,-0.9915168285369873,-0.12761986255645752,3407.41,3408.08,3112.83,2065.6,6200,4134,,,,,,
courtyard,ground_truth,DSC_0296.png,DSC_0296,,,True,3.3642520904541016,0.8453808426856995,1.6711575984954834,0.4399244487285614,0.12627136707305908,-0.8891130685806274,0.8977925777435303,-0.03884517773985863,0.43870219588279724,0.02085776999592781,-0.9912348389625549,-0.1304544359445572,3407.41,3408.08,3112.83,2065.6,6200,4134,,,,,,
courtyard,ground_truth,DSC_0286.png,DSC_0286,,,True,4.0866193771362305,-5.593053340911865,1.6628633737564087,-0.1401389092206955,0.1516079604625702,-0.9784560203552246,0.9901272058486938,0.018426023423671722,-0.1389554738998413,-0.0030377015937119722,-0.9882689118385315,-0.15269336104393005,3409.58,3409.44,3115.16,2064.73,6205,4135,,,,,,
courtyard,ground_truth,DSC_0287.png,DSC_0287,,,True,3.9902000427246094,-4.8457722663879395,1.6552857160568237,-0.09443073719739914,0.15829043090343475,-0.9828667044639587,0.9954811334609985,0.005088003817945719,-0.09482327103614807,-0.010008786804974079,-0.9873794913291931,-0.1580556035041809,3409.58,3409.44,3115.16,2064.73,6205,4135,,,,,,
courtyard,ground_truth,DSC_0288.png,DSC_0288,,,True,3.8792662620544434,-4.2716240882873535,1.6456512212753296,-0.053611695766448975,0.1620723456144333,-0.9853214025497437,0.9985198378562927,-0.0003506590146571398,-0.05438750237226486,-0.009160222485661507,-0.9867788553237915,-0.1618136614561081,3409.58,3409.44,3115.16,2064.73,6205,4135,,,,,,
courtyard,ground_truth,DSC_0289.png,DSC_0289,,,True,3.821547746658325,-3.7032885551452637,1.6412112712860107,-0.062022414058446884,0.16599442064762115,-0.9841743111610413,0.9980747103691101,0.01020716316998005,-0.0611768402159214,-0.00010938636842183769,-0.9860738515853882,-0.16630791127681732,3409.58,3409.44,3115.16,2064.73,6205,4135,,,,,,
courtyard,ground_truth,DSC_0290.png,DSC_0290,,,True,3.684786319732666,-3.0260119438171387,1.6361362934112549,-0.055469293147325516,0.16887423396110535,-0.9840755462646484,0.9984596967697144,0.008213428780436516,-0.0548706017434597,-0.0011835964396595955,-0.985603392124176,-0.16906970739364624,3409.58,3409.44,3115.16,2064.73,6205,4135,,,,,,
courtyard,ground_truth,DSC_0291.png,DSC_0291,,,True,3.5509204864501953,-2.481537342071533,1.6317713260650635,-0.15080809593200684,0.17221061885356903,-0.9734477400779724,0.9885630011558533,0.025919323787093163,-0.1485644429922104,-0.000353270850609988,-0.9847190976142883,-0.17414988577365875,3409.58,3409.44,3115.16,2064.73,6205,4135,,,,,,
courtyard,ground_truth,DSC_0292.png,DSC_0292,,,True,3.4511313438415527,-1.9827611446380615,1.6310155391693115,-0.19829730689525604,0.16560903191566467,-0.9660495519638062,0.9801375865936279,0.030588041990995407,-0.19594542682170868,-0.002900767372921109,-0.9857169985771179,-0.16838517785072327,3409.58,3409.44,3115.16,2064.73,6205,4135,,,,,,
courtyard,ground_truth,DSC_0293.png,DSC_0293,,,True,3.348087787628174,-1.1213825941085815,1.6376221179962158,-0.1882597655057907,0.15529228746891022,-0.9697641730308533,0.9820263981819153,0.04334351792931557,-0.18369945883750916,0.013505883514881134,-0.98691725730896,-0.16066096723079681,3408.35,3408.8,3114.7,2070.92,6208,4134,,,,,,
courtyard,ground_truth,DSC_0294.png,DSC_0294,,,True,3.3037359714508057,-0.5126322507858276,1.6451367139816284,-0.03447472304105759,0.15310129523277283,-0.9876089692115784,0.9993323087692261,0.01724947616457939,-0.03220989927649498,0.012104358524084091,-0.988059937953949,-0.1535937339067459,3408.35,3408.8,3114.7,2070.92,6208,4134,,,,,,
courtyard,ground_truth,DSC_0295.png,DSC_0295,,,True,3.2617080211639404,0.06546317785978317,1.6548432111740112,-0.06772436201572418,0.1473478525876999,-0.9867634177207947,0.9975109696388245,0.02945726178586483,-0.06406331062316895,0.019627755507826805,-0.9886459708213806,-0.14897607266902924,3408.35,3408.8,3114.7,2070.92,6208,4134,,,,,,
delivery_area,ground_truth,DSC_0696.png,DSC_0696,,,True,-0.7135465145111084,4.119321346282959,-3.469395637512207,-0.1497124284505844,0.0575505830347538,-0.9870532155036926,0.988671064376831,-0.0021441923454403877,-0.15008282661437988,-0.010753786191344261,-0.9983402490615845,-0.05657758563756943,3408.59,3408.87,3117.24,2064.07,6208,4135,,,,,,
delivery_area,ground_truth,DSC_0695.png,DSC_0695,,,True,-0.8931485414505005,4.8816022872924805,-3.4706180095672607,-0.11602543294429779,0.05697618052363396,-0.9916107058525085,0.9931986927986145,-0.0031167950946837664,-0.11639032512903214,-0.009722122922539711,-0.9983707070350647,-0.05622703582048416,3408.59,3408.87,3117.24,2064.07,6208,4135,,,,,,
delivery_area,ground_truth,DSC_0694.png,DSC_0694,,,True,-0.9467289447784424,5.50911283493042,-3.4719583988189697,-0.0471632219851017,0.05862167850136757,-0.9971655607223511,0.9988264441490173,-0.008242839016020298,-0.04772636294364929,-0.011017274111509323,-0.9982462525367737,-0.05816412344574928,3408.59,3408.87,3117.24,2064.07,6208,4135,,,,,,
delivery_area,ground_truth,DSC_0693.png,DSC_0693,,,True,-1.0933092832565308,6.133741855621338,-3.4716718196868896,0.22035640478134155,0.054386477917432785,-0.9739019870758057,0.9754049181938171,-0.017730753868818283,0.21970629692077637,-0.005318966694176197,-0.9983624815940857,-0.05695592612028122,3408.59,3408.87,3117.24,2064.07,6208,4135,,,,,,
delivery_area,ground_truth,DSC_0692.png,DSC_0692,,,True,-1.2111693620681763,6.832155227661133,-3.4737730026245117,0.5735158324241638,0.04389220476150513,-0.8180177211761475,0.8191168904304504,-0.044471222907304764,0.5719002485275269,-0.011276288889348507,-0.9980459809303284,-0.0614577978849411,3408.59,3408.87,3117.24,2064.07,6208,4135,,,,,,
delivery_area,ground_truth,DSC_0691.png,DSC_0691,,,True,-0.9936488270759583,7.344247341156006,-3.477034568786621,0.8233213424682617,0.026873508468270302,-0.5669389367103577,0.5675268173217773,-0.0520503968000412,0.8217080235481262,-0.0074272193014621735,-0.9982828497886658,-0.05810564383864403,3408.59,3408.87,3117.24,2064.07,6208,4135,,,,,,
delivery_area,ground_truth,DSC_0690.png,DSC_0690,,,True,-0.5964601635932922,7.5531086921691895,-3.4781031608581543,0.9730848670005798,0.008034494705498219,-0.230306938290596,0.230367511510849,-0.06016821041703224,0.9712417721748352,-0.00605371966958046,-0.998155951499939,-0.06039966270327568,3408.59,3408.87,3117.24,2064.07,6208,4135,,,,,,
delivery_area,ground_truth,DSC_0689.png,DSC_0689,,,True,-0.16424021124839783,7.651598930358887,-3.478156089782715,0.9982195496559143,-0.008678870275616646,0.05901123955845833,-0.05943126976490021,-0.06084301322698593,0.9963764548301697,-0.005057001020759344,-0.9981095790863037,-0.061250485479831696,3408.59,3408.87,3117.24,2064.07,6208,4135,,,,,,
delivery_area,ground_truth,DSC_0688.png,DSC_0688,,,True,0.2645186185836792,7.662521839141846,-3.4768869876861572,0.9396523237228394,-0.021658971905708313,0.3414445221424103,-0.34213075041770935,-0.05884937569499016,0.9378076791763306,-0.0002181527524953708,-0.9980319142341614,-0.06270815432071686,3408.59,3408.87,3117.24,2064.07,6208,4135,,,,,,
delivery_area,ground_truth,DSC_0687.png,DSC_0687,,,True,0.842038094997406,7.793247222900391,-3.4772825241088867,0.9495961666107178,-0.021142879500985146,0.312762051820755,-0.31347212195396423,-0.05915898457169533,0.947752833366394,-0.0015355391660705209,-0.9980246424674988,-0.06280485540628433,3408.59,3408.87,3117.24,2064.07,6208,4135,,,,,,
delivery_area,ground_truth,DSC_0686.png,DSC_0686,,,True,1.3764746189117432,7.7123236656188965,-3.4788146018981934,0.8860448598861694,-0.036514244973659515,0.46215930581092834,-0.4634961485862732,-0.04872196167707443,0.884758472442627,-0.009788980707526207,-0.9981446862220764,-0.06009405106306076,3408.59,3408.87,3117.24,2064.07,6208,4135,,,,,,
delivery_area,ground_truth,DSC_0685.png,DSC_0685,,,True,1.7734591960906982,7.395671367645264,-3.477205276489258,0.7503448128700256,-0.04904459789395332,0.6592247486114502,-0.6609452962875366,-0.03819951415061951,0.7494612336158752,-0.011574962176382542,-0.9980658292770386,-0.06107860058546066,3408.59,3408.87,3117.24,2064.07,6208,4135,,,,,,
delivery_area,ground_truth,DSC_0675.png,DSC_0675,,,True,1.7639551162719727,0.2699792981147766,-3.469275951385498,0.0031447005458176136,0.16968150436878204,0.9854938983917236,-0.9999464750289917,0.010246572084724903,0.0014265725621953607,-0.009855872020125389,-0.9854456782341003,0.1697046458721161,3408.59,3408.87,3117.24,2064.07,6208,4135,,,,,,
delivery_area,ground_truth,DSC_0676.png,DSC_0676,,,True,1.7885382175445557,1.001219630241394,-3.4666571617126465,0.035567402839660645,0.1662488579750061,0.9854421615600586,-0.9993197917938232,0.015527937561273575,0.03344864770770073,-0.009741084650158882,-0.9859615564346313,0.16668808460235596,3408.59,3408.87,3117.24,2064.07,6208,4135,,,,,,
delivery_area,ground_truth,DSC_0677.png,DSC_0677,,,True,1.8053913116455078,1.6992202997207642,-3.463855266571045,0.04915483668446541,0.16426463425159454,0.9851908087730408,-0.9987702965736389,0.01446675043553114,0.04742027074098587,-0.006463035941123962,-0.9863101840019226,0.16477374732494354,3408.59,3408.87,3117.24,2064.07,6208,4135,,,,,,
delivery_area,ground_truth,DSC_0678.png,DSC_0678,,,True,1.7875028848648071,2.419464588165283,-3.4597201347351074,0.08443734049797058,0.1618346869945526,0.9831987619400024,-0.9963730573654175,0.024145273491740227,0.08159442991018295,-0.010534795932471752,-0.9865224361419678,0.163286492228508,3408.59,3408.87,3117.24,2064.07,6208,4135,,,,,,
delivery_area,ground_truth,DSC_0679.png,DSC_0679,,,True,1.807590365409851,3.143026351928711,-3.4562175273895264,0.07780107110738754,0.16162307560443878,0.9837809205055237,-0.9969394207000732,0.020196791738271713,0.07552361488342285,-0.007662859279662371,-0.9866458773612976,0.16269975900650024,3408.59,3408.87,3117.24,2064.07,6208,4135,,,,,,
delivery_area,ground_truth,DSC_0680.png,DSC_0680,,,True,1.807073712348938,3.85215163230896,-3.4547102451324463,0.020534435287117958,0.16662374138832092,0.9858067035675049,-0.9997816681861877,0.007225753739476204,0.019604219123721123,-0.0038566680159419775,-0.9859940409660339,0.16673573851585388,3408.59,3408.87,3117.24,2064.07,6208,4135,,,,,,
delivery_area,ground_truth,DSC_0681.png,DSC_0681,,,True,1.7971901893615723,4.388240814208984,-3.454310417175293,0.07777192443609238,0.16249190270900726,0.9836401343345642,-0.9969302415847778,0.02161620371043682,0.07525182515382767,-0.00903475284576416,-0.9864730834960938,0.16367420554161072,3408.59,3408.87,3117.24,2064.07,6208,4135,,,,,,
delivery_area,ground_truth,DSC_0682.png,DSC_0682,,,True,1.8307889699935913,5.1470627784729,-3.457655906677246,0.3232794404029846,0.153193861246109,0.9338212013244629,-0.946296215057373,0.056209586560726166,0.31837695837020874,-0.0037163079250603914,-0.9865962266921997,0.16313818097114563,3408.59,3408.87,3117.24,2064.07,6208,4135,,,,,,
delivery_area,ground_truth,DSC_0683.png,DSC_0683,,,True,1.8913931846618652,6.041327953338623,-3.460930109024048,0.3424862027168274,0.1531708687543869,0.9269530177116394,-0.9395009875297546,0.06256663799285889,0.3367837965488434,-0.006410866975784302,-0.9862170219421387,0.1653323918581009,3408.59,3408.87,3117.24,2064.07,6208,4135,,,,,,
delivery_area,ground_truth,DSC_0684.png,DSC_0684,,,True,1.8624203205108643,6.791683673858643,-3.463667869567871,0.24534624814987183,0.1568727195262909,0.9566588997840881,-0.9694353938102722,0.03919625282287598,0.24219554662704468,0.0004964323015883565,-0.9868407249450684,0.16169461607933044,3408.59,3408.87,3117.24,2064.07,6208,4135,,,,,,
delivery_area,ground_truth,DSC_0709.png,DSC_0709,,,True,1.5030263662338257,1.2935595512390137,-3.4721972942352295,-0.9986891150474548,-0.008686533197760582,-0.05044370889663696,0.051174212247133255,-0.14814552664756775,-0.9876406788825989,0.0011061637196689844,-0.98892742395401,0.1483958512544632,3408.59,3408.87,3117.24,2064.07,6208,4135,,,,,,
delivery_area,ground_truth,DSC_0710.png,DSC_0710,,,True,0.370467871427536,1.704787254333496,-3.4677746295928955,-0.9939199686050415,-0.011247514747083187,-0.10952890664339066,0.10993258655071259,-0.1570039689540863,-0.9814603924751282,-0.0061574820429086685,-0.9875339269638062,0.15728583931922913,3408.59,3408.87,3117.24,2064.07,6208,4135,,,,,,
delivery_area,ground_truth,DSC_0711.png,DSC_0711,,,True,1.0870040655136108,3.1041176319122314,-3.578249931335449,0.9996827840805054,-0.02488056942820549,0.0039008031599223614,0.008345727808773518,0.4734176993370056,0.8807985186576843,-0.023761479184031487,-0.8804866075515747,0.4734751880168915,3408.87,3408.59,2070.93,3117.24,4135,6208,,,,,,
delivery_area,ground_truth,DSC_0712.png,DSC_0712,,,True,2.225156307220459,3.1498231887817383,-3.5829553604125977,0.9993671178817749,-0.03537411615252495,0.003755575278773904,0.013600568287074566,0.4775051772594452,0.8785236477851868,-0.032870300114154816,-0.8779165148735046,0.4776840806007385,3408.87,3408.59,2070.93,3117.24,4135,6208,,,,,,
delivery_area,ground_truth,DSC_0713.png,DSC_0713,,,True,3.1108994483947754,3.3558902740478516,-3.5833523273468018,0.9754958748817444,-0.13100890815258026,-0.1767612248659134,0.2177332192659378,0.4593471884727478,0.8611575961112976,-0.03162454441189766,-0.8785424828529358,0.4766162633895874,3408.87,3408.59,2070.93,3117.24,4135,6208,,,,,,
delivery_area,ground_truth,DSC_0714.png,DSC_0714,,,True,3.5631868839263916,3.567671537399292,-3.583465814590454,0.9755856394767761,-0.13147661089897156,-0.1759164035320282,0.21725641191005707,0.4605713188648224,0.8606240153312683,-0.03212988004088402,-0.8778313994407654,0.47789090871810913,3408.87,3408.59,2070.93,3117.24,4135,6208,,,,,,
delivery_area,ground_truth,DSC_0715.png,DSC_0715,,,True,1.4282687902450562,-0.9698346257209778,-3.485039234161377,-0.01998290978372097,-0.12347791343927383,-0.9921461343765259,0.9996740818023682,-0.018234359100461006,-0.017865166068077087,-0.01588519476354122,-0.992179811000824,0.123802050948143,3408.59,3408.87,3117.24,2064.07,6208,4135,,,,,,
delivery_area,ground_truth,DSC_0716.png,DSC_0716,,,True,1.4093871116638184,-2.3691771030426025,-3.475647211074829,-0.04210173338651657,-0.12721742689609528,-0.9909809231758118,0.9989044666290283,-0.025639036670327187,-0.03914694860577583,-0.02042762190103531,-0.9915434122085571,0.12815752625465393,3408.59,3408.87,3117.24,2064.07,6208,4135,,,,,,
delivery_area,ground_truth,DSC_0717.png,DSC_0717,,,True,1.3982945680618286,-3.258817434310913,-3.4696054458618164,-0.040894441306591034,-0.1327139437198639,-0.9903103709220886,0.9990990161895752,-0.016685746610164642,-0.03902127221226692,-0.011345403268933296,-0.9910138845443726,0.13327673077583313,3408.59,3408.87,3117.24,2064.07,6208,4135,,,,,,
delivery_area,ground_truth,DSC_0718.png,DSC_0718,,,True,1.1427431106567383,-0.44994956254959106,-3.4834280014038086,-0.10224601626396179,-0.12102242559194565,-0.9873698949813843,0.9946762323379517,-0.025253670290112495,-0.09990725666284561,-0.012843696400523186,-0.9923285245895386,0.12296020984649658,3408.59,3408.87,3117.24,2064.07,6208,4135,,,,,,
delivery_area,ground_truth,DSC_0708.png,DSC_0708,,,True,2.1513004302978516,1.4980701208114624,-3.4771010875701904,-0.22658848762512207,-0.05207177624106407,0.9725976586341858,-0.9739425182342529,0.02203049696981907,-0.2257223129272461,-0.009673048742115498,-0.9984002709388733,-0.055706772953271866,3408.59,3408.87,3117.24,2064.07,6208,4135,,,,,,
delivery_area,ground_truth,DSC_0707.png,DSC_0707,,,True,2.309353828430176,1.1055734157562256,-3.4786031246185303,-0.589293360710144,-0.03689275309443474,0.8070763945579529,-0.8078194856643677,0.04259573295712471,-0.5878888368606567,-0.012689173221588135,-0.9984109997749329,-0.054904066026210785,3408.59,3408.87,3117.24,2064.07,6208,4135,,,,,,
delivery_area,ground_truth,DSC_0706.png,DSC_0706,,,True,2.450334310531616,0.377362459897995,-3.481726884841919,-0.8786574602127075,-0.021258270367980003,0.47697919607162476,-0.4774148762226105,0.05168640613555908,-0.8771565556526184,-0.006006509065628052,-0.9984370470046997,-0.05556366220116615,3408.59,3408.87,3117.24,2064.07,6208,4135,,,,,,
delivery_area,ground_truth,DSC_0705.png,DSC_0705,,,True,2.0038511753082275,-0.18096165359020233,-3.4868927001953125,-0.9995934367179871,0.01397311594337225,-0.024853644892573357,0.025648273527622223,0.05990239232778549,-0.9978746771812439,-0.012454625219106674,-0.9981064796447754,-0.06023642048239708,3408.59,3408.87,3117.24,2064.07,6208,4135,,,,,,
delivery_area,ground_truth,DSC_0704.png,DSC_0704,,,True,1.1745450496673584,-0.13433712720870972,-3.4857099056243896,-0.9844393134117126,0.011267310008406639,-0.17536325752735138,0.17572249472141266,0.057948675006628036,-0.9827326536178589,-0.0009106857469305396,-0.9982559680938721,-0.05902687460184097,3408.59,3408.87,3117.24,2064.07,6208,4135,,,,,,
delivery_area,ground_truth,DSC_0703.png,DSC_0703,,,True,0.6236019134521484,-0.17362970113754272,-3.483400821685791,-0.867851972579956,0.029065826907753944,-0.4959719181060791,0.4968225657939911,0.04969627410173416,-0.8664280772209167,-0.000535491737537086,-0.9983413219451904,-0.05756957083940506,3408.59,3408.87,3117.24,2064.07,6208,4135,,,,,,
delivery_area,ground_truth,DSC_0702.png,DSC_0702,,,True,0.07476316392421722,-0.20018912851810455,-3.483511209487915,-0.4555788040161133,0.046708639711141586,-0.8889692425727844,0.8901947140693665,0.025196293368935585,-0.45488297939300537,0.0011517648817971349,-0.9985907673835754,-0.0530586801469326,3408.59,3408.87,3117.24,2064.07,6208,4135,,,,,,
delivery_area,ground_truth,DSC_0701.png,DSC_0701,,,True,-0.15239763259887695,0.4329167306423187,-3.479994773864746,-0.4283086061477661,0.05216848850250244,-0.9021254181861877,0.9036325216293335,0.02468419075012207,-0.42759671807289124,-3.88368935091421e-05,-0.998333215713501,-0.057713594287633896,3408.59,3408.87,3117.24,2064.07,6208,4135,,,,,,
delivery_area,ground_truth,DSC_0700.png,DSC_0700,,,True,-0.4203931987285614,1.1837691068649292,-3.475402355194092,-0.20867027342319489,0.0498819500207901,-0.9767131209373474,0.9779822826385498,0.007883735001087189,-0.20853880047798157,-0.002702174475416541,-0.9987240433692932,-0.05042876675724983,3408.59,3408.87,3117.24,2064.07,6208,4135,,,,,,
delivery_area,ground_truth,DSC_0699.png,DSC_0699,,,True,-0.45615366101264954,1.8049354553222656,-3.4735043048858643,-0.1273624151945114,0.05498078092932701,-0.99033123254776,0.9918556809425354,0.005956440698355436,-0.1272277981042862,-0.001096234074793756,-0.9984696507453918,-0.05529162660241127,3408.59,3408.87,3117.24,2064.07,6208,4135,,,,,,
delivery_area,ground_truth,DSC_0698.png,DSC_0698,,,True,-0.4463936388492584,2.573486566543579,-3.471595048904419,-0.12212610244750977,0.056653041392564774,-0.9908963441848755,0.9925055503845215,0.0027017088141292334,-0.12216995656490326,-0.004244185518473387,-0.998390257358551,-0.05655840039253235,3408.59,3408.87,3117.24,2064.07,6208,4135,,,,,,
delivery_area,ground_truth,DSC_0697.png,DSC_0697,,,True,-0.5991671085357666,3.3665482997894287,-3.4707655906677246,-0.3006456792354584,0.05624449625611305,-0.9520760178565979,0.9537261724472046,0.01321891788393259,-0.30038586258888245,-0.004309636540710926,-0.9983295202255249,-0.057616058737039566,3408.59,3408.87,3117.24,2064.07,6208,4135,,,,,,
electro,ground_truth,DSC_9278.png,DSC_9278,,,True,3.4006731510162354,0.9782459139823914,-3.4397337436676025,-0.47283935546875,-0.04779821261763573,-0.8798512816429138,0.8806215524673462,-0.06016622856259346,-0.469984769821167,-0.030472898855805397,-0.9970433115959167,0.07054109871387482,3408.91,3408.38,3115.92,2064.56,6205,4134,,,,,,
electro,ground_truth,DSC_9277.png,DSC_9277,,,True,5.628854751586914,2.0224947929382324,-3.436655044555664,-0.48594969511032104,-0.05423850193619728,-0.8723021745681763,0.87367844581604,-0.05665649473667145,-0.483193576335907,-0.023213889449834824,-0.9969193339347839,0.0749192088842392,3408.91,3408.38,3115.92,2064.56,6205,4134,,,,,,
electro,ground_truth,DSC_9276.png,DSC_9276,,,True,6.143791198730469,2.318105936050415,-3.43550181388855,-0.8492411375045776,0.06473425030708313,0.5240219235420227,-0.5264766216278076,-0.028353137895464897,-0.8497166633605957,-0.04014810919761658,-0.9974997043609619,0.0581597201526165,3408.95,3408.5,3112.19,2061.79,6198,4130,,,,,,
electro,ground_truth,DSC_9275.png,DSC_9275,,,True,5.875046730041504,2.5027711391448975,-3.4311959743499756,0.47077882289886475,0.04003376141190529,0.8813425302505493,-0.880409836769104,0.08582722395658493,0.46638208627700806,-0.05697214975953102,-0.9955053925514221,0.07565175741910934,3408.91,3408.38,3115.92,2064.56,6205,4134,,,,,,
electro,ground_truth,DSC_9274.png,DSC_9274,,,True,5.754258155822754,2.4868295192718506,-3.429713249206543,0.8296701312065125,-0.08249463886022568,-0.552125096321106,0.557115912437439,0.0592341274023056,0.8283194303512573,-0.035627271980047226,-0.9948295950889587,0.09510387480258942,3404.55,3404.11,3113.61,2060.62,6198,4132,,,,,,
electro,ground_truth,DSC_9273.png,DSC_9273,,,True,6.937585353851318,3.3785476684570312,-3.4251036643981934,0.4879421591758728,-0.09329891204833984,-0.8678754568099976,0.8723642230033875,0.018084082752466202,0.48852184414863586,-0.02988382615149021,-0.9954738616943359,0.09021463245153427,3404.55,3404.11,3113.61,2060.62,6198,4132,,,,,,
electro,ground_truth,DSC_9272.png,DSC_9272,,,True,7.75031852722168,2.6689443588256836,-3.4390809535980225,0.7788337469100952,-0.07733622193336487,-0.6224444508552551,0.6264398694038391,0.04609932750463486,0.7781053185462952,-0.031481459736824036,-0.995938777923584,0.08435020595788956,3408.91,3408.38,3115.92,2064.56,6205,4134,,,,,,
electro,ground_truth,DSC_9271.png,DSC_9271,,,True,7.849531650543213,1.6003000736236572,-3.443525552749634,0.9991276860237122,-0.03684045001864433,-0.019661225378513336,0.022466888651251793,0.07735967636108398,0.9967501163482666,-0.035199735313653946,-0.9963223338127136,0.07811988890171051,3408.91,3408.38,3115.92,2064.56,6205,4134,,,,,,
electro,ground_truth,DSC_9270.png,DSC_9270,,,True,7.065364360809326,0.5127080082893372,-3.450944662094116,0.9963105320930481,-0.03721906989812851,0.07733048498630524,-0.07408196479082108,0.08191397041082382,0.9938822984695435,-0.043325819075107574,-0.9959442019462585,0.078854501247406,3409.18,3408.84,3115.05,2066.28,6203,4134,,,,,,
electro,ground_truth,DSC_9269.png,DSC_9269,,,True,6.087475776672363,-0.24070283770561218,-3.4516501426696777,0.9638818502426147,-0.02317708358168602,0.2653197944164276,-0.2622223198413849,0.09170672297477722,0.9606400728225708,-0.04659644514322281,-0.995516300201416,0.08231689780950546,3409.18,3408.84,3115.05,2066.28,6203,4134,,,,,,
electro,ground_truth,DSC_9268.png,DSC_9268,,,True,4.891241073608398,-1.010380506515503,-3.454429864883423,0.6934601068496704,0.025590894743800163,0.7200404405593872,-0.7190375924110413,0.08811410516500473,0.689362645149231,-0.04580431059002876,-0.9957816004753113,0.07950443029403687,3408.91,3408.38,3115.92,2064.56,6205,4134,,,,,,
electro,ground_truth,DSC_9267.png,DSC_9267,,,True,3.5600764751434326,-1.3896856307983398,-3.4569215774536133,0.32621026039123535,0.05203161761164665,0.9438641667366028,-0.9441993832588196,0.06604237109422684,0.32268545031547546,-0.04554518312215805,-0.9964592456817627,0.0706719234585762,3409.18,3408.84,3115.05,2066.28,6203,4134,,,,,,
electro,ground_truth,DSC_9257.png,DSC_9257,,,True,6.6328606605529785,2.7617859840393066,-3.4332284927368164,0.5964643359184265,-0.08776210993528366,-0.7978271245956421,0.8021612167358398,0.030869556590914726,0.5963090062141418,-0.027704764157533646,-0.995663046836853,0.088811956346035,3404.55,3404.11,3113.61,2060.62,6198,4132,,,,,,
electro,ground_truth,DSC_9258.png,DSC_9258,,,True,5.553106307983398,3.4044415950775146,-3.41395902633667,0.21264943480491638,-0.08409078419208527,-0.9735034108161926,0.9767284393310547,-0.010214071720838547,0.21423619985580444,-0.027958720922470093,-0.9964057803153992,0.07996184378862381,3408.91,3408.38,3115.92,2064.56,6205,4134,,,,,,
electro,ground_truth,DSC_9259.png,DSC_9259,,,True,4.359419822692871,3.3221895694732666,-3.4101874828338623,0.15888537466526031,-0.08294150978326797,-0.9838069677352905,0.9870827794075012,-0.007415733765810728,0.16003960371017456,-0.02056957595050335,-0.996526837348938,0.0806918814778328,3408.91,3408.38,3115.92,2064.56,6205,4134,,,,,,
electro,ground_truth,DSC_9260.png,DSC_9260,,,True,3.4266715049743652,3.0381503105163574,-3.41105318069458,-0.196868896484375,-0.06525738537311554,-0.9782556891441345,0.9801474809646606,-0.037042565643787384,-0.19477859139442444,-0.023526355624198914,-0.997180700302124,0.07125439494848251,3408.91,3408.38,3115.92,2064.56,6205,4134,,,,,,
electro,ground_truth,DSC_9261.png,DSC_9261,,,True,2.3955681324005127,2.7484567165374756,-3.4154653549194336,-0.6739898920059204,-0.027261581271886826,-0.7382373809814453,0.7381733059883118,-0.06400775909423828,-0.6715677380561829,-0.028944920748472214,-0.9975770115852356,0.06326434761285782,3408.91,3408.38,3115.92,2064.56,6205,4134,,,,,,
electro,ground_truth,DSC_9262.png,DSC_9262,,,True,1.5965412855148315,2.0972414016723633,-3.424391984939575,-0.866947591304779,0.0015170088736340404,-0.4983970820903778,0.4970669150352478,-0.07044179737567902,-0.864848256111145,-0.03641996532678604,-0.9975147247314453,0.06031528487801552,3409.18,3408.84,3115.05,2066.28,6203,4134,,,,,,
electro,ground_truth,DSC_9263.png,DSC_9263,,,True,1.0966708660125732,1.099145531654358,-3.4336764812469482,-0.9662600159645081,0.05742426961660385,0.25108587741851807,-0.2541400194168091,-0.05402645841240883,-0.9656572937965393,-0.04188688471913338,-0.9968869090080261,0.0667974129319191,3408.95,3408.5,3112.19,2061.79,6198,4130,,,,,,
electro,ground_truth,DSC_9264.png,DSC_9264,,,True,0.945806086063385,-0.046383533626794815,-3.4391064643859863,-0.8414275646209717,0.07283209264278412,0.5354391932487488,-0.5386485457420349,-0.03402014449238777,-0.8418434262275696,-0.04309749975800514,-0.9967638254165649,0.06785638630390167,3408.95,3408.5,3112.19,2061.79,6198,4130,,,,,,
electro,ground_truth,DSC_9265.png,DSC_9265,,,True,1.541632056236267,-0.8715189099311829,-3.449455738067627,-0.39591047167778015,0.08077923953533173,0.9147292971611023,-0.9173885583877563,0.009311171248555183,-0.39788374304771423,-0.04065794497728348,-0.9966884851455688,0.0704195648431778,3408.95,3408.5,3112.19,2061.79,6198,4130,,,,,,
electro,ground_truth,DSC_9266.png,DSC_9266,,,True,2.426682949066162,-1.3065438270568848,-3.4521257877349854,-0.0065338159911334515,0.07226212322711945,0.9973642826080322,-0.9990598559379578,0.04227480664849281,-0.009607863612473011,-0.04285766929388046,-0.9964893460273743,0.07191795855760574,3409.18,3408.84,3115.05,2066.28,6203,4134,,,,,,
electro,ground_truth,DSC_9279.png,DSC_9279,,,True,3.3259589672088623,1.102518916130066,-3.4388511180877686,0.8181570172309875,-0.0717676654458046,-0.5704984664916992,0.5742711424827576,0.05222349613904953,0.816997766494751,-0.02884059213101864,-0.9960532784461975,0.08394111692905426,3408.91,3408.38,3115.92,2064.56,6205,4134,,,,,,
electro,ground_truth,DSC_9294.png,DSC_9294,,,True,1.6691381931304932,1.356467366218567,-3.4273557662963867,0.6892220377922058,-0.30748119950294495,-0.6560702919960022,0.724528431892395,0.2994905114173889,0.6207769513130188,0.005609584506601095,-0.903194785118103,0.4291943609714508,3409.18,3408.84,3115.05,2066.28,6203,4134,,,,,,
electro,ground_truth,DSC_9295.png,DSC_9295,,,True,1.6460174322128296,1.3849921226501465,-3.430020809173584,0.7630108594894409,-0.11749185621738434,-0.6356178522109985,0.6463669538497925,0.13119636476039886,0.7516630291938782,-0.004923524800688028,-0.9843693971633911,0.17604708671569824,3408.91,3408.38,3115.92,2064.56,6205,4134,,,,,,
electro,ground_truth,DSC_9296.png,DSC_9296,,,True,1.3330278396606445,1.774488091468811,-3.426786422729492,0.669792115688324,-0.12481844425201416,-0.7319828271865845,0.7425467371940613,0.11482421308755875,0.6598785519599915,0.0016843379708006978,-0.9855129718780518,0.16959188878536224,3408.91,3408.38,3115.92,2064.56,6205,4134,,,,,,
electro,ground_truth,DSC_9297.png,DSC_9297,,,True,1.318373680114746,1.7997058629989624,-3.4364724159240723,0.7869760394096375,0.038864441215991974,-0.6157582998275757,0.6167199015617371,-0.020375505089759827,0.7869188785552979,0.018036775290966034,-0.9990367293357849,-0.04000350832939148,3408.91,3408.38,3115.92,2064.56,6205,4134,,,,,,
electro,ground_truth,DSC_9298.png,DSC_9298,,,True,1.4214587211608887,1.6579891443252563,-3.479937791824341,0.8265349268913269,-0.5559030771255493,-0.08838371932506561,0.5627850294113159,0.8191016316413879,0.11111048609018326,0.010628584772348404,-0.14157773554325104,0.9898700714111328,3398.23,3396.19,3109.28,2056.78,6192,4121,,,,,,
electro,ground_truth,DSC_9299.png,DSC_9299,,,True,1.3058027029037476,1.5393508672714233,-3.433075428009033,0.9819033741950989,0.014270003885030746,0.18884436786174774,-0.18937447667121887,0.08331235498189926,0.9783641695976257,-0.0017718089511618018,-0.9964213371276855,0.0845070481300354,3408.91,3408.38,3115.92,2064.56,6205,4134,,,,,,
electro,ground_truth,DSC_9300.png,DSC_9300,,,True,2.2570455074310303,2.4524755477905273,-3.4217569828033447,0.9266854524612427,0.02718503773212433,0.3748532831668854,-0.37577584385871887,0.08511911332607269,0.9227932095527649,-0.006821011193096638,-0.995999813079834,0.0890941172838211,3409.18,3408.84,3115.05,2066.28,6203,4134,,,,,,
electro,ground_truth,DSC_9301.png,DSC_9301,,,True,3.242367744445801,3.050509452819824,-3.4126648902893066,0.8725904226303101,0.0348377525806427,0.4872085750102997,-0.4883243143558502,0.08507052063941956,0.8685057759284973,-0.011190294288098812,-0.995765745639801,0.09124384820461273,3409.18,3408.84,3115.05,2066.28,6203,4134,,,,,,
electro,ground_truth,DSC_9302.png,DSC_9302,,,True,4.630248546600342,3.716759204864502,-3.4058589935302734,0.8560875058174133,0.0313931480050087,0.5158765912055969,-0.5165390372276306,0.0855136588215828,0.8519829511642456,-0.01736806333065033,-0.9958423376083374,0.08942295610904694,3409.18,3408.84,3115.05,2066.28,6203,4134,,,,,,
electro,ground_truth,DSC_9303.png,DSC_9303,,,True,6.330723762512207,4.654481887817383,-3.4042561054229736,0.8720499277114868,0.027417510747909546,0.4886484146118164,-0.4891757071018219,0.08017754554748535,0.8684921860694885,-0.015366734936833382,-0.9964034557342529,0.08333079516887665,3409.18,3408.84,3115.05,2066.28,6203,4134,,,,,,
electro,ground_truth,DSC_9293.png,DSC_9293,,,True,1.7017595767974854,1.3166817426681519,-3.440531015396118,0.7413375377655029,-0.4803529977798462,-0.46869996190071106,0.6706488728523254,0.5567225813865662,0.49019384384155273,0.02546975389122963,-0.6777322292327881,0.734867513179779,3408.95,3408.5,3112.19,2061.79,6198,4130,,,,,,
electro,ground_truth,DSC_9292.png,DSC_9292,,,True,3.7046475410461426,-0.8449482321739197,-3.4606192111968994,-0.8180196285247803,0.4055999219417572,0.40783894062042236,-0.574965238571167,-0.5964416265487671,-0.5600645542144775,0.01609000563621521,-0.692637026309967,0.7211068272590637,3400.23,3404.6,3107.51,2054.19,6172,4118,,,,,,
electro,ground_truth,DSC_9291.png,DSC_9291,,,True,3.685481071472168,-0.8483492732048035,-3.5410444736480713,-0.7726325988769531,-0.6332881450653076,0.0445530004799366,0.6347460746765137,-0.7693067789077759,0.0725565180182457,-0.011674254201352596,0.08433937281370163,0.9963687062263489,3398.23,3396.19,3109.28,2056.78,6192,4121,,,,,,
electro,ground_truth,DSC_9290.png,DSC_9290,,,True,0.3656280040740967,2.8910138607025146,-3.5083205699920654,-0.2261543571949005,-0.9700387716293335,0.08876354992389679,0.9740856885910034,-0.22552639245986938,0.017173366621136665,0.0033596917055547237,0.09034713357686996,0.9959046244621277,3398.23,3396.19,3109.28,2056.78,6192,4121,,,,,,
electro,ground_truth,DSC_9289.png,DSC_9289,,,True,1.0957481861114502,1.9801385402679443,-3.516072988510132,-0.28836145997047424,-0.9544745087623596,0.07632891833782196,0.9574954509735107,-0.28684642910957336,0.030357906594872475,-0.007081170100718737,0.08183864504098892,0.9966204762458801,3398.23,3396.19,3109.28,2056.78,6192,4121,,,,,,
electro,ground_truth,DSC_9287.png,DSC_9287,,,True,3.74623703956604,1.0220142602920532,-3.440220594406128,0.4251715838909149,0.04854559153318405,0.9038099646568298,-0.9037445783615112,0.07765283435583115,0.42096996307373047,-0.049747172743082047,-0.9957978129386902,0.07688859850168228,3409.18,3408.84,3115.05,2066.28,6203,4134,,,,,,
electro,ground_truth,DSC_9285.png,DSC_9285,,,True,1.3550286293029785,-0.415414035320282,-3.4444503784179688,-0.8521727919578552,0.06620875000953674,0.5190548300743103,-0.521938681602478,-0.037090882658958435,-0.8521761894226074,-0.037169311195611954,-0.997116208076477,0.06616473942995071,3408.95,3408.5,3112.19,2061.79,6198,4130,,,,,,
electro,ground_truth,DSC_9284.png,DSC_9284,,,True,1.397841453552246,-0.012009107507765293,-3.4446053504943848,0.45891621708869934,0.04409622400999069,0.8873845934867859,-0.8873984217643738,0.07200413197278976,0.4553453326225281,-0.04381634667515755,-0.9964290857315063,0.0721747875213623,3409.18,3408.84,3115.05,2066.28,6203,4134,,,,,,
electro,ground_truth,DSC_9283.png,DSC_9283,,,True,0.9549049735069275,-0.04133079573512077,-3.44435715675354,0.8561871647834778,-0.0707264095544815,-0.5118019580841064,0.5154863595962524,0.050043437629938126,0.8554352521896362,-0.03488953039050102,-0.9962396025657654,0.07930505275726318,3409.18,3408.84,3115.05,2066.28,6203,4134,,,,,,
electro,ground_truth,DSC_9282.png,DSC_9282,,,True,1.0339499711990356,-0.3208792507648468,-3.44348406791687,-0.5460891127586365,-0.04467003792524338,-0.8365352153778076,0.8371911644935608,-0.06481309980154037,-0.5430563688278198,-0.02996009588241577,-0.9968971014022827,0.07279109209775925,3408.91,3408.38,3115.92,2064.56,6205,4134,,,,,,
electro,ground_truth,DSC_9281.png,DSC_9281,,,True,3.904137372970581,1.1334067583084106,-3.4390501976013184,0.4575834274291992,0.045893922448158264,0.8879814743995667,-0.8876942992210388,0.08102785795927048,0.453247606754303,-0.05114993080496788,-0.9956546425819397,0.07781676948070526,3409.18,3408.84,3115.05,2066.28,6203,4134,,,,,,
electro,ground_truth,DSC_9280.png,DSC_9280,,,True,3.7003114223480225,0.8159936666488647,-3.4431214332580566,-0.9079266786575317,0.06292948126792908,0.4143778681755066,-0.41721802949905396,-0.04139572009444237,-0.9078631401062012,-0.03997788205742836,-0.9971590638160706,0.06383958458900452,3408.95,3408.5,3112.19,2061.79,6198,4130,,,,,,
facade,ground_truth,DSC_0422.png,DSC_0422,,,True,-2.8150722980499268,14.684398651123047,-0.06114582717418671,-0.9999022483825684,0.006155791692435741,-0.012557214125990868,0.010068479925394058,-0.3062969744205475,-0.9518827199935913,-0.009705828502774239,-0.9519160985946655,0.30620503425598145,3415.73,3413.89,3115.68,2060.64,6204,4132,,,,,,
facade,ground_truth,DSC_0421.png,DSC_0421,,,True,2.8246476650238037,-14.866876602172852,-0.07027221471071243,0.9279034733772278,-0.10549967736005783,-0.3575819730758667,0.37271833419799805,0.28494688868522644,0.8831117153167725,0.008723870851099491,-0.9527198076248169,0.30372488498687744,3412.23,3413.08,3112.65,2065.62,6200,4131,,,,,,
facade,ground_truth,DSC_0420.png,DSC_0420,,,True,3.6001522541046143,-15.601175308227539,-0.05815475806593895,-0.9856484532356262,-0.036399275064468384,-0.1648397445678711,0.16811957955360413,-0.29992586374282837,-0.9390316009521484,-0.015259635634720325,-0.9532678723335266,0.3017409145832062,3412.23,3413.08,3112.65,2065.62,6200,4131,,,,,,
facade,ground_truth,DSC_0419.png,DSC_0419,,,True,4.574969291687012,-15.458722114562988,-0.02625120058655739,-0.9912509918212891,0.05469733104109764,0.12012361735105515,-0.13149556517601013,-0.3305012583732605,-0.9346003532409668,-0.011419137008488178,-0.9422192573547363,0.33480215072631836,3412.23,3413.08,3112.65,2065.62,6200,4131,,,,,,
facade,ground_truth,DSC_0415.png,DSC_0415,,,True,3.3318228721618652,-13.519335746765137,-0.07101175934076309,0.9640887975692749,0.10158323496580124,0.24538449943065643,-0.2623901665210724,0.22155950963497162,0.9391819834709167,0.04103786498308182,-0.9698413014411926,0.24025750160217285,3415.73,3413.89,3115.68,2060.64,6204,4132,,,,,,
facade,ground_truth,DSC_0414.png,DSC_0414,,,True,2.501938819885254,-10.589556694030762,-0.1178179532289505,0.9526222944259644,0.10366097092628479,0.28594616055488586,-0.30342933535575867,0.2589518129825592,0.9169921278953552,0.0210100170224905,-0.9603115916252136,0.27813708782196045,3415.73,3413.89,3115.68,2060.64,6204,4132,,,,,,
facade,ground_truth,DSC_0413.png,DSC_0413,,,True,0.5327968001365662,-6.627239227294922,-0.21528945863246918,0.9003177881240845,0.15257680416107178,0.40761280059814453,-0.43358927965164185,0.2331058382987976,0.8704378604888916,0.03779168799519539,-0.9604071974754333,0.2760249972343445,3415.73,3413.89,3115.68,2060.64,6204,4132,,,,,,
facade,ground_truth,DSC_0412.png,DSC_0412,,,True,-8.495365142822266,-1.9214645624160767,-0.5030622482299805,0.2163146734237671,0.27535954117774963,0.9366883635520935,-0.9762243032455444,0.07469425350427628,0.20348694920539856,-0.013933159410953522,-0.9584351181983948,0.28497016429901123,3415.73,3413.89,3115.68,2060.64,6204,4132,,,,,,
facade,ground_truth,DSC_0411.png,DSC_0411,,,True,-6.823836326599121,-1.5742645263671875,-0.44422024488449097,0.1962299346923828,0.2830404043197632,0.9388194680213928,-0.9805036783218384,0.06670542061328888,0.18483197689056396,-0.010309427976608276,-0.9567855000495911,0.29061180353164673,3415.73,3413.89,3115.68,2060.64,6204,4132,,,,,,
facade,ground_truth,DSC_0410.png,DSC_0410,,,True,-5.4809746742248535,-1.3080931901931763,-0.39098137617111206,0.18967805802822113,0.2911687195301056,0.9376795887947083,-0.9817450642585754,0.06995763629674911,0.17686855792999268,-0.014099255204200745,-0.9541103839874268,0.2991228997707367,3415.73,3413.89,3115.68,2060.64,6204,4132,,,,,,
facade,ground_truth,DSC_0409.png,DSC_0409,,,True,-4.149303436279297,-1.0548171997070312,-0.33786541223526,0.21324172616004944,0.28068870306015015,0.9358107447624207,-0.9768036007881165,0.08042976260185242,0.19845843315124512,-0.019562002271413803,-0.9564229846000671,0.29132869839668274,3415.73,3413.89,3115.68,2060.64,6204,4132,,,,,,
facade,ground_truth,DSC_0408.png,DSC_0408,,,True,-2.9009244441986084,-0.8246706128120422,-0.28871244192123413,0.2322627753019333,0.2814199924468994,0.9310514330863953,-0.9725217819213867,0.08291874080896378,0.2175450474023819,-0.015980083495378494,-0.9559954404830933,0.2929460108280182,3415.73,3413.89,3115.68,2060.64,6204,4132,,,,,,
facade,ground_truth,DSC_0407.png,DSC_0407,,,True,-1.0687612295150757,-0.47650811076164246,-0.21996207535266876,0.22346268594264984,0.283613383769989,0.9325383901596069,-0.9746004343032837,0.0795174390077591,0.20935827493667603,-0.014776249416172504,-0.9556361436843872,0.29417893290519714,3415.73,3413.89,3115.68,2060.64,6204,4132,,,,,,
facade,ground_truth,DSC_0406.png,DSC_0406,,,True,0.2767724096775055,-0.23520991206169128,-0.1625308245420456,0.2164863795042038,0.2793274521827698,0.9354730844497681,-0.9761328101158142,0.07888289541006088,0.20234180986881256,-0.017273202538490295,-0.9569501876831055,0.2897377610206604,3415.73,3413.89,3115.68,2060.64,6204,4132,,,,,,
facade,ground_truth,DSC_0405.png,DSC_0405,,,True,2.3600056171417236,0.2704608142375946,-0.0823955312371254,0.22447676956653595,0.2801992893218994,0.9333266019821167,-0.9743562340736389,0.07976672798395157,0.21039769053459167,-0.015495125204324722,-0.9566220045089722,0.2909196615219116,3415.73,3413.89,3115.68,2060.64,6204,4132,,,,,,
facade,ground_truth,DSC_0404.png,DSC_0404,,,True,1.1006908416748047,0.13515745103359222,-0.13199985027313232,0.20220887660980225,0.27704623341560364,0.9393385648727417,-0.9792234897613525,0.07214411348104477,0.18951678276062012,-0.015262838453054428,-0.9581443667411804,0.28587839007377625,3415.73,3413.89,3115.68,2060.64,6204,4132,,,,,,
facade,ground_truth,DSC_0402.png,DSC_0402,,,True,1.1637768745422363,-1.822439193725586,-0.14907826483249664,0.19013074040412903,0.1584324985742569,0.9688908457756042,-0.9817436337471008,0.036157432943582535,0.18674048781394958,-0.005446847062557936,-0.9867075085639954,0.16241472959518433,3414.66,3413.37,3113.46,2064.47,6201,4130,,,,,,
facade,ground_truth,DSC_0401.png,DSC_0401,,,True,0.13497954607009888,-1.9558645486831665,-0.1898108571767807,0.20130224525928497,0.15628564357757568,0.9669809341430664,-0.9795064926147461,0.03884103149175644,0.19763217866420746,-0.006671464070677757,-0.9869478940963745,0.16090159118175507,3414.66,3413.37,3113.46,2064.47,6201,4130,,,,,,
facade,ground_truth,DSC_0400.png,DSC_0400,,,True,-0.06074608489871025,-0.9902292490005493,-0.1877162903547287,0.23061701655387878,0.1534503847360611,0.9608687162399292,-0.9728889465332031,0.05402496084570885,0.22487419843673706,-0.017403868958353996,-0.986678421497345,0.16174925863742828,3414.66,3413.37,3113.46,2064.47,6201,4130,,,,,,
facade,ground_truth,DSC_0399.png,DSC_0399,,,True,-0.3557167053222656,-0.009213224984705448,-0.18537406623363495,0.2103637456893921,0.15655793249607086,0.9650060534477234,-0.9775620698928833,0.04472636058926582,0.20584465563297272,-0.010934595949947834,-0.9866555333137512,0.16245390474796295,3414.66,3413.37,3113.46,2064.47,6201,4130,,,,,,
facade,ground_truth,DSC_0398.png,DSC_0398,,,True,-0.5185244679450989,0.962647020816803,-0.18287207186222076,0.20404434204101562,0.1578565239906311,0.9661507606506348,-0.9789448380470276,0.038691144436597824,0.20042473077774048,-0.005743124056607485,-0.9867037534713745,0.16242754459381104,3414.66,3413.37,3113.46,2064.47,6201,4130,,,,,,
facade,ground_truth,DSC_0397.png,DSC_0397,,,True,-0.010217561386525631,1.0752599239349365,-0.16368809342384338,0.1618274301290512,0.08868265151977539,0.9828261733055115,-0.9867737293243408,0.004996021278202534,0.16202661395072937,0.009458729065954685,-0.9960474371910095,0.08831820636987686,3414.66,3413.37,3113.46,2064.47,6201,4130,,,,,,
facade,ground_truth,DSC_0396.png,DSC_0396,,,True,-0.23514148592948914,3.604820489883423,-0.1717361956834793,-0.21256065368652344,0.3067215085029602,0.9277607202529907,-0.9770015478134155,-0.05028297379612923,-0.20721855759620667,-0.016907820478081703,-0.9504702091217041,0.3103555738925934,3415.73,3413.89,3115.68,2060.64,6204,4132,,,,,,
facade,ground_truth,DSC_0395.png,DSC_0395,,,True,-1.0980151891708374,8.297097206115723,-0.12782451510429382,-0.5314280390739441,0.24862812459468842,0.8097952008247375,-0.8469768166542053,-0.1394227147102356,-0.5130220651626587,-0.014647869393229485,-0.9585120677947998,0.28467538952827454,3415.73,3413.89,3115.68,2060.64,6204,4132,,,,,,
facade,ground_truth,DSC_0394.png,DSC_0394,,,True,-1.4680380821228027,14.58863639831543,-0.046109333634376526,-0.7366419434547424,0.2656547427177429,0.6219213604927063,-0.6760646104812622,-0.2659040093421936,-0.6871911883354187,-0.017184214666485786,-0.9266728758811951,0.37547582387924194,3415.73,3413.89,3115.68,2060.64,6204,4132,,,,,,
facade,ground_truth,DSC_0393.png,DSC_0393,,,True,-1.5788456201553345,15.21170425415039,-0.05224687606096268,0.26371118426322937,-0.008045750670135021,0.9645681381225586,-0.9643797874450684,-0.023646369576454163,0.26346245408058167,0.020688781514763832,-0.9996879696846008,-0.013994971290230751,3414.66,3413.37,3113.46,2064.47,6201,4130,,,,,,
facade,ground_truth,DSC_0392.png,DSC_0392,,,True,-1.242329716682434,13.175537109375,-0.07390174269676208,0.6177778840065002,2.2657326553598978e-05,0.7863526940345764,-0.7862755656242371,-0.013986403122544289,0.6177176237106323,0.011012241244316101,-0.9999021887779236,-0.008622674271464348,3415.73,3413.89,3115.68,2060.64,6204,4132,,,,,,
facade,ground_truth,DSC_0391.png,DSC_0391,,,True,0.733317494392395,11.115466117858887,-0.05129588767886162,0.9617319703102112,0.026118341833353043,0.2727442681789398,-0.2721569538116455,-0.023953445255756378,0.961954653263092,0.03165782615542412,-0.9993718266487122,-0.01592850685119629,3414.66,3413.37,3113.46,2064.47,6201,4130,,,,,,
facade,ground_truth,DSC_0390.png,DSC_0390,,,True,-0.5030041933059692,11.703485488891602,-0.06273571401834488,0.7401514649391174,-0.0029883054085075855,0.6724335551261902,-0.6719942688941956,-0.039700236171483994,0.7394915223121643,0.024485941976308823,-0.9992071986198425,-0.03139231353998184,3414.66,3413.37,3113.46,2064.47,6201,4130,,,,,,
facade,ground_truth,DSC_0389.png,DSC_0389,,,True,-0.7879835367202759,11.536567687988281,-0.05608266964554787,0.9479767680168152,0.12795017659664154,0.2914939820766449,-0.3162091076374054,0.2727150022983551,0.9086464643478394,0.03676668554544449,-0.953548789024353,0.2989865243434906,3415.73,3413.89,3115.68,2060.64,6204,4132,,,,,,
facade,ground_truth,DSC_0348.png,DSC_0348,,,True,-2.393299102783203,-4.869752883911133,-0.3122597336769104,0.4541260302066803,0.32821258902549744,0.8282789587974548,-0.8899462819099426,0.12326876819133759,0.43909046053886414,0.042014092206954956,-0.9365261793136597,0.3480711281299591,3415.73,3413.89,3115.68,2060.64,6204,4132,,,,,,
facade,ground_truth,DSC_0349.png,DSC_0349,,,True,-1.583329200744629,-5.712752342224121,-0.2758077383041382,0.40569359064102173,0.3429371416568756,0.847234845161438,-0.9131717681884766,0.1124090775847435,0.39176711440086365,0.03911460191011429,-0.9326083064079285,0.3587641716003418,3415.73,3413.89,3115.68,2060.64,6204,4132,,,,,,
facade,ground_truth,DSC_0350.png,DSC_0350,,,True,-0.8891758918762207,-6.512579917907715,-0.2521122694015503,0.4424043893814087,0.31529244780540466,0.8395647406578064,-0.8964354991912842,0.12821386754512787,0.42422232031822205,0.026110252365469933,-0.9402934908866882,0.3393617272377014,3415.73,3413.89,3115.68,2060.64,6204,4132,,,,,,
facade,ground_truth,DSC_0351.png,DSC_0351,,,True,-0.16914258897304535,-7.28253698348999,-0.22577953338623047,0.5162326097488403,0.29944881796836853,0.8023928999900818,-0.8560258150100708,0.15097984671592712,0.49439337849617004,0.026900358498096466,-0.9420909881591797,0.33427661657333374,3415.73,3413.89,3115.68,2060.64,6204,4132,,,,,,
facade,ground_truth,DSC_0352.png,DSC_0352,,,True,0.553486168384552,-7.830373764038086,-0.19230663776397705,0.5895422101020813,0.302110493183136,0.7491123080253601,-0.8064498901367188,0.16780248284339905,0.5669928789138794,0.04559159278869629,-0.9383877515792847,0.3425636291503906,3415.73,3413.89,3115.68,2060.64,6204,4132,,,,,,
facade,ground_truth,DSC_0353.png,DSC_0353,,,True,1.2473095655441284,-8.498785018920898,-0.15030361711978912,0.4231116771697998,0.33139917254447937,0.8432977199554443,-0.9049200415611267,0.10752566158771515,0.41177424788475037,0.04578549414873123,-0.9373434782028198,0.3453851044178009,3415.73,3413.89,3115.68,2060.64,6204,4132,,,,,,
facade,ground_truth,DSC_0354.png,DSC_0354,,,True,1.9701653718948364,-9.381817817687988,-0.12640027701854706,0.34606391191482544,0.392000287771225,0.8523940443992615,-0.9382087588310242,0.14652849733829498,0.3135181963443756,-0.0020008075516670942,-0.9082208871841431,0.4184863269329071,3415.73,3413.89,3115.68,2060.64,6204,4132,,,,,,
facade,ground_truth,DSC_0355.png,DSC_0355,,,True,2.586416006088257,-10.353273391723633,-0.11159676313400269,0.45488640666007996,0.39242470264434814,0.7994255423545837,-0.8902602791786194,0.17750568687915802,0.4194382429122925,0.022695347666740417,-0.9024935364723206,0.4301050305366516,3415.73,3413.89,3115.68,2060.64,6204,4132,,,,,,
facade,ground_truth,DSC_0356.png,DSC_0356,,,True,3.1321840286254883,-11.203051567077637,-0.09258117526769638,0.4629928171634674,0.3937019109725952,0.7941262125968933,-0.885502815246582,0.1660126894712448,0.43396368622779846,0.03901730105280876,-0.904123067855835,0.42548683285713196,3415.73,3413.89,3115.68,2060.64,6204,4132,,,,,,
facade,ground_truth,DSC_0357.png,DSC_0357,,,True,3.8415234088897705,-11.875057220458984,-0.06711265444755554,0.23284931480884552,0.38807255029678345,0.8917291164398193,-0.9723933339118958,0.0785316452383995,0.21973617374897003,0.015244618058204651,-0.9182769060134888,0.3956452012062073,3414.66,3413.37,3113.46,2064.47,6201,4130,,,,,,
facade,ground_truth,DSC_0358.png,DSC_0358,,,True,4.333528518676758,-12.647590637207031,-0.04220588132739067,-0.08306390047073364,0.4165550172328949,0.9053078889846802,-0.9964273571968079,-0.04863077029585838,-0.06904805451631546,0.015263504348695278,-0.9078088402748108,0.41910627484321594,3414.66,3413.37,3113.46,2064.47,6201,4130,,,,,,
facade,ground_truth,DSC_0359.png,DSC_0359,,,True,4.524853706359863,-13.525002479553223,-0.030513737350702286,-0.30745264887809753,0.40098416805267334,0.8629510998725891,-0.9514822363853455,-0.11770229041576385,-0.2843022644519806,-0.012429379858076572,-0.9084920883178711,0.41771718859672546,3414.66,3413.37,3113.46,2064.47,6201,4130,,,,,,
facade,ground_truth,DSC_0388.png,DSC_0388,,,True,-1.460540771484375,11.438496589660645,-0.06743468344211578,0.9982425570487976,0.04568903148174286,-0.03774019330739975,0.023639338091015816,0.2769784927368164,0.9605852961540222,0.05434143543243408,-0.9597892761230469,0.2754116654396057,3414.66,3413.37,3113.46,2064.47,6201,4130,,,,,,
facade,ground_truth,DSC_0387.png,DSC_0387,,,True,-2.171077251434326,10.94414234161377,-0.09375328570604324,0.8648284077644348,-0.08641460537910461,-0.49457499384880066,0.49710527062416077,0.2855375111103058,0.8193624019622803,0.07041484117507935,-0.9544636011123657,0.2898980975151062,3412.23,3413.08,3112.65,2065.62,6200,4131,,,,,,
facade,ground_truth,DSC_0386.png,DSC_0386,,,True,-2.460239887237549,10.067703247070312,-0.12319043278694153,0.3231944739818573,-0.24871598184108734,-0.9130639433860779,0.9444228410720825,0.14603665471076965,0.294514536857605,0.0600903257727623,-0.9575038552284241,0.28209128975868225,3410.3,3411.7,3101.59,2055.56,6193,4127,,,,,,
facade,ground_truth,DSC_0366.png,DSC_0366,,,True,0.6492255330085754,-14.286916732788086,-0.12609466910362244,-0.040858957916498184,-0.2734872102737427,-0.9610074758529663,0.9989807605743408,0.007283380255103111,-0.04454619437456131,0.019182195886969566,-0.9618480801582336,0.27291086316108704,3412.14,3413.09,3111.9,2069.5,6200,4132,,,,,,
facade,ground_truth,DSC_0365.png,DSC_0365,,,True,1.1629565954208374,-15.030029296875,-0.11704602092504501,-0.35434433817863464,-0.26773521304130554,-0.8959676027297974,0.9350314736366272,-0.08863787353038788,-0.34330666065216064,0.012498625554144382,-0.9594066739082336,0.2817491888999939,3412.23,3413.08,3112.65,2065.62,6200,4131,,,,,,
facade,ground_truth,DSC_0364.png,DSC_0364,,,True,1.779215931892395,-15.537521362304688,-0.08356866985559464,-0.6614000201225281,-0.22633232176303864,-0.7150689959526062,0.7498611211776733,-0.1791110783815384,-0.6368889212608337,0.016071781516075134,-0.9574408531188965,0.288181871175766,3414.66,3413.37,3113.46,2064.47,6201,4130,,,,,,
facade,ground_truth,DSC_0363.png,DSC_0363,,,True,2.6646766662597656,-15.566439628601074,-0.06637592613697052,-0.9755167365074158,-0.0672333836555481,-0.20939618349075317,0.21988070011138916,-0.279012531042099,-0.9347750544548035,0.004423930775374174,-0.9579309225082397,0.2869647145271301,3412.23,3413.08,3112.65,2065.62,6200,4131,,,,,,
facade,ground_truth,DSC_0362.png,DSC_0362,,,True,3.640874147415161,-15.229506492614746,-0.04801243916153908,-0.9842580556869507,0.04369170963764191,0.17125186324119568,-0.1764030009508133,-0.3024528920650482,-0.9366986155509949,0.010869656689465046,-0.9521623849868774,0.3053990304470062,3412.23,3413.08,3112.65,2065.62,6200,4131,,,,,,
facade,ground_truth,DSC_0361.png,DSC_0361,,,True,4.351462364196777,-14.856274604797363,-0.03384256362915039,-0.9674750566482544,0.06963612884283066,0.24319301545619965,-0.2527177333831787,-0.30868691205978394,-0.9169766306877136,0.011215795762836933,-0.9486111998558044,0.3162451684474945,3412.14,3413.09,3111.9,2069.5,6200,4132,,,,,,
facade,ground_truth,DSC_0360.png,DSC_0360,,,True,4.468662738800049,-14.171165466308594,-0.029082389548420906,-0.687125563621521,0.2956002354621887,0.6636858582496643,-0.7264838814735413,-0.26832646131515503,-0.6326310634613037,-0.008921434171497822,-0.9168540835380554,0.39912277460098267,3412.23,3413.08,3112.65,2065.62,6200,4131,,,,,,
facade,ground_truth,DSC_0347.png,DSC_0347,,,True,-2.908337116241455,-4.085054874420166,-0.3263477087020874,0.35196182131767273,0.344465970993042,0.8703252673149109,-0.9359714984893799,0.1206279918551445,0.3307660222053528,0.008952043019235134,-0.9310166835784912,0.36486679315567017,3415.73,3413.89,3115.68,2060.64,6204,4132,,,,,,
facade,ground_truth,DSC_0346.png,DSC_0346,,,True,-3.2201077938079834,-3.3767006397247314,-0.3288419246673584,0.20410236716270447,0.34996047616004944,0.9142591953277588,-0.9788971543312073,0.06329641491174698,0.1943037360906601,0.010129298083484173,-0.9346235394477844,0.35549426078796387,3415.73,3413.89,3115.68,2060.64,6204,4132,,,,,,
facade,ground_truth,DSC_0333.png,DSC_0333,,,True,-3.764780282974243,7.968326568603516,-0.1774509996175766,0.3834589421749115,0.3266083002090454,0.863878607749939,-0.9233050346374512,0.15745799243450165,0.3503067195415497,-0.02161150984466076,-0.9319517016410828,0.3619377613067627,3415.73,3413.89,3115.68,2060.64,6204,4132,,,,,,
facade,ground_truth,DSC_0332.png,DSC_0332,,,True,-3.1322686672210693,9.165827751159668,-0.1503497213125229,0.4161403477191925,0.31428608298301697,0.8532593250274658,-0.909112274646759,0.16288773715496063,0.38338279724121094,-0.018493594601750374,-0.9352495670318604,0.35350552201271057,3415.73,3413.89,3115.68,2060.64,6204,4132,,,,,,
facade,ground_truth,DSC_0331.png,DSC_0331,,,True,-1.0076059103012085,10.056440353393555,-0.08265170454978943,0.37854695320129395,0.3242143392562866,0.8669413328170776,-0.9250079989433289,0.16549982130527496,0.3420087695121765,-0.03259448707103729,-0.931394100189209,0.362550288438797,3415.73,3413.89,3115.68,2060.64,6204,4132,,,,,,
facade,ground_truth,DSC_0330.png,DSC_0330,,,True,0.16995322704315186,10.808673858642578,-0.05231883376836777,0.26652854681015015,0.3407934904098511,0.9015665650367737,-0.963714063167572,0.1085519939661026,0.24386827647686005,-0.014758133329451084,-0.9338502287864685,0.3573596775531769,3415.73,3413.89,3115.68,2060.64,6204,4132,,,,,,
facade,ground_truth,DSC_0329.png,DSC_0329,,,True,1.1006720066070557,11.512365341186523,-0.02837749756872654,0.23930767178535461,0.3380807340145111,0.9101831316947937,-0.9707205891609192,0.1034061461687088,0.21681490540504456,-0.02081758715212345,-0.9354189038276672,0.3529277741909027,3415.73,3413.89,3115.68,2060.64,6204,4132,,,,,,
facade,ground_truth,DSC_0328.png,DSC_0328,,,True,1.4621330499649048,12.318886756896973,-0.016908112913370132,0.5296007990837097,0.30859726667404175,0.7901206612586975,-0.848240852355957,0.19623306393623352,0.4919147491455078,-0.0032442575320601463,-0.9307310581207275,0.3656899929046631,3415.73,3413.89,3115.68,2060.64,6204,4132,,,,,,
facade,ground_truth,DSC_0327.png,DSC_0327,,,True,0.9679940342903137,12.86444091796875,-0.027774197980761528,0.7277899384498596,0.21566763520240784,0.6510063409805298,-0.685785174369812,0.23513439297676086,0.6887746453285217,-0.0045275818556547165,-0.9477337598800659,0.31903010606765747,3415.73,3413.89,3115.68,2060.64,6204,4132,,,,,,
facade,ground_truth,DSC_0326.png,DSC_0326,,,True,0.06531528383493423,13.21229076385498,-0.04443126916885376,0.951562762260437,0.102665975689888,0.2898068130016327,-0.3073437511920929,0.29233232140541077,0.9055836200714111,0.00825271476060152,-0.9507899284362793,0.3097262978553772,3415.73,3413.89,3115.68,2060.64,6204,4132,,,,,,
facade,ground_truth,DSC_0325.png,DSC_0325,,,True,-0.676968514919281,13.132368087768555,-0.0587209016084671,0.9799708127975464,-0.054066725075244904,-0.19166119396686554,0.19910018146038055,0.2855442464351654,0.937455952167511,0.004042584914714098,-0.9568392038345337,0.29058972001075745,3414.66,3413.37,3113.46,2064.47,6201,4130,,,,,,
facade,ground_truth,DSC_0324.png,DSC_0324,,,True,-1.762751817703247,12.570610046386719,-0.07764101028442383,0.9713579416275024,-0.07024514675140381,-0.2270006239414215,0.23761899769306183,0.2909137010574341,0.9267720580101013,0.0009363455465063453,-0.9541671276092529,0.29927292466163635,3414.66,3413.37,3113.46,2064.47,6201,4130,,,,,,
facade,ground_truth,DSC_0334.png,DSC_0334,,,True,-4.511585712432861,7.039186954498291,-0.21826346218585968,0.21717417240142822,0.35574406385421753,0.9090003371238708,-0.9755056500434875,0.11247421056032181,0.18904569745063782,-0.034987203776836395,-0.9277907609939575,0.3714568614959717,3415.73,3413.89,3115.68,2060.64,6204,4132,,,,,,
facade,ground_truth,DSC_0335.png,DSC_0335,,,True,-5.2346882820129395,6.481564521789551,-0.25468283891677856,0.23334407806396484,0.339724063873291,0.9111191034317017,-0.971755862236023,0.1154148057103157,0.20583948493003845,-0.03522800654172897,-0.9334167838096619,0.3570602238178253,3415.73,3413.89,3115.68,2060.64,6204,4132,,,,,,
facade,ground_truth,DSC_0336.png,DSC_0336,,,True,-5.284498691558838,5.29841947555542,-0.27631938457489014,0.17940272390842438,0.34512701630592346,0.9212502837181091,-0.9834879040718079,0.08556927740573883,0.15946604311466217,-0.02379468083381653,-0.9346470832824707,0.35477957129478455,3415.73,3413.89,3115.68,2060.64,6204,4132,,,,,,
facade,ground_truth,DSC_0337.png,DSC_0337,,,True,-5.174988269805908,4.522204875946045,-0.28063735365867615,0.1727505475282669,0.33879032731056213,0.9248666763305664,-0.9848468899726868,0.0739910900592804,0.15685005486011505,-0.01529261190444231,-0.9379479885101318,0.34643861651420593,3415.73,3413.89,3115.68,2060.64,6204,4132,,,,,,
facade,ground_truth,DSC_0338.png,DSC_0338,,,True,-4.999672889709473,3.6136362552642822,-0.284903347492218,0.21598875522613525,0.33334288001060486,0.9177316427230835,-0.9762270450592041,0.09120363742113113,0.19662825763225555,-0.018155835568904877,-0.938383936882019,0.34511733055114746,3415.73,3413.89,3115.68,2060.64,6204,4132,,,,,,
facade,ground_truth,DSC_0339.png,DSC_0339,,,True,-4.802073001861572,2.7067651748657227,-0.2967698872089386,0.1757209300994873,0.32689735293388367,0.9285797476768494,-0.9836018085479736,0.09721849858760834,0.1519082933664322,-0.040616702288389206,-0.9400460720062256,0.338620126247406,3415.73,3413.89,3115.68,2060.64,6204,4132,,,,,,
facade,ground_truth,DSC_0340.png,DSC_0340,,,True,-4.563135623931885,1.8265622854232788,-0.3241316080093384,0.23473688960075378,0.3441067636013031,0.9091144800186157,-0.9708828926086426,0.12898783385753632,0.2018628716468811,-0.04780232161283493,-0.9300283193588257,0.3643655478954315,3415.73,3413.89,3115.68,2060.64,6204,4132,,,,,,
facade,ground_truth,DSC_0341.png,DSC_0341,,,True,-4.4221110343933105,0.8584871292114258,-0.3309045135974884,0.18420696258544922,0.3610995411872864,0.9141525626182556,-0.9828055500984192,0.07967869192361832,0.16656704246997833,-0.012691197916865349,-0.9291170239448547,0.36956799030303955,3415.73,3413.89,3115.68,2060.64,6204,4132,,,,,,
facade,ground_truth,DSC_0342.png,DSC_0342,,,True,-4.192701816558838,-0.07347916811704636,-0.32665374875068665,0.23281393945217133,0.3476676940917969,0.9082537293434143,-0.9723880290985107,0.067757248878479,0.2233169823884964,0.01609932631254196,-0.9351663589477539,0.35384273529052734,3415.73,3413.89,3115.68,2060.64,6204,4132,,,,,,
facade,ground_truth,DSC_0343.png,DSC_0343,,,True,-3.9702601432800293,-0.8548705577850342,-0.32685667276382446,0.18403872847557068,0.3499995470046997,0.9184933304786682,-0.9828881621360779,0.0581299364566803,0.1747906506061554,0.007784680463373661,-0.9349445104598999,0.35470855236053467,3415.73,3413.89,3115.68,2060.64,6204,4132,,,,,,
facade,ground_truth,DSC_0344.png,DSC_0344,,,True,-3.757111072540283,-1.626860499382019,-0.330252081155777,0.20683948695659637,0.34803587198257446,0.9143787622451782,-0.9783718585968018,0.07125391811132431,0.19419415295124054,0.0024334662593901157,-0.9347694516181946,0.3552466332912445,3415.73,3413.89,3115.68,2060.64,6204,4132,,,,,,
facade,ground_truth,DSC_0345.png,DSC_0345,,,True,-3.4748334884643555,-2.5171151161193848,-0.33031782507896423,0.21512706577777863,0.34886178374290466,0.9121490120887756,-0.9764959216117859,0.06415382772684097,0.2057667076587677,0.013266289606690407,-0.934975802898407,0.3544633388519287,3415.73,3413.89,3115.68,2060.64,6204,4132,,,,,,
kicker,ground_truth,DSC_6520.png,DSC_6520,,,True,-0.5345222353935242,-1.8775372505187988,-0.370860755443573,0.1850489228963852,0.14827926456928253,-0.9714783430099487,0.9827032685279846,-0.020718086510896683,0.18402479588985443,0.007159889210015535,-0.9887285232543945,-0.14954836666584015,3410.34,3409.98,3121.33,2067.07,6211,4137,,,,,,
kicker,ground_truth,DSC_6519.png,DSC_6519,,,True,-0.4914737045764923,-1.2444525957107544,-0.3691045641899109,0.5421000123023987,0.13381032645702362,-0.829591691493988,0.8402195572853088,-0.07151724398136139,0.5375093221664429,0.012594201602041721,-0.9884229898452759,-0.1511995643377304,3410.34,3409.98,3121.33,2067.07,6211,4137,,,,,,
kicker,ground_truth,DSC_6518.png,DSC_6518,,,True,0.06729770451784134,-0.6366024017333984,-0.3664102256298065,0.8400537371635437,0.08854864537715912,-0.5352278351783752,0.5424180626869202,-0.1196182370185852,0.8315492272377014,0.00960955023765564,-0.9888632893562317,-0.14851614832878113,3410.34,3409.98,3121.33,2067.07,6211,4137,,,,,,
kicker,ground_truth,DSC_6517.png,DSC_6517,,,True,0.47161734104156494,-0.46828556060791016,-0.36530351638793945,0.042108796536922455,0.15108844637870789,-0.9876229763031006,0.999060869216919,0.0037333278451114893,0.0431676022708416,0.010209246538579464,-0.9885132312774658,-0.15078935027122498,3410.34,3409.98,3121.33,2067.07,6211,4137,,,,,,
kicker,ground_truth,DSC_6516.png,DSC_6516,,,True,1.6988656520843506,-0.28918251395225525,-0.3605906069278717,-0.9998047947883606,0.006741158664226532,-0.018571767956018448,0.019392916932702065,0.15512262284755707,-0.9877048134803772,-0.00377737358212471,-0.9878721833229065,-0.155223086476326,3410.34,3409.98,3121.33,2067.07,6211,4137,,,,,,
kicker,ground_truth,DSC_6515.png,DSC_6515,,,True,1.4230173826217651,0.19435308873653412,-0.3618256747722626,-0.8993977904319763,0.06291093677282333,-0.43258044123649597,0.4370657205581665,0.14654012024402618,-0.8874117136001587,0.007562474347651005,-0.9872022271156311,-0.15929406881332397,3410.34,3409.98,3121.33,2067.07,6211,4137,,,,,,
kicker,ground_truth,DSC_6514.png,DSC_6514,,,True,1.1955024003982544,-0.08382104337215424,-0.3631182610988617,-0.2013176530599594,0.1468559205532074,-0.9684547185897827,0.9794331192970276,0.043792400509119034,-0.19695915281772614,0.013486338779330254,-0.9881880283355713,-0.15265174210071564,3410.34,3409.98,3121.33,2067.07,6211,4137,,,,,,
kicker,ground_truth,DSC_6513.png,DSC_6513,,,True,1.3513833284378052,-0.23356188833713531,-0.36313241720199585,0.8579476475715637,0.0899842381477356,-0.5057951211929321,0.5135055780410767,-0.12064898014068604,0.8495621085166931,0.015423535369336605,-0.9886084794998169,-0.14971792697906494,3410.34,3409.98,3121.33,2067.07,6211,4137,,,,,,
kicker,ground_truth,DSC_6512.png,DSC_6512,,,True,1.7980316877365112,0.007392605300992727,-0.35981473326683044,0.8360998034477234,0.09099557995796204,-0.5409778356552124,0.5484794974327087,-0.1200357973575592,0.8275032043457031,0.010362436063587666,-0.9885904788970947,-0.15027111768722534,3410.34,3409.98,3121.33,2067.07,6211,4137,,,,,,
kicker,ground_truth,DSC_6502.png,DSC_6502,,,True,-0.8004461526870728,-3.8979928493499756,-0.32110077142715454,0.30472466349601746,-0.01702042855322361,0.9522883892059326,-0.9524403810501099,-0.0059365080669522285,0.3046671748161316,0.00046770175686106086,-0.9998375177383423,-0.018019944429397583,3410.34,3409.98,3121.33,2067.07,6211,4137,,,,,,
kicker,ground_truth,DSC_6503.png,DSC_6503,,,True,0.0675882026553154,-4.6102495193481445,-0.3178154528141022,0.7133272290229797,-0.018705999478697777,0.7005813717842102,-0.7007943391799927,-0.00880273338407278,0.7133090496063232,-0.007176126819103956,-0.9997863173484802,-0.019388288259506226,3410.34,3409.98,3121.33,2067.07,6211,4137,,,,,,
kicker,ground_truth,DSC_6504.png,DSC_6504,,,True,0.7829164266586304,-4.893817901611328,-0.3194378912448883,0.9564951062202454,-0.012378414161503315,-0.29148566722869873,0.29130539298057556,-0.014515555463731289,0.9565200209617615,-0.016071274876594543,-0.9998180270195007,-0.010278158821165562,3410.34,3409.98,3121.33,2067.07,6211,4137,,,,,,
kicker,ground_truth,DSC_6505.png,DSC_6505,,,True,1.2145696878433228,-2.9674525260925293,-0.32072150707244873,0.5320268273353577,0.010446726344525814,-0.8466630578041077,0.8467016220092773,-0.014381323009729385,0.5318736433982849,-0.006619796622544527,-0.9998420476913452,-0.016496511176228523,3410.34,3409.98,3121.33,2067.07,6211,4137,,,,,,
kicker,ground_truth,DSC_6506.png,DSC_6506,,,True,-0.8728184700012207,-1.6097906827926636,-0.33130428194999695,0.9635580778121948,-0.03151891753077507,0.2656359076499939,-0.267302542924881,-0.15153515338897705,0.9516230225563049,0.010259049944579601,-0.9879492521286011,-0.15443800389766693,3410.34,3409.98,3121.33,2067.07,6211,4137,,,,,,
kicker,ground_truth,DSC_6507.png,DSC_6507,,,True,-1.7267942428588867,-0.7364624738693237,-0.3303375840187073,0.5345726013183594,-0.11873619258403778,0.8367400169372559,-0.8451045751571655,-0.08156827092170715,0.5283417105674744,0.005518160294741392,-0.9895697832107544,-0.14394865930080414,3410.34,3409.98,3121.33,2067.07,6211,4137,,,,,,
kicker,ground_truth,DSC_6508.png,DSC_6508,,,True,1.64406418800354,0.7620958089828491,-0.3189236521720886,-0.9321467876434326,0.05805674567818642,-0.3573959469795227,0.3620723485946655,0.1427469700574875,-0.9211552143096924,-0.002462082076817751,-0.9880550503730774,-0.15408186614513397,3410.34,3409.98,3121.33,2067.07,6211,4137,,,,,,
kicker,ground_truth,DSC_6509.png,DSC_6509,,,True,2.7926347255706787,0.2154514044523239,-0.31619489192962646,-0.7169824242591858,0.1055295541882515,-0.6890571713447571,0.6970698833465576,0.11627189069986343,-0.7075127959251404,0.005454462952911854,-0.9875952005386353,-0.15692637860774994,3410.34,3409.98,3121.33,2067.07,6211,4137,,,,,,
kicker,ground_truth,DSC_6510.png,DSC_6510,,,True,2.4760582447052,0.38683924078941345,-0.3583489954471588,0.6905189156532288,0.11636688560247421,-0.71389240026474,0.7232909798622131,-0.10315833985805511,0.6827946305274963,0.005810724571347237,-0.9878345131874084,-0.15539990365505219,3410.34,3409.98,3121.33,2067.07,6211,4137,,,,,,
kicker,ground_truth,DSC_6511.png,DSC_6511,,,True,2.0947153568267822,0.18795117735862732,-0.35891345143318176,0.7912493348121643,0.09930258244276047,-0.6033767461776733,0.6114194393157959,-0.11310601234436035,0.7831814885139465,0.009526408277451992,-0.9886081218719482,-0.15021058917045593,3410.34,3409.98,3121.33,2067.07,6211,4137,,,,,,
kicker,ground_truth,DSC_6500.png,DSC_6500,,,True,-0.5933089852333069,-1.891780972480774,-0.25169679522514343,0.576801061630249,-0.01427424792200327,0.8167599439620972,-0.816835880279541,0.0008468728046864271,0.5768694877624512,-0.008926070295274258,-0.9998977184295654,-0.011171241290867329,3410.34,3409.98,3121.33,2067.07,6211,4137,,,,,,
kicker,ground_truth,DSC_6499.png,DSC_6499,,,True,-1.494917631149292,-0.7737305164337158,-0.2509203255176544,0.03560462221503258,-0.00946288462728262,0.9993211627006531,-0.9993063807487488,0.01057768240571022,0.03570426255464554,-0.010908367112278938,-0.9998992681503296,-0.009079706855118275,3410.34,3409.98,3121.33,2067.07,6211,4137,,,,,,
kicker,ground_truth,DSC_6487.png,DSC_6487,,,True,-0.26428449153900146,-1.9592088460922241,-0.2511070668697357,-0.6131957173347473,-0.002430020598694682,0.7899273037910461,-0.7898750901222229,0.013792634941637516,-0.6131126880645752,-0.009405302815139294,-0.9999018907546997,-0.010376996360719204,3410.34,3409.98,3121.33,2067.07,6211,4137,,,,,,
kicker,ground_truth,DSC_6489.png,DSC_6489,,,True,-0.7003143429756165,-3.7062292098999023,-0.24918028712272644,0.5623478889465332,-0.008958380669355392,0.8268522620201111,-0.8268980383872986,-0.008633385412395,0.5622855424880981,0.0021013659425079823,-0.9999226331710815,-0.012262634001672268,3410.34,3409.98,3121.33,2067.07,6211,4137,,,,,,
kicker,ground_truth,DSC_6490.png,DSC_6490,,,True,-0.5892562866210938,-3.6216211318969727,-0.24969340860843658,0.916594386100769,-0.012771724723279476,0.3996143639087677,-0.3997589647769928,-0.012039425782859325,0.9165412783622742,-0.006894684862345457,-0.9998459219932556,-0.016140881925821304,3410.34,3409.98,3121.33,2067.07,6211,4137,,,,,,
kicker,ground_truth,DSC_6491.png,DSC_6491,,,True,0.35521143674850464,-2.396693229675293,-0.2504964768886566,0.9894421100616455,-0.0016628846060484648,-0.14491888880729675,0.14489631354808807,-0.009699334390461445,0.9893993139266968,-0.0030508735217154026,-0.9999515414237976,-0.009355983696877956,3410.34,3409.98,3121.33,2067.07,6211,4137,,,,,,
kicker,ground_truth,DSC_6492.png,DSC_6492,,,True,0.057629719376564026,-1.6779513359069824,-0.25104254484176636,0.7735109925270081,0.004254513885825872,-0.6337685585021973,0.6337794065475464,-0.008484499529004097,0.7734673023223877,-0.0020864810794591904,-0.9999549984931946,-0.009259277023375034,3410.34,3409.98,3121.33,2067.07,6211,4137,,,,,,
kicker,ground_truth,DSC_6493.png,DSC_6493,,,True,0.2827739715576172,-0.6348772048950195,-0.245675727725029,0.24351158738136292,0.010374053381383419,-0.9698424935340881,0.9698953628540039,-0.004948972724378109,0.2434719204902649,-0.002273933496326208,-0.9999338984489441,-0.011266877874732018,3410.34,3409.98,3121.33,2067.07,6211,4137,,,,,,
kicker,ground_truth,DSC_6494.png,DSC_6494,,,True,0.3009496033191681,-0.6061064600944519,-0.24614645540714264,0.8875263333320618,0.0027654170989990234,-0.46074870228767395,0.4607086777687073,-0.019807638600468636,0.8873303532600403,-0.006672505754977465,-0.9998000264167786,-0.01885385252535343,3410.34,3409.98,3121.33,2067.07,6211,4137,,,,,,
kicker,ground_truth,DSC_6495.png,DSC_6495,,,True,1.9505424499511719,0.2105320692062378,-0.24147479236125946,0.33185338973999023,0.025812063366174698,-0.9429777264595032,0.9433192014694214,-0.01408293191343546,0.3315880298614502,-0.004720919765532017,-0.9995675683021545,-0.02902248129248619,3410.34,3409.98,3121.33,2067.07,6211,4137,,,,,,
kicker,ground_truth,DSC_6496.png,DSC_6496,,,True,1.8187657594680786,1.2718266248703003,-0.23592138290405273,-0.08016759902238846,0.025113698095083237,-0.9964649677276611,0.9967814087867737,0.002007001545280218,-0.08014247566461563,-1.2767208318109624e-05,-0.9996825456619263,-0.02519376389682293,3410.34,3409.98,3121.33,2067.07,6211,4137,,,,,,
kicker,ground_truth,DSC_6497.png,DSC_6497,,,True,-0.3343418836593628,1.875913381576538,-0.24139907956123352,-0.910790205001831,0.00891431886702776,-0.4127732217311859,0.4128647446632385,0.0148885827511549,-0.9106706380844116,-0.001972400350496173,-0.9998493790626526,-0.01724078506231308,3410.34,3409.98,3121.33,2067.07,6211,4137,,,,,,
meadow,ground_truth,DSC_6560.png,DSC_6560,,,True,-1.891432762145996,-13.185599327087402,4.131355285644531,-0.22737209498882294,-0.010820082388818264,-0.9737478494644165,0.9637365937232971,-0.14593975245952606,-0.22341279685497284,-0.13969117403030396,-0.9892342686653137,0.0436103381216526,3406.79,3404.57,3117.79,2065.86,6201,4135,,,,,,
meadow,ground_truth,DSC_6559.png,DSC_6559,,,True,0.10414919257164001,-12.514178276062012,4.286513805389404,0.9443854093551636,0.000668551423586905,-0.3288399875164032,0.32739579677581787,0.09172782301902771,0.940424382686615,0.030792497098445892,-0.9957839250564575,0.08640753477811813,3406.79,3404.57,3117.79,2065.86,6201,4135,,,,,,
meadow,ground_truth,DSC_6558.png,DSC_6558,,,True,5.194890022277832,-7.119551181793213,4.041285991668701,0.4943768084049225,-0.13624131679534912,-0.8585044741630554,0.8692346811294556,0.07208908349275589,0.48911571502685547,-0.0047489674761891365,-0.988049328327179,0.1540648341178894,3406.79,3404.57,3117.79,2065.86,6201,4135,,,,,,
meadow,ground_truth,DSC_6557.png,DSC_6557,,,True,8.522653579711914,1.6795175075531006,3.676581621170044,0.16478736698627472,-0.06287363916635513,-0.9843231439590454,0.9861423373222351,-0.008918263018131256,0.16566157341003418,-0.01919419877231121,-0.997981607913971,0.06053273752331734,3406.79,3404.57,3117.79,2065.86,6201,4135,,,,,,
meadow,ground_truth,DSC_6556.png,DSC_6556,,,True,9.468626022338867,3.6698176860809326,3.6403748989105225,0.02265729382634163,-0.09131253510713577,-0.9955644607543945,0.9992409348487854,0.033634357154369354,0.019656037911772728,0.0316903293132782,-0.9952540993690491,0.09200528264045715,3406.79,3404.57,3117.79,2065.86,6201,4135,,,,,,
meadow,ground_truth,DSC_6553.png,DSC_6553,,,True,9.134462356567383,-2.190758466720581,3.708690881729126,0.8925875425338745,-0.026571424677968025,-0.45009055733680725,0.4507210850715637,0.07859837263822556,0.889197826385498,0.011749130673706532,-0.9965521693229675,0.08213222771883011,3406.79,3404.57,3117.79,2065.86,6201,4135,,,,,,
meadow,ground_truth,DSC_6548.png,DSC_6548,,,True,9.069525718688965,2.008840560913086,3.655059814453125,-0.4601462483406067,-0.027239790186285973,-0.8874251246452332,0.8878129720687866,-0.0223553404211998,-0.4596611261367798,-0.007317619398236275,-0.9993789196014404,0.0344705656170845,3406.79,3404.57,3117.79,2065.86,6201,4135,,,,,,
meadow,ground_truth,DSC_6547.png,DSC_6547,,,True,9.988518714904785,-0.43705517053604126,3.686699390411377,-0.05652473866939545,-0.0362861193716526,-0.9977415800094604,0.9977375864982605,0.03437604755163193,-0.05777471140027046,0.03639483451843262,-0.9987500309944153,0.03426092863082886,3406.79,3404.57,3117.79,2065.86,6201,4135,,,,,,
meadow,ground_truth,DSC_6541.png,DSC_6541,,,True,-5.975620746612549,-6.410790920257568,3.4963409900665283,-0.5516120195388794,-0.05695861950516701,-0.8321537375450134,0.8338626623153687,-0.013821599073708057,-0.5517988204956055,0.01992800645530224,-0.9982808232307434,0.0551198311150074,3406.79,3404.57,3117.79,2065.86,6201,4135,,,,,,
meadow,ground_truth,DSC_6540.png,DSC_6540,,,True,-1.9143341779708862,-8.915365219116211,3.7460474967956543,-0.39283111691474915,0.0198524072766304,-0.9193962812423706,0.9194315671920776,-0.011247572489082813,-0.39308905601501465,-0.018144741654396057,-0.9997396469116211,-0.013834533281624317,3406.79,3404.57,3117.79,2065.86,6201,4135,,,,,,
meadow,ground_truth,DSC_6539.png,DSC_6539,,,True,0.5893920660018921,-13.313273429870605,4.337108135223389,-0.07176688313484192,-0.009117676876485348,-0.997379720211029,0.9974209666252136,-0.0016183950938284397,-0.071755051612854,-0.0009599150507710874,-0.9999570846557617,0.009210309945046902,3406.79,3404.57,3117.79,2065.86,6201,4135,,,,,,
meadow,ground_truth,DSC_6538.png,DSC_6538,,,True,6.138944149017334,-5.781984329223633,3.9589953422546387,0.08415547013282776,-0.1154656782746315,-0.9897401332855225,0.9964447617530823,0.013692658394575119,0.08312813192605972,0.00395372835919261,-0.9932170510292053,0.11620748043060303,3406.79,3404.57,3117.79,2065.86,6201,4135,,,,,,
meadow,ground_truth,DSC_6537.png,DSC_6537,,,True,5.425259113311768,-8.045196533203125,3.9930953979492188,0.3314730226993561,-0.1399235874414444,-0.9330310821533203,0.9432834982872009,0.06853248178958893,0.32483774423599243,0.01849047839641571,-0.9877877831459045,0.1547042727470398,3406.79,3404.57,3117.79,2065.86,6201,4135,,,,,,
meadow,ground_truth,DSC_6536.png,DSC_6536,,,True,4.183969020843506,-10.17565631866455,4.072720527648926,0.6349533200263977,-0.09496281296014786,-0.7666918635368347,0.7695647478103638,-0.00942003633826971,0.6384992599487305,-0.06785595417022705,-0.9954362511634827,0.06709875166416168,3406.79,3404.57,3117.79,2065.86,6201,4135,,,,,,
meadow,ground_truth,DSC_6535.png,DSC_6535,,,True,1.5964256525039673,-12.816487312316895,4.304633617401123,0.9489913582801819,-0.04662315919995308,-0.31183600425720215,0.31500500440597534,0.09726933389902115,0.9440923929214478,-0.013684489764273167,-0.9941654205322266,0.10699428617954254,3406.79,3404.57,3117.79,2065.86,6201,4135,,,,,,
office,ground_truth,DSC_0255.png,DSC_0255,,,True,-1.5541738271713257,-0.9193785190582275,-0.20293165743350983,-0.8122105598449707,-0.14735493063926697,0.5644471049308777,-0.5833431482315063,0.19690154492855072,-0.7879977822303772,0.004974839743226767,-0.9692865014076233,-0.2458840012550354,3437.84,3435.95,3127.19,2066.98,6221,4146,,,,,,
office,ground_truth,DSC_0254.png,DSC_0254,,,True,-0.10249097645282745,-0.9991030693054199,-0.201969712972641,-0.5999314785003662,0.19351863861083984,-0.7762942314147949,0.8000245690345764,0.15305012464523315,-0.5801175236701965,0.0065483758226037025,-0.9690852761268616,-0.24663926661014557,3437.84,3435.95,3127.19,2066.98,6221,4146,,,,,,
office,ground_truth,DSC_0253.png,DSC_0253,,,True,-0.15092143416404724,-0.7246266007423401,-0.20166155695915222,-0.7895128726959229,0.14632904529571533,-0.596034586429596,0.6136947870254517,0.19920316338539124,-0.7640005350112915,0.006936515215784311,-0.9689716100692749,-0.24707484245300293,3437.84,3435.95,3127.19,2066.98,6221,4146,,,,,,
office,ground_truth,DSC_0252.png,DSC_0252,,,True,-1.7744640111923218,-0.4599039852619171,-0.20305296778678894,-0.9918438196182251,-0.035142384469509125,0.1225191280245781,-0.12739095091819763,0.24179694056510925,-0.961928129196167,0.004179696552455425,-0.9696903228759766,-0.24430161714553833,3437.84,3435.95,3127.19,2066.98,6221,4146,,,,,,
office,ground_truth,DSC_0238.png,DSC_0238,,,True,-0.8319051265716553,-0.3721693456172943,-0.212764173746109,0.3569994568824768,-0.8031360507011414,-0.4769946336746216,0.9313459396362305,0.2668227255344391,0.2477911114692688,-0.07173696905374527,-0.5327083468437195,0.8432530164718628,3437.84,3435.95,3127.19,2066.98,6221,4146,,,,,,
office,ground_truth,DSC_0239.png,DSC_0239,,,True,-1.3019375801086426,-0.41796064376831055,-0.21323050558567047,0.9391685724258423,-0.3232344686985016,-0.11611174046993256,0.33568453788757324,0.7923581600189209,0.5093961954116821,-0.07265230268239975,-0.517385721206665,0.8526626229286194,3437.84,3435.95,3127.19,2066.98,6221,4146,,,,,,
office,ground_truth,DSC_0240.png,DSC_0240,,,True,-1.5990005731582642,-0.08897574990987778,-0.21538999676704407,0.5051714777946472,0.7196676731109619,0.47631943225860596,-0.8593335151672363,0.4704136848449707,0.20064111053943634,-0.07967226952314377,-0.5106754302978516,0.8560741543769836,3437.84,3435.95,3127.19,2066.98,6221,4146,,,,,,
office,ground_truth,DSC_0241.png,DSC_0241,,,True,-1.527275562286377,0.2911800444126129,-0.2137705236673355,-0.5476108193397522,0.737663745880127,0.39493605494499207,-0.8333584070205688,-0.4384775459766388,-0.3365281820297241,-0.07507406175136566,-0.5134097933769226,0.8548533320426941,3437.84,3435.95,3127.19,2066.98,6221,4146,,,,,,
office,ground_truth,DSC_0242.png,DSC_0242,,,True,-1.1910141706466675,0.06390883773565292,-0.2283279299736023,-0.9969837069511414,-0.07512076199054718,0.01950092427432537,-0.05533546954393387,0.5118506550788879,-0.8572904467582703,0.05441875010728836,-0.8557837605476379,-0.5144635438919067,3437.84,3435.95,3127.19,2066.98,6221,4146,,,,,,
office,ground_truth,DSC_0243.png,DSC_0243,,,True,-0.996259331703186,0.047349363565444946,-0.22943530976772308,-0.751772940158844,0.30501073598861694,-0.584641695022583,0.6575450897216797,0.4135836660861969,-0.6297483444213867,0.04971824958920479,-0.857856035232544,-0.5114793181419373,3437.84,3435.95,3127.19,2066.98,6221,4146,,,,,,
office,ground_truth,DSC_0248.png,DSC_0248,,,True,-1.4887572526931763,0.2304472029209137,-0.23159383237361908,-0.7829315662384033,-0.36718302965164185,0.5021899342536926,-0.6202521920204163,0.39842450618743896,-0.6756812930107117,0.04801390320062637,-0.8404966592788696,-0.5396851897239685,3437.84,3435.95,3127.19,2066.98,6221,4146,,,,,,
office,ground_truth,DSC_0249.png,DSC_0249,,,True,-0.5571680068969727,-0.3581186532974243,-0.2032065987586975,-0.9758188724517822,-0.06145627051591873,0.2097633332014084,-0.21843749284744263,0.23944847285747528,-0.9460177421569824,0.007911212742328644,-0.9689620733261108,-0.2470826953649521,3437.84,3435.95,3127.19,2066.98,6221,4146,,,,,,
office,ground_truth,DSC_0250.png,DSC_0250,,,True,-1.1706353425979614,-0.35246947407722473,-0.20277172327041626,-0.9942474961280823,-0.03657200559973717,0.10067009925842285,-0.1065695509314537,0.2437150776386261,-0.9639739990234375,0.01071964018046856,-0.9691570401191711,-0.24621056020259857,3437.84,3435.95,3127.19,2066.98,6221,4146,,,,,,
office,ground_truth,DSC_0251.png,DSC_0251,,,True,-1.4620277881622314,-0.39908620715141296,-0.20289106667041779,-0.9686567187309265,-0.06732925772666931,0.23910461366176605,-0.24831022322177887,0.23609387874603271,-0.9394688606262207,0.0068026091903448105,-0.9693949222564697,-0.2454124540090561,3437.84,3435.95,3127.19,2066.98,6221,4146,,,,,,
office,ground_truth,DSC_0237.png,DSC_0237,,,True,-0.8992935419082642,0.11444578319787979,-0.21245837211608887,-0.6281309127807617,-0.6269087791442871,-0.4609088599681854,0.7749496102333069,-0.5573351979255676,-0.2980446219444275,-0.0700339674949646,-0.5443921685218811,0.8359021544456482,3437.84,3435.95,3127.19,2066.98,6221,4146,,,,,,
office,ground_truth,DSC_0236.png,DSC_0236,,,True,-1.3418806791305542,0.1846686452627182,-0.2081330418586731,-0.9922313094139099,0.12427913397550583,0.005634036846458912,-0.10572304576635361,-0.8184804320335388,-0.5647233128547668,-0.06557197868824005,-0.5609317421913147,0.8252610564231873,3437.84,3435.95,3127.19,2066.98,6221,4146,,,,,,
office,ground_truth,DSC_0219.png,DSC_0219,,,True,-1.6126614809036255,-0.040459368377923965,-0.18527741730213165,-0.9292212724685669,0.017847592011094093,0.36909252405166626,-0.3690238296985626,0.007120261434465647,-0.9293926954269409,-0.019215457141399384,-0.9998154044151306,-3.0111637897789478e-05,3437.84,3435.95,3127.19,2066.98,6221,4146,,,,,,
office,ground_truth,DSC_0220.png,DSC_0220,,,True,-1.4302295446395874,0.24477067589759827,-0.1845187395811081,-0.9933803081512451,0.016630174592137337,-0.11366186290979385,0.11363373696804047,-0.0026294677518308163,-0.9935191869735718,-0.016821270808577538,-0.9998582601547241,0.0007223124848678708,3437.84,3435.95,3127.19,2066.98,6221,4146,,,,,,
office,ground_truth,DSC_0221.png,DSC_0221,,,True,-1.1287171840667725,0.3353458344936371,-0.18424977362155914,-0.7873476147651672,0.009173637256026268,-0.616441011428833,0.6163308024406433,-0.01234706211835146,-0.7873905301094055,-0.014834471046924591,-0.9998816847801208,0.004067434463649988,3437.84,3435.95,3127.19,2066.98,6221,4146,,,,,,
office,ground_truth,DSC_0222.png,DSC_0222,,,True,-1.0278942584991455,0.06748776882886887,-0.18410024046897888,-0.4464952051639557,0.0025977403856813908,-0.8947822451591492,0.8946271538734436,-0.01754523627460003,-0.4464687705039978,-0.01685897633433342,-0.9998427033424377,0.005509854294359684,3437.84,3435.95,3127.19,2066.98,6221,4146,,,,,,
office,ground_truth,DSC_0223.png,DSC_0223,,,True,-1.006122350692749,-0.18161004781723022,-0.18380549550056458,-0.1293875128030777,-0.005138230510056019,-0.9915807843208313,0.9914275407791138,-0.018999027088284492,-0.1292690634727478,-0.018174858763813972,-0.99980628490448,0.007552420254796743,3437.84,3435.95,3127.19,2066.98,6221,4146,,,,,,
office,ground_truth,DSC_0228.png,DSC_0228,,,True,-1.4951653480529785,0.22122377157211304,-0.1846691071987152,-0.21645310521125793,0.009613648056983948,0.976245641708374,-0.9760644435882568,0.019507696852087975,-0.2166050225496292,-0.02112666703760624,-0.9997634887695312,0.005161038134247065,3437.84,3435.95,3127.19,2066.98,6221,4146,,,,,,
office,ground_truth,DSC_0229.png,DSC_0229,,,True,-1.4090250730514526,0.3362913727760315,-0.18617366254329681,-0.8872182369232178,0.018714359030127525,0.4609701633453369,-0.46098557114601135,0.0037385541945695877,-0.8873997330665588,-0.01833047904074192,-0.9998178482055664,0.00531013635918498,3437.84,3435.95,3127.19,2066.98,6221,4146,,,,,,
office,ground_truth,DSC_0230.png,DSC_0230,,,True,-1.2529690265655518,0.19905491173267365,-0.1777794063091278,-0.9960492849349976,0.06541070342063904,0.060059815645217896,-0.07813067734241486,-0.32406771183013916,-0.9428020119667053,-0.04220589995384216,-0.9437698721885681,0.3278979957103729,3437.84,3435.95,3127.19,2066.98,6221,4146,,,,,,
office,ground_truth,DSC_0231.png,DSC_0231,,,True,-1.0430331230163574,-0.035540588200092316,-0.1807531714439392,-0.5523974895477295,-0.2546393573284149,-0.7937353849411011,0.8322849869728088,-0.22155477106571198,-0.508148729801178,-0.04646117240190506,-0.941314160823822,0.3343188166618347,3437.84,3435.95,3127.19,2066.98,6221,4146,,,,,,
office,ground_truth,DSC_0235.png,DSC_0235,,,True,-1.4504395723342896,0.1922335922718048,-0.17704150080680847,-0.396108478307724,0.3200530409812927,0.8606184720993042,-0.9170330762863159,-0.09057807922363281,-0.388388991355896,-0.04635192081332207,-0.9430597424507141,0.3293779492378235,3437.84,3435.95,3127.19,2066.98,6221,4146,,,,,,
pipes,ground_truth,DSC_0647.png,DSC_0647,,,True,-1.2368451356887817,-0.38840776681900024,0.18380339443683624,0.1661514937877655,0.03507256880402565,0.9854763150215149,-0.9859116673469543,0.025449810549616814,0.16531915962696075,-0.019282018765807152,-0.9990606307983398,0.0388069823384285,3430.27,3429.23,3119.2,2057.75,6220,4141,,,,,,
pipes,ground_truth,DSC_0646.png,DSC_0646,,,True,-1.1374237537384033,0.4992941617965698,0.18516281247138977,-0.3178170323371887,0.04389685392379761,0.947135329246521,-0.9479385614395142,0.006486659869551659,-0.3183871805667877,-0.020119938999414444,-0.9990149736404419,0.039549946784973145,3430.27,3429.23,3119.2,2057.75,6220,4141,,,,,,
pipes,ground_truth,DSC_0645.png,DSC_0645,,,True,0.7133830785751343,-0.056282855570316315,0.18858246505260468,0.97904372215271,-0.06599878519773483,-0.192659392952919,0.20348456501960754,0.27886098623275757,0.9385257363319397,-0.008216374553740025,-0.9580609202384949,0.28644680976867676,3430.27,3429.23,3119.2,2057.75,6220,4141,,,,,,
pipes,ground_truth,DSC_0644.png,DSC_0644,,,True,-0.01384797040373087,-0.02570870704948902,0.1888982206583023,0.9796369671821594,-0.060772430151700974,-0.19135862588882446,0.20075835287570953,0.28349581360816956,0.9377239942550659,-0.002738392911851406,-0.95704585313797,0.2899235486984253,3430.27,3429.23,3119.2,2057.75,6220,4141,,,,,,
pipes,ground_truth,DSC_0643.png,DSC_0643,,,True,-1.0273369550704956,0.07878993451595306,0.1905660182237625,0.9063132405281067,0.11338464915752411,0.4071120619773865,-0.4225027859210968,0.26445311307907104,0.8669232726097107,-0.00936626736074686,-0.9577099680900574,0.2875826954841614,3430.27,3429.23,3119.2,2057.75,6220,4141,,,,,,
pipes,ground_truth,DSC_0642.png,DSC_0642,,,True,1.2394322156906128,0.3823964595794678,0.18292565643787384,0.628838300704956,-0.026391100138425827,-0.7770881056785583,0.7775098085403442,0.013125517405569553,0.6287338137626648,-0.006393293384462595,-0.9995654821395874,0.028773166239261627,3430.27,3429.23,3119.2,2057.75,6220,4141,,,,,,
pipes,ground_truth,DSC_0641.png,DSC_0641,,,True,0.5088199973106384,1.1742453575134277,0.1860288381576538,-0.18964381515979767,-0.017997747287154198,-0.9816880226135254,0.9818517565727234,-0.005010891705751419,-0.18958359956741333,-0.001507054315879941,-0.9998254776000977,0.018621405586600304,3430.27,3429.23,3119.2,2057.75,6220,4141,,,,,,
pipes,ground_truth,DSC_0640.png,DSC_0640,,,True,0.583431601524353,0.3113328814506531,0.1845833659172058,-0.151458278298378,-0.02223433367908001,-0.9882135391235352,0.9884592890739441,-0.00637839687988162,-0.15135245025157928,-0.002937997691333294,-0.9997324347496033,0.02294379472732544,3430.27,3429.23,3119.2,2057.75,6220,4141,,,,,,
pipes,ground_truth,DSC_0639.png,DSC_0639,,,True,0.5769463777542114,-0.7326158285140991,0.18334153294563293,0.02681659534573555,-0.017716223374009132,-0.9994834065437317,0.9996311664581299,-0.003824274055659771,0.026888346299529076,-0.004298658110201359,-0.999835729598999,0.017607135698199272,3430.27,3429.23,3119.2,2057.75,6220,4141,,,,,,
pipes,ground_truth,DSC_0638.png,DSC_0638,,,True,1.0640653371810913,-0.42910343408584595,0.18200862407684326,0.8901567459106445,0.0025596353225409985,0.45564717054367065,-0.4555920660495758,0.02153279446065426,0.8899281620979309,-0.0075334650464355946,-0.9997648596763611,0.02033371292054653,3430.27,3429.23,3119.2,2057.75,6220,4141,,,,,,
pipes,ground_truth,DSC_0637.png,DSC_0637,,,True,0.6047927737236023,0.20421253144741058,0.18501071631908417,0.7555941939353943,0.013054491020739079,0.6549099683761597,-0.6550171971321106,0.023416556417942047,0.7552511096000671,-0.005476317368447781,-0.9996405243873596,0.026244329288601875,3430.27,3429.23,3119.2,2057.75,6220,4141,,,,,,
pipes,ground_truth,DSC_0636.png,DSC_0636,,,True,0.4850885272026062,-0.02340167947113514,0.18262620270252228,0.9558634161949158,-0.009533533826470375,-0.2936567962169647,0.2937981188297272,0.021477743983268738,0.9556261301040649,-0.0028034092392772436,-0.9997239112854004,0.023330723866820335,3430.27,3429.23,3119.2,2057.75,6220,4141,,,,,,
pipes,ground_truth,DSC_0635.png,DSC_0635,,,True,-0.28631675243377686,-0.08038280159235,0.18150021135807037,0.9984989166259766,-0.005424767266958952,-0.05450138822197914,0.054623544216156006,0.02573656290769577,0.998175323009491,-0.004012190271168947,-0.9996540546417236,0.025994250550866127,3430.27,3429.23,3119.2,2057.75,6220,4141,,,,,,
pipes,ground_truth,DSC_0634.png,DSC_0634,,,True,-0.8624590635299683,-0.07181409001350403,0.18187826871871948,0.9874868988990784,-0.00225514592602849,0.15768489241600037,-0.1575707197189331,0.026529507711529732,0.9871513247489929,-0.006409472785890102,-0.9996455311775208,0.025842195376753807,3430.27,3429.23,3119.2,2057.75,6220,4141,,,,,,
playground,ground_truth,DSC_0606.png,DSC_0606,,,True,2.9042246341705322,-3.2189722061157227,0.8795928955078125,0.9787045121192932,-0.051793280988931656,0.19863265752792358,-0.19634446501731873,0.04610005393624306,0.9794506430625916,-0.059885941445827484,-0.9975932240486145,0.03494900465011597,3433.17,3432.1,3114.53,2080.69,6215,4141,,,,,,
playground,ground_truth,DSC_0605.png,DSC_0605,,,True,0.784835934638977,-0.8951284885406494,0.8663936257362366,0.19004882872104645,0.028197690844535828,0.9813696146011353,-0.9810683131217957,-0.032456688582897186,0.1909230500459671,0.037235599011182785,-0.9990752935409546,0.021495504304766655,3432.98,3431.61,3112.58,2078.5,6215,4140,,,,,,
playground,ground_truth,DSC_0604.png,DSC_0604,,,True,1.5545340776443481,-2.0745742321014404,0.912157416343689,0.7419393658638,-0.012477422133088112,0.6703509092330933,-0.6699606776237488,0.025052044540643692,0.7419738173484802,-0.026051580905914307,-0.9996082782745361,0.010227716527879238,3433.17,3432.1,3114.53,2080.69,6215,4141,,,,,,
playground,ground_truth,DSC_0603.png,DSC_0603,,,True,2.8887760639190674,-2.925097942352295,0.8796518445014954,0.8553459048271179,-0.04371684044599533,0.5162094235420227,-0.5150812268257141,0.03488664701581001,0.8564311265945435,-0.05544927716255188,-0.9984346628189087,0.007322424091398716,3433.17,3432.1,3114.53,2080.69,6215,4141,,,,,,
playground,ground_truth,DSC_0602.png,DSC_0602,,,True,3.5396413803100586,-2.937908172607422,0.8666945695877075,0.9571112394332886,-0.009676467627286911,0.28955915570259094,-0.28929373621940613,0.022326044738292694,0.9569799900054932,-0.015724895521998405,-0.9997039437294006,0.018569165840744972,3433.17,3432.1,3114.53,2080.69,6215,4141,,,,,,
playground,ground_truth,DSC_0599.png,DSC_0599,,,True,2.8646271228790283,-0.22488008439540863,0.8461402654647827,-0.520138144493103,-0.03617704659700394,-0.8533155918121338,0.8538824915885925,-0.04363146796822548,-0.5186337828636169,-0.01846877671778202,-0.9983924627304077,0.05358533561229706,3428.8,3428.38,3109.46,2074.63,6209,4137,,,,,,
playground,ground_truth,DSC_0598.png,DSC_0598,,,True,2.892204761505127,-0.9746286273002625,0.8503069877624512,0.3221420645713806,-0.058535538613796234,-0.9448798894882202,0.9460306167602539,-0.017378034070134163,0.32361096143722534,-0.03536289930343628,-0.9981340169906616,0.04977821558713913,3431.61,3429.47,3112.68,2077.94,6221,4146,,,,,,
playground,ground_truth,DSC_0597.png,DSC_0597,,,True,1.7852575778961182,-1.660430908203125,0.8976709246635437,0.9966808557510376,-0.051595404744148254,0.06296920776367188,-0.054705895483493805,0.1483270525932312,0.9874241352081299,-0.06028658151626587,-0.9875915050506592,0.14501215517520905,3433.17,3432.1,3114.53,2080.69,6215,4141,,,,,,
playground,ground_truth,DSC_0596.png,DSC_0596,,,True,0.7200060486793518,-1.1713443994522095,0.8915526270866394,0.724612832069397,0.03998498618602753,0.687995195388794,-0.688822329044342,0.07309427112340927,0.7212358117103577,-0.02144991047680378,-0.9965232014656067,0.08050760626792908,3433.17,3432.1,3114.53,2080.69,6215,4141,,,,,,
playground,ground_truth,DSC_0595.png,DSC_0595,,,True,0.03295735642313957,-0.3185763359069824,0.843869149684906,-0.3297825753688812,-0.011480764485895634,0.9439871311187744,-0.9439793229103088,0.01682989113032818,-0.32957521080970764,-0.012103424407541752,-0.9997924566268921,-0.016387810930609703,3431.61,3429.47,3112.68,2077.94,6221,4146,,,,,,
playground,ground_truth,DSC_0594.png,DSC_0594,,,True,0.420692503452301,0.46708059310913086,0.8340347409248352,-0.9612299799919128,0.0005063488497398794,0.2757473289966583,-0.27540796995162964,0.04786672815680504,-0.9601349830627441,-0.013685286045074463,-0.9988535642623901,-0.04587148502469063,3434.17,3433.62,3110.69,2080.37,6214,4139,,,,,,
playground,ground_truth,DSC_0593.png,DSC_0593,,,True,1.7863399982452393,1.2205523252487183,1.1260424852371216,-0.8214833736419678,0.09020097553730011,-0.5630531907081604,0.569456934928894,0.0782855823636055,-0.8182848691940308,-0.02973114512860775,-0.9928419589996338,-0.11567586660385132,3428.8,3428.38,3109.46,2074.63,6209,4137,,,,,,
playground,ground_truth,DSC_0592.png,DSC_0592,,,True,1.7492303848266602,1.3787740468978882,1.012333631515503,-0.30034688115119934,-0.16423171758651733,-0.9395848512649536,0.953106164932251,-0.09004547446966171,-0.28892987966537476,-0.03715391457080841,-0.9823033213615417,0.18357513844966888,3428.38,3428.8,2062.37,3109.46,4137,6209,,,,,,
playground,ground_truth,DSC_0591.png,DSC_0591,,,True,1.1174290180206299,0.17267318069934845,0.7508723139762878,0.014881870709359646,-0.16207291185855865,-0.9866665601730347,0.9994570016860962,0.031423624604940414,0.009913046844303608,0.029398003593087196,-0.9862783551216125,0.1624525487422943,3428.38,3428.8,2062.37,3109.46,4137,6209,,,,,,
playground,ground_truth,DSC_0590.png,DSC_0590,,,True,0.7096907496452332,-1.7824863195419312,0.7972570061683655,0.6265354156494141,-0.13528184592723846,-0.7675625085830688,0.768695592880249,-0.05534893646836281,0.6372154951095581,-0.12868745625019073,-0.9892600178718567,0.06931249052286148,3428.38,3428.8,2062.37,3109.46,4137,6209,,,,,,
playground,ground_truth,DSC_0589.png,DSC_0589,,,True,0.9588381052017212,-1.4634417295455933,0.7736115455627441,0.5436791181564331,-0.11666855216026306,-0.8311446309089661,0.8297989964485168,-0.07381021231412888,0.553159773349762,-0.1258833110332489,-0.990424394607544,0.05668237432837486,3428.38,3428.8,2062.37,3109.46,4137,6209,,,,,,
playground,ground_truth,DSC_0579.png,DSC_0579,,,True,1.1181577444076538,-0.9564065337181091,0.8663787245750427,-0.3540874421596527,0.08694402128458023,-0.9311621189117432,0.9351559281349182,0.02198585495352745,-0.35355332493782043,-0.010266952216625214,-0.9959705471992493,-0.08909113705158234,3428.8,3428.38,3109.46,2074.63,6209,4137,,,,,,
playground,ground_truth,DSC_0580.png,DSC_0580,,,True,1.4635624885559082,-1.1485810279846191,0.8743281364440918,-0.6238626837730408,0.06214319169521332,-0.7790594100952148,0.7814748883247375,0.03734723478555679,-0.6228179335594177,-0.00960818026214838,-0.9973682761192322,-0.07186289131641388,3431.61,3429.47,3112.68,2077.94,6221,4146,,,,,,
playground,ground_truth,DSC_0581.png,DSC_0581,,,True,1.9297436475753784,-1.3200464248657227,0.8722571134567261,-0.9430456757545471,0.006228465121239424,-0.3326050341129303,0.33214497566223145,0.07342519611120224,-0.9403661489486694,0.018564553931355476,-0.9972813129425049,-0.0713120624423027,3431.61,3429.47,3112.68,2077.94,6221,4146,,,,,,
playground,ground_truth,DSC_0582.png,DSC_0582,,,True,2.1993954181671143,-1.2125697135925293,0.8574634790420532,-0.9619653820991516,-0.0635051280260086,0.26568707823753357,-0.27102115750312805,0.10008370876312256,-0.9573561549186707,0.034206077456474304,-0.9929503202438354,-0.11348830163478851,3428.8,3428.38,3109.46,2074.63,6209,4137,,,,,,
playground,ground_truth,DSC_0583.png,DSC_0583,,,True,2.171142578125,-0.9120638966560364,0.8520348072052002,-0.7949677109718323,-0.08872833847999573,0.6001280546188354,-0.606096088886261,0.07383092492818832,-0.791957437992096,0.025961052626371384,-0.9933157563209534,-0.1124710887670517,3428.8,3428.38,3109.46,2074.63,6209,4137,,,,,,
playground,ground_truth,DSC_0584.png,DSC_0584,,,True,1.9821773767471313,-0.6731851100921631,0.8475121855735779,-0.5201711058616638,-0.1137591227889061,0.8464518785476685,-0.8535230755805969,0.03403685986995697,-0.5199422240257263,0.03033760003745556,-0.9929251074790955,-0.11480102688074112,3431.61,3429.47,3112.68,2077.94,6221,4146,,,,,,
playground,ground_truth,DSC_0585.png,DSC_0585,,,True,1.6922768354415894,-0.4928320348262787,0.8468145728111267,-0.1765897274017334,-0.12735554575920105,0.9760105609893799,-0.9838472008705139,-0.006717775482684374,-0.17888419330120087,0.029338514432311058,-0.9918343424797058,-0.12411212176084518,3432.98,3431.61,3112.58,2078.5,6215,4140,,,,,,
playground,ground_truth,DSC_0586.png,DSC_0586,,,True,1.4612438678741455,-0.3929171860218048,0.8455145359039307,0.23771771788597107,-0.11863117665052414,0.9640626907348633,-0.9704766869544983,-0.07070609927177429,0.23059862852096558,0.04080893099308014,-0.9904177784919739,-0.13193687796592712,3432.98,3431.61,3112.58,2078.5,6215,4140,,,,,,
playground,ground_truth,DSC_0587.png,DSC_0587,,,True,1.430206060409546,-0.25335973501205444,0.719433605670929,0.1501157283782959,-0.0818682536482811,-0.9852729439735413,0.9864046573638916,-0.05499863252043724,0.1548580825328827,-0.06686662882566452,-0.9951245188713074,0.07249906659126282,3433.62,3434.17,2058.63,3110.69,4139,6214,,,,,,
playground,ground_truth,DSC_0588.png,DSC_0588,,,True,1.2499518394470215,-0.8376441597938538,0.7278191447257996,0.32922306656837463,-0.10799025744199753,-0.9380566477775574,0.9340415000915527,-0.10845629125833511,0.340299516916275,-0.13848719000816345,-0.9882183074951172,0.06516106426715851,3428.38,3428.8,2062.37,3109.46,4137,6209,,,,,,
playground,ground_truth,DSC_0578.png,DSC_0578,,,True,0.7732446789741516,-0.8446046710014343,0.86710125207901,-0.19573460519313812,0.11147370934486389,-0.9743005633354187,0.9805781841278076,0.009660420008003712,-0.19589050114154816,-0.012424486689269543,-0.9937204718589783,-0.11119956523180008,3434.17,3433.62,3110.69,2080.37,6214,4139,,,,,,
playground,ground_truth,DSC_0577.png,DSC_0577,,,True,0.41399946808815,-0.7791411876678467,0.8635337948799133,-0.036293577402830124,0.12580838799476624,-0.9913904070854187,0.9991589188575745,-0.014377494342625141,-0.038402486592531204,-0.01908506453037262,-0.9919503331184387,-0.12518075108528137,3434.17,3433.62,3110.69,2080.37,6214,4139,,,,,,
playground,ground_truth,DSC_0567.png,DSC_0567,,,True,2.05242919921875,-1.1631475687026978,0.8608391880989075,0.2849218249320984,-0.23939314484596252,0.9281759262084961,-0.9575961232185364,-0.02788211591541767,0.28676167130470276,-0.04276926442980766,-0.9705222845077515,-0.23718616366386414,3433.17,3432.1,3114.53,2080.69,6215,4141,,,,,,
playground,ground_truth,DSC_0568.png,DSC_0568,,,True,1.827148675918579,-0.7004510164260864,0.8476407527923584,0.6199722290039062,-0.21471905708312988,0.7546722292900085,-0.7820253372192383,-0.09088654816150665,0.6165841221809387,-0.0638028159737587,-0.972437858581543,-0.22426287829875946,3433.17,3432.1,3114.53,2080.69,6215,4141,,,,,,
playground,ground_truth,DSC_0569.png,DSC_0569,,,True,1.6149117946624756,-0.4616299271583557,0.8442329168319702,0.6317548155784607,-0.21979184448719025,0.7433555126190186,-0.7711629867553711,-0.08084437996149063,0.6314838528633118,-0.07869888097047806,-0.9721912145614624,-0.22056914865970612,3433.17,3432.1,3114.53,2080.69,6215,4141,,,,,,
playground,ground_truth,DSC_0570.png,DSC_0570,,,True,1.3836594820022583,-0.3768937885761261,0.8456549644470215,0.7673134207725525,-0.20609517395496368,0.6072518825531006,-0.6344486474990845,-0.10620421171188354,0.7656340599060059,-0.09330078214406967,-0.9727514386177063,-0.21224871277809143,3433.17,3432.1,3114.53,2080.69,6215,4141,,,,,,
playground,ground_truth,DSC_0571.png,DSC_0571,,,True,1.0811985731124878,-0.2728566825389862,0.8525921106338501,0.91255122423172,-0.07360029965639114,0.4022851288318634,-0.40616896748542786,-0.04833035171031952,0.9125189781188965,-0.04771909490227699,-0.996116042137146,-0.07399807870388031,3433.17,3432.1,3114.53,2080.69,6215,4141,,,,,,
playground,ground_truth,DSC_0572.png,DSC_0572,,,True,0.7481304407119751,-0.11684679239988327,0.8483507037162781,0.9809585809707642,-0.053882744163274765,0.18659311532974243,-0.19023872911930084,-0.07311180979013443,0.9790116548538208,-0.03910967335104942,-0.9958670735359192,-0.08197024464607239,3432.98,3431.61,3112.58,2078.5,6215,4140,,,,,,
playground,ground_truth,DSC_0573.png,DSC_0573,,,True,0.4536215364933014,-0.09375648945569992,0.8433389663696289,0.991104781627655,-0.03283952549099922,-0.12896816432476044,0.1246209666132927,-0.11104001104831696,0.9859714508056641,-0.046699460595846176,-0.9932732582092285,-0.10595980286598206,3432.98,3431.61,3112.58,2078.5,6215,4140,,,,,,
playground,ground_truth,DSC_0574.png,DSC_0574,,,True,0.24004638195037842,-0.18742609024047852,0.8445819020271301,0.8240801095962524,0.009243682958185673,-0.5663978457450867,0.5626575350761414,-0.12921445071697235,0.8165293335914612,-0.06563904881477356,-0.9915736317634583,-0.11168409138917923,3431.61,3429.47,3112.68,2077.94,6221,4146,,,,,,
playground,ground_truth,DSC_0575.png,DSC_0575,,,True,0.13152693212032318,-0.40612003207206726,0.8534852862358093,0.6185168027877808,0.02304396778345108,-0.7854335904121399,0.7800701260566711,-0.13820193707942963,0.6102384328842163,-0.09448613226413727,-0.990135908126831,-0.10345613211393356,3428.8,3428.38,3109.46,2074.63,6209,4137,,,,,,
playground,ground_truth,DSC_0576.png,DSC_0576,,,True,0.09896843880414963,-0.701363205909729,0.8594411015510559,0.19050224125385284,0.14020967483520508,-0.9716224670410156,0.9810954332351685,-0.06153997406363487,0.18347907066345215,-0.03406808152794838,-0.9882075190544128,-0.1492825597524643,3434.17,3433.62,3110.69,2080.37,6214,4139,,,,,,
relief,ground_truth,DSC_0457.png,DSC_0457,,,True,1.228602647781372,-1.2392522096633911,-0.21595768630504608,-0.8878007531166077,0.0016570925945416093,0.46022501587867737,-0.46020933985710144,0.005807255394756794,-0.8877913951873779,-0.004143796861171722,-0.9999817609786987,-0.004393076524138451,3415.02,3414.94,3120.97,2062.2,6212,4141,,,,,,
relief,ground_truth,DSC_0456.png,DSC_0456,,,True,0.5460292100906372,-1.439525842666626,-0.21752940118312836,-0.8886237740516663,-0.004687384702265263,0.458612859249115,-0.4586356282234192,0.011343714781105518,-0.8885520100593567,-0.0010373878758400679,-0.9999246597290039,-0.012230096384882927,3415.02,3414.94,3120.97,2062.2,6212,4141,,,,,,
relief,ground_truth,DSC_0455.png,DSC_0455,,,True,-0.24445246160030365,-1.763666033744812,-0.21694189310073853,-0.8970116376876831,-0.0020863802637904882,0.4420020878314972,-0.44200563430786133,0.006748158019036055,-0.8969869017601013,-0.0011112442007288337,-0.9999750852584839,-0.00697536813095212,3415.02,3414.94,3120.97,2062.2,6212,4141,,,,,,
relief,ground_truth,DSC_0454.png,DSC_0454,,,True,-1.1067911386489868,-2.024963140487671,-0.2169158160686493,-0.8818629384040833,-0.0007285500760190189,0.4715052545070648,-0.4714975357055664,0.007295119576156139,-0.8818372488021851,-0.0027972247917205095,-0.9999731183052063,-0.006776805501431227,3415.02,3414.94,3120.97,2062.2,6212,4141,,,,,,
relief,ground_truth,DSC_0453.png,DSC_0453,,,True,-0.4152638018131256,-0.6520770788192749,-0.21587175130844116,-0.9980916380882263,0.00034033716656267643,0.06174859032034874,-0.061748843640089035,-0.0008030429598875344,-0.9980913996696472,-0.0002901008410844952,-0.9999995827674866,0.0008225258789025247,3415.02,3414.94,3120.97,2062.2,6212,4141,,,,,,
relief,ground_truth,DSC_0452.png,DSC_0452,,,True,0.11411144584417343,-0.3059421479701996,-0.21627533435821533,-0.9327553510665894,0.00296354410238564,-0.36049771308898926,0.36050882935523987,0.005244775675237179,-0.9327410459518433,-0.0008734897710382938,-0.9999818205833435,-0.0059604765847325325,3415.02,3414.94,3120.97,2062.2,6212,4141,,,,,,
relief,ground_truth,DSC_0451.png,DSC_0451,,,True,0.41305655241012573,-3.1106655597686768,-0.2163916528224945,0.4386170506477356,-0.0019857301376760006,0.8986718654632568,-0.89867103099823,0.0016072827856987715,0.4386202394962311,-0.0023154013324528933,-0.9999967813491821,-0.0010795367415994406,3415.02,3414.94,3120.97,2062.2,6212,4141,,,,,,
relief,ground_truth,DSC_0450.png,DSC_0450,,,True,-0.0015198510373011231,-2.4843029975891113,-0.21618770062923431,0.47511500120162964,-0.0018854740774258971,0.8799216747283936,-0.8799163699150085,-0.005101481918245554,0.47510120272636414,0.0035931135062128305,-0.9999852180480957,-0.004082850180566311,3415.02,3414.94,3120.97,2062.2,6212,4141,,,,,,
relief,ground_truth,DSC_0449.png,DSC_0449,,,True,-0.4344422221183777,-1.9857137203216553,-0.21745248138904572,0.4790729880332947,-0.007877989672124386,0.8777397274971008,-0.8777466416358948,0.0037476434372365475,0.47911038994789124,-0.007063882425427437,-0.9999619126319885,-0.005119483917951584,3415.02,3414.94,3120.97,2062.2,6212,4141,,,,,,
relief,ground_truth,DSC_0439.png,DSC_0439,,,True,1.6533479690551758,-4.781113624572754,-0.3449842035770416,0.46536538004875183,-0.26944679021835327,-0.8431093692779541,0.8806265592575073,0.0451020784676075,0.47165945172309875,-0.08906113356351852,-0.9619585275650024,0.2582709491252899,3414.94,3415.02,2078.8,3120.97,4141,6212,,,,,,
relief,ground_truth,DSC_0440.png,DSC_0440,,,True,0.9336344003677368,-4.866682529449463,-0.21659542620182037,0.8862637877464294,-0.00451422156766057,-0.4631589353084564,0.4631439447402954,-0.0040033734403550625,0.8862740397453308,-0.005855035036802292,-0.9999817609786987,-0.0014573106309399009,3415.02,3414.94,3120.97,2062.2,6212,4141,,,,,,
relief,ground_truth,DSC_0441.png,DSC_0441,,,True,1.455482840538025,-4.365061283111572,-0.21854668855667114,0.8844995498657227,0.00033025030279532075,-0.4665409326553345,0.46653875708580017,0.0025206198915839195,0.8844971656799316,0.0014680776512250304,-0.9999967813491821,0.0020754123106598854,3415.02,3414.94,3120.97,2062.2,6212,4141,,,,,,
relief,ground_truth,DSC_0442.png,DSC_0442,,,True,1.949398159980774,-3.97255277633667,-0.21800017356872559,0.8642623424530029,-8.238682494265959e-05,-0.5030413866043091,0.5030351281166077,0.005098669324070215,0.864250898361206,0.002493638778105378,-0.999987006187439,0.0044480315409600735,3415.02,3414.94,3120.97,2062.2,6212,4141,,,,,,
relief,ground_truth,DSC_0443.png,DSC_0443,,,True,2.389859676361084,-3.715177536010742,-0.21873831748962402,0.7366440892219543,0.0030930107459425926,-0.6762735843658447,0.67628014087677,-0.0021981163881719112,0.7366412878036499,0.0007919113268144429,-0.9999927878379822,-0.0037109709810465574,3415.02,3414.94,3120.97,2062.2,6212,4141,,,,,,
relief,ground_truth,DSC_0444.png,DSC_0444,,,True,2.1000795364379883,-3.6958374977111816,-0.22016939520835876,0.48144978284835815,0.002690784865990281,-0.8764694929122925,0.8764700889587402,0.0013816211139783263,0.48145434260368347,0.0025064388755708933,-0.9999954700469971,-0.0016932111466303468,3415.02,3414.94,3120.97,2062.2,6212,4141,,,,,,
relief,ground_truth,DSC_0445.png,DSC_0445,,,True,0.6016176342964172,-3.552135705947876,-0.2174665480852127,0.9928802847862244,-0.0007788855000399053,-0.11911430209875107,0.11910710483789444,-0.006298583932220936,0.9928613901138306,-0.0015235767932608724,-0.9999798536300659,-0.006160968914628029,3415.02,3414.94,3120.97,2062.2,6212,4141,,,,,,
relief,ground_truth,DSC_0446.png,DSC_0446,,,True,-0.321028470993042,-3.0413386821746826,-0.2143048197031021,0.9744435548782349,0.002091330476105213,0.2246226966381073,-0.22462166845798492,-0.0007204303401522338,0.9744458198547363,0.0021997131407260895,-0.9999975562095642,-0.0002322605432709679,3415.02,3414.94,3120.97,2062.2,6212,4141,,,,,,
relief,ground_truth,DSC_0447.png,DSC_0447,,,True,-0.7900876998901367,-2.3027002811431885,-0.21507129073143005,0.8363232612609863,-0.0017179257702082396,0.5482339859008789,-0.5482343435287476,0.00024722571833990514,0.8363246917724609,-0.0015722813550382853,-0.9999984502792358,-0.0007350653759203851,3415.02,3414.94,3120.97,2062.2,6212,4141,,,,,,
relief,ground_truth,DSC_0448.png,DSC_0448,,,True,-0.7698667049407959,-1.5263381004333496,-0.21518805623054504,0.45764631032943726,-0.004291150718927383,0.8891239762306213,-0.8891335725784302,-0.000910930335521698,0.4576468765735626,-0.0011539016850292683,-0.9999903440475464,-0.004232289735227823,3415.02,3414.94,3120.97,2062.2,6212,4141,,,,,,
relief,ground_truth,DSC_0438.png,DSC_0438,,,True,1.9593106508255005,-4.366397857666016,-0.34513962268829346,0.3489780128002167,-0.27103859186172485,-0.8970799446105957,0.9332132935523987,0.013071217574179173,0.35908517241477966,-0.08560000360012054,-0.9624797701835632,0.2574983537197113,3414.94,3415.02,2078.8,3120.97,4141,6212,,,,,,
relief,ground_truth,DSC_0437.png,DSC_0437,,,True,2.205578565597534,-3.7740607261657715,-0.34428977966308594,0.21876683831214905,-0.2684835195541382,-0.9381139278411865,0.971907377243042,-0.025582924485206604,0.23396913707256317,-0.08681656420230865,-0.962944507598877,0.255344420671463,3414.94,3415.02,2078.8,3120.97,4141,6212,,,,,,
relief,ground_truth,DSC_0427.png,DSC_0427,,,True,2.075666666030884,-3.4164178371429443,-0.3432064950466156,0.08887119591236115,-0.2666710615158081,-0.9596813917160034,0.992732048034668,-0.05478183925151825,0.10715432465076447,-0.08114806562662125,-0.9622294306755066,0.2598643898963928,3414.94,3415.02,2078.8,3120.97,4141,6212,,,,,,
relief,ground_truth,DSC_0428.png,DSC_0428,,,True,1.8974220752716064,-2.669678211212158,-0.33953943848609924,-0.13024231791496277,-0.25190335512161255,-0.9589481949806213,0.9885098934173584,-0.10782643407583237,-0.10593270510435104,-0.07671515643596649,-0.9617266654968262,0.26305249333381653,3414.94,3415.02,2078.8,3120.97,4141,6212,,,,,,
relief,ground_truth,DSC_0429.png,DSC_0429,,,True,1.6642462015151978,-2.058635711669922,-0.3402509391307831,-0.30956727266311646,-0.22120937705039978,-0.9247888922691345,0.9471103549003601,-0.15821850299835205,-0.2791934013366699,-0.08455852419137955,-0.9623062610626221,0.2584889531135559,3414.94,3415.02,2078.8,3120.97,4141,6212,,,,,,
relief,ground_truth,DSC_0430.png,DSC_0430,,,True,1.4801002740859985,-1.637807846069336,-0.34053629636764526,-0.41816383600234985,-0.20437097549438477,-0.8850827813148499,0.9046230912208557,-0.18212009966373444,-0.38534316420555115,-0.0824384093284607,-0.9618028402328491,0.26103475689888,3414.94,3415.02,2078.8,3120.97,4141,6212,,,,,,
relief,ground_truth,DSC_0431.png,DSC_0431,,,True,1.3166489601135254,-1.1335704326629639,-0.34008800983428955,-0.4884292781352997,-0.18413080275058746,-0.8529552221298218,0.8687329888343811,-0.19457150995731354,-0.45546120405197144,-0.08209634572267532,-0.9634509682655334,0.2549949288368225,3414.94,3415.02,2078.8,3120.97,4141,6212,,,,,,
relief,ground_truth,DSC_0432.png,DSC_0432,,,True,1.0057896375656128,-0.7503320574760437,-0.3395199477672577,-0.6303954124450684,-0.14868606626987457,-0.7619016170501709,0.7720622420310974,-0.22219353914260864,-0.5954409241676331,-0.08075583726167679,-0.9635987281799316,0.2548646926879883,3414.94,3415.02,2078.8,3120.97,4141,6212,,,,,,
relief,ground_truth,DSC_0433.png,DSC_0433,,,True,0.7028414011001587,-0.45419925451278687,-0.340364009141922,-0.6962074637413025,-0.1267564594745636,-0.7065606713294983,0.7127475738525391,-0.23910553753376007,-0.6594083309173584,-0.08535829186439514,-0.9626844525337219,0.2568124234676361,3414.94,3415.02,2078.8,3120.97,4141,6212,,,,,,
relief,ground_truth,DSC_0434.png,DSC_0434,,,True,0.2563210427761078,-0.1549820601940155,-0.33862122893333435,-0.7595601081848145,-0.11278118938207626,-0.6405847668647766,0.6458236575126648,-0.2478598952293396,-0.7221338748931885,-0.07733217626810074,-0.9622088074684143,0.26110124588012695,3414.94,3415.02,2078.8,3120.97,4141,6212,,,,,,
relief,ground_truth,DSC_0435.png,DSC_0435,,,True,-0.0869995579123497,0.05222507566213608,-0.33993956446647644,-0.8028378486633301,-0.08749379962682724,-0.5897424817085266,0.5905097723007202,-0.253002792596817,-0.7663470506668091,-0.08215588331222534,-0.9635010957717896,0.2547861635684967,3414.94,3415.02,2078.8,3120.97,4141,6212,,,,,,
relief,ground_truth,DSC_0436.png,DSC_0436,,,True,-0.7650718092918396,-0.3489367663860321,-0.33749672770500183,-0.9016913771629333,-0.0385308638215065,-0.4306600093841553,0.42475399374961853,-0.26518014073371887,-0.8656001091003418,-0.08085016161203384,-0.9634286761283875,0.2554767429828644,3414.94,3415.02,2078.8,3120.97,4141,6212,,,,,,
relief_2,ground_truth,DSC_0489.png,DSC_0489,,,True,1.0874300003051758,2.371018409729004,-0.26571962237358093,0.9499457478523254,-0.01891772449016571,-0.31184157729148865,0.31160062551498413,-0.014645555056631565,0.9501002430915833,-0.022540828213095665,-0.9997137784957886,-0.008017707616090775,3413.07,3413.66,3120.94,2064.52,6212,4139,,,,,,
relief_2,ground_truth,DSC_0488.png,DSC_0488,,,True,0.6110714673995972,2.198604106903076,-0.26464053988456726,0.9512417912483215,-0.020453989505767822,-0.3077671527862549,0.30747026205062866,-0.016426604241132736,0.9514158964157104,-0.024515818804502487,-0.9996558427810669,-0.009336679242551327,3413.07,3413.66,3120.94,2064.52,6212,4139,,,,,,
relief_2,ground_truth,DSC_0487.png,DSC_0487,,,True,0.12370268255472183,1.9988000392913818,-0.2632453143596649,0.9460744261741638,-0.017816212028265,-0.3234589397907257,0.3232358992099762,-0.014309421181678772,0.9462102651596069,-0.021486392244696617,-0.999738872051239,-0.007778938859701157,3413.07,3413.66,3120.94,2064.52,6212,4139,,,,,,
relief_2,ground_truth,DSC_0486.png,DSC_0486,,,True,-0.33234232664108276,1.8097116947174072,-0.26308488845825195,0.9525325298309326,-0.013894526287913322,-0.30411961674690247,0.30389726161956787,-0.016053015366196632,0.9525695443153381,-0.018117539584636688,-0.9997746348381042,-0.011068510822951794,3413.07,3413.66,3120.94,2064.52,6212,4139,,,,,,
relief_2,ground_truth,DSC_0485.png,DSC_0485,,,True,-0.7574551701545715,1.642627477645874,-0.2626153528690338,0.9504896402359009,-0.012446220964193344,-0.31050702929496765,0.310353547334671,-0.01284090243279934,0.950534462928772,-0.015817753970623016,-0.9998400807380676,-0.008342414163053036,3413.07,3413.66,3120.94,2064.52,6212,4139,,,,,,
relief_2,ground_truth,DSC_0484.png,DSC_0484,,,True,-1.2816393375396729,1.4378262758255005,-0.26232922077178955,0.943571150302887,-0.017717286944389343,-0.33069556951522827,0.33048734068870544,-0.013700264506042004,0.94371098279953,-0.021250614896416664,-0.9997491836547852,-0.007071834988892078,3413.07,3413.66,3120.94,2064.52,6212,4139,,,,,,
relief_2,ground_truth,DSC_0483.png,DSC_0483,,,True,-0.11730531603097916,1.2204753160476685,-0.26184338331222534,0.8585436344146729,-0.010926628485321999,-0.5126241445541382,0.5123266577720642,-0.021884744986891747,0.8585118055343628,-0.020599287003278732,-0.9997007846832275,-0.01319100521504879,3413.07,3413.66,3120.94,2064.52,6212,4139,,,,,,
relief_2,ground_truth,DSC_0482.png,DSC_0482,,,True,0.40446528792381287,1.2601370811462402,-0.26226112246513367,0.571544349193573,-0.003931812010705471,-0.8205618262290955,0.8202193379402161,-0.026542678475379944,0.5714329481124878,-0.024026675149798393,-0.9996399879455566,-0.01194536779075861,3413.07,3413.66,3120.94,2064.52,6212,4139,,,,,,
relief_2,ground_truth,DSC_0481.png,DSC_0481,,,True,0.7633675336837769,1.4077885150909424,-0.26286691427230835,0.3089330792427063,0.0024600194301456213,-0.9510805606842041,0.9509041905403137,-0.02023259364068508,0.30882343649864197,-0.0184831153601408,-0.9997922778129578,-0.008589759469032288,3413.07,3413.66,3120.94,2064.52,6212,4139,,,,,,
relief_2,ground_truth,DSC_0470.png,DSC_0470,,,True,-0.8430129289627075,3.9144015312194824,-0.25805240869522095,-0.9975942373275757,0.01501564309000969,-0.06767722964286804,0.06783320009708405,0.010132658295333385,-0.9976452589035034,-0.014294534921646118,-0.9998359084129333,-0.011126840487122536,3413.07,3413.66,3120.94,2064.52,6212,4139,,,,,,
relief_2,ground_truth,DSC_0471.png,DSC_0471,,,True,-1.4556704759597778,3.69187593460083,-0.2573816180229187,-0.9601480960845947,0.009071395732462406,0.2793443500995636,-0.27916449308395386,0.017215123400092125,-0.9600889682769775,-0.01351829431951046,-0.9998106956481934,-0.013996656984090805,3413.07,3413.66,3120.94,2064.52,6212,4139,,,,,,
relief_2,ground_truth,DSC_0472.png,DSC_0472,,,True,-1.9126524925231934,3.4233813285827637,-0.25667810440063477,-0.822198212146759,0.006797080393880606,0.5691606998443604,-0.5689378976821899,0.020601479336619377,-0.8221224546432495,-0.017313586547970772,-0.999764621257782,-0.013071384280920029,3413.07,3413.66,3120.94,2064.52,6212,4139,,,,,,
relief_2,ground_truth,DSC_0473.png,DSC_0473,,,True,-1.8644018173217773,2.8122847080230713,-0.2578578591346741,-0.5191009640693665,-0.000993608497083187,0.8547123074531555,-0.8545313477516174,0.021214714273810387,-0.5189663767814636,-0.01761682890355587,-0.9997744560241699,-0.0118616484105587,3413.07,3413.66,3120.94,2064.52,6212,4139,,,,,,
relief_2,ground_truth,DSC_0474.png,DSC_0474,,,True,-1.5887006521224976,2.656632900238037,-0.25882792472839355,-0.16778261959552765,-0.010652396827936172,0.9857664704322815,-0.9856457710266113,0.020828787237405777,-0.16753698885440826,-0.01874764822423458,-0.9997262954711914,-0.013994197361171246,3413.07,3413.66,3120.94,2064.52,6212,4139,,,,,,
relief_2,ground_truth,DSC_0475.png,DSC_0475,,,True,-1.338079571723938,3.0513298511505127,-0.25814729928970337,0.3468911945819855,-0.01933499239385128,0.9377060532569885,-0.9376070499420166,0.018066007643938065,0.3472270667552948,-0.023654235526919365,-0.9996498227119446,-0.011861687526106834,3413.07,3413.66,3120.94,2064.52,6212,4139,,,,,,
relief_2,ground_truth,DSC_0476.png,DSC_0476,,,True,-1.0615274906158447,2.3784475326538086,-0.26085546612739563,0.33921733498573303,-0.02124696969985962,0.9404680132865906,-0.940467357635498,0.014955280348658562,0.33955493569374084,-0.021279476583003998,-0.9996623992919922,-0.014908989891409874,3413.07,3413.66,3120.94,2064.52,6212,4139,,,,,,
relief_2,ground_truth,DSC_0477.png,DSC_0477,,,True,-0.7405174970626831,1.7059659957885742,-0.26330307126045227,0.30922067165374756,-0.011729358695447445,0.9509180188179016,-0.9508068561553955,0.015824606642127037,0.3093797564506531,-0.018676728010177612,-0.9998059868812561,-0.006259059067815542,3413.07,3413.66,3120.94,2064.52,6212,4139,,,,,,
relief_2,ground_truth,DSC_0478.png,DSC_0478,,,True,-0.4942348599433899,1.1590925455093384,-0.2625685930252075,0.3067605495452881,-0.008885007351636887,0.9517452120780945,-0.9516891837120056,0.011451801285147667,0.3068493902683258,-0.013625556603074074,-0.999894917011261,-0.004942804109305143,3413.07,3413.66,3120.94,2064.52,6212,4139,,,,,,
relief_2,ground_truth,DSC_0480.png,DSC_0480,,,True,-0.6723042130470276,2.111663341522217,-0.26267096400260925,0.3131190836429596,-0.018215730786323547,0.9495391845703125,-0.9494730234146118,0.01651349663734436,0.3134140074253082,-0.021389277651906013,-0.9996976852416992,-0.012124653905630112,3413.07,3413.66,3120.94,2064.52,6212,4139,,,,,,
relief_2,ground_truth,DSC_0469.png,DSC_0469,,,True,-0.30083444714546204,3.8354458808898926,-0.25858938694000244,-0.8552249073982239,0.012390807271003723,-0.5181088447570801,0.5181396007537842,-0.0008366348338313401,-0.8552956581115723,-0.011031271889805794,-0.9999228715896606,-0.005704656708985567,3413.07,3413.66,3120.94,2064.52,6212,4139,,,,,,
relief_2,ground_truth,DSC_0468.png,DSC_0468,,,True,-1.6330848932266235,4.733877182006836,-0.383809894323349,-0.9658592939376831,0.010716298595070839,-0.2588454782962799,0.2447434365749359,-0.2898821532726288,-0.9252399802207947,-0.08494982123374939,-0.9570023417472839,0.2773626148700714,3413.66,3413.07,2074.48,3120.94,4139,6212,,,,,,
relief_2,ground_truth,DSC_0458.png,DSC_0458,,,True,1.1481882333755493,1.537034273147583,-0.3854891061782837,-0.0027293807361274958,-0.2813628017902374,-0.9595975875854492,0.9961042404174805,-0.08534572273492813,0.02219093218445778,-0.08814125508069992,-0.9557986259460449,0.2804996073246002,3413.66,3413.07,2074.48,3120.94,4139,6212,,,,,,
relief_2,ground_truth,DSC_0459.png,DSC_0459,,,True,0.44961342215538025,0.7553615570068359,-0.38135868310928345,0.2521742582321167,-0.29420632123947144,-0.9218735098838806,0.9638924598693848,-0.007857218384742737,0.26617589592933655,-0.08555399626493454,-0.9557096362113953,0.2816018760204315,3413.66,3413.07,2074.48,3120.94,4139,6212,,,,,,
relief_2,ground_truth,DSC_0460.png,DSC_0460,,,True,0.5981841087341309,1.1072770357131958,-0.3831087648868561,0.16273368895053864,-0.28556421399116516,-0.9444420337677002,0.982526421546936,-0.04073163866996765,0.18161161243915558,-0.09033045172691345,-0.9574936032295227,0.27394598722457886,3413.66,3413.07,2074.48,3120.94,4139,6212,,,,,,
relief_2,ground_truth,DSC_0461.png,DSC_0461,,,True,0.8168628215789795,1.8457082509994507,-0.38515356183052063,-0.1488678753376007,-0.2612432837486267,-0.9537244439125061,0.9846356511116028,-0.12818436324596405,-0.11858070641756058,-0.09127413481473923,-0.9567239880561829,0.276311993598938,3413.66,3413.07,2074.48,3120.94,4139,6212,,,,,,
relief_2,ground_truth,DSC_0462.png,DSC_0462,,,True,0.7871437072753906,2.2818424701690674,-0.38518649339675903,-0.23452356457710266,-0.2554587125778198,-0.9379443526268005,0.9682289361953735,-0.14751967787742615,-0.20191743969917297,-0.08678367733955383,-0.9554992318153381,0.2819393575191498,3413.66,3413.07,2074.48,3120.94,4139,6212,,,,,,
relief_2,ground_truth,DSC_0463.png,DSC_0463,,,True,0.633406400680542,2.8185551166534424,-0.3859134018421173,-0.41925501823425293,-0.2209136039018631,-0.880580723285675,0.9036018252372742,-0.19546443223953247,-0.38117897510528564,-0.0879145935177803,-0.9555054903030396,0.28156739473342896,3413.66,3413.07,2074.48,3120.94,4139,6212,,,,,,
relief_2,ground_truth,DSC_0464.png,DSC_0464,,,True,0.46034273505210876,3.206324338912964,-0.3839205503463745,-0.5146531462669373,-0.19932730495929718,-0.833906888961792,0.8533509373664856,-0.21347405016422272,-0.4756268560886383,-0.08321205526590347,-0.9563981294631958,0.2799612283706665,3413.66,3413.07,2074.48,3120.94,4139,6212,,,,,,
relief_2,ground_truth,DSC_0465.png,DSC_0465,,,True,-0.06397105008363724,3.67470383644104,-0.38502237200737,-0.6647657155990601,-0.15054385364055634,-0.7317261099815369,0.7417833209037781,-0.2491396814584732,-0.6226450800895691,-0.0885666236281395,-0.9566953778266907,0.2772904336452484,3413.66,3413.07,2074.48,3120.94,4139,6212,,,,,,
relief_2,ground_truth,DSC_0466.png,DSC_0466,,,True,-0.45274218916893005,4.042301177978516,-0.3824193477630615,-0.7459368705749512,-0.12073110044002533,-0.6549825668334961,0.660267174243927,-0.26299259066581726,-0.7034786343574524,-0.08732382208108902,-0.9572141766548157,0.27589064836502075,3413.66,3413.07,2074.48,3120.94,4139,6212,,,,,,
relief_2,ground_truth,DSC_0467.png,DSC_0467,,,True,-0.998312771320343,4.457948684692383,-0.3829309940338135,-0.8491852879524231,-0.07017688453197479,-0.5234113931655884,0.5199748873710632,-0.28424909710884094,-0.8054989576339722,-0.09225181490182877,-0.9561786651611328,0.27787038683891296,3413.66,3413.07,2074.48,3120.94,4139,6212,,,,,,
terrace,ground_truth,DSC_0285.png,DSC_0285,,,True,-5.693548202514648,-0.18639002740383148,-3.6123838424682617,-0.34127169847488403,-0.10906113684177399,-0.9336162805557251,0.939860999584198,-0.05434209108352661,-0.3372064232826233,-0.013958544470369816,-0.9925485849380493,0.1210477277636528,3410.68,3409.64,3115.69,2063.73,6206,4133,,,,,,
terrace,ground_truth,DSC_0272.png,DSC_0272,,,True,-4.42627477645874,-0.476938933134079,-3.6135377883911133,-0.7668381929397583,0.054119545966386795,0.6395547389984131,-0.6418403387069702,-0.0653231143951416,-0.7640509605407715,0.0004276143736205995,-0.9963955283164978,0.08482836186885834,3412.13,3409.71,3114.27,2060.02,6205,4136,,,,,,
terrace,ground_truth,DSC_0273.png,DSC_0273,,,True,-3.8571605682373047,-0.11160832643508911,-3.6088523864746094,-0.994388222694397,-0.0013366731582209468,0.10578416287899017,-0.10529579222202301,-0.08428660780191422,-0.9908625483512878,0.010240647941827774,-0.9964406490325928,0.08367287367582321,3410.71,3408.65,3113.27,2060.33,6203,4134,,,,,,
terrace,ground_truth,DSC_0274.png,DSC_0274,,,True,-3.099334716796875,-0.0751393511891365,-3.605710744857788,-0.932528555393219,-0.03724562004208565,-0.35917019844055176,0.3610127866268158,-0.07478764653205872,-0.9295571446418762,0.007760439999401569,-0.9965037107467651,0.08318775147199631,3410.71,3408.65,3113.27,2060.33,6203,4134,,,,,,
terrace,ground_truth,DSC_0275.png,DSC_0275,,,True,-2.2371950149536133,-0.03371168673038483,-3.5953261852264404,-0.9399730563163757,-0.03614781051874161,-0.33932870626449585,0.34111469984054565,-0.07167153060436249,-0.9372854232788086,0.009560608305037022,-0.9967730641365051,0.07969985902309418,3412.13,3409.71,3114.27,2060.02,6205,4136,,,,,,
terrace,ground_truth,DSC_0276.png,DSC_0276,,,True,-1.3812143802642822,-0.10103901475667953,-3.5889878273010254,-0.844544529914856,-0.05107129365205765,-0.5330443382263184,0.5354549884796143,-0.06994793564081192,-0.8416621685028076,0.005699420813471079,-0.9962424039840698,0.08642052859067917,3410.68,3409.64,3115.69,2063.73,6206,4133,,,,,,
terrace,ground_truth,DSC_0277.png,DSC_0277,,,True,-0.6812139749526978,-0.35904788970947266,-3.5819852352142334,-0.7794116735458374,-0.04852662608027458,-0.6246300339698792,0.6264876127243042,-0.051532477140426636,-0.7777259945869446,0.005551685579121113,-0.9974915981292725,0.0705663412809372,3410.68,3409.64,3115.69,2063.73,6206,4133,,,,,,
terrace,ground_truth,DSC_0278.png,DSC_0278,,,True,-0.0806250050663948,-0.6042459607124329,-3.575652599334717,-0.4754321575164795,-0.08026721328496933,-0.8760830163955688,0.8794270753860474,-0.016282763332128525,-0.47575506567955017,0.023922478780150414,-0.9966403841972351,0.07833050191402435,3410.68,3409.64,3115.69,2063.73,6206,4133,,,,,,
terrace,ground_truth,DSC_0279.png,DSC_0279,,,True,0.48221737146377563,-1.1434276103973389,-3.5694081783294678,-0.2094491720199585,-0.08187343925237656,-0.9743858575820923,0.9777623414993286,-0.006758525501936674,-0.2096070796251297,0.01057584211230278,-0.9966198205947876,0.08146833628416061,3410.68,3409.64,3115.69,2063.73,6206,4133,,,,,,
terrace,ground_truth,DSC_0283.png,DSC_0283,,,True,-4.455732345581055,-4.163044452667236,-3.6666488647460938,-0.5819956064224243,-0.06669202446937561,-0.8104525208473206,0.8126066327095032,-0.08550240099430084,-0.5765065550804138,-0.030847247689962387,-0.9941033720970154,0.10395640134811401,3410.68,3409.64,3115.69,2063.73,6206,4133,,,,,,
terrace,ground_truth,DSC_0284.png,DSC_0284,,,True,-5.097548007965088,-2.250187397003174,-3.645900249481201,-0.35329902172088623,-0.09724319726228714,-0.9304426312446594,0.9353126883506775,-0.05716782808303833,-0.3491734266281128,-0.019236644729971886,-0.9936174750328064,0.11115013808012009,3410.68,3409.64,3115.69,2063.73,6206,4133,,,,,,
terrace,ground_truth,DSC_0271.png,DSC_0271,,,True,-4.869719982147217,-1.0848819017410278,-3.6273722648620605,-0.45084789395332336,0.0858583152294159,0.8884618878364563,-0.8925729990005493,-0.03551042452454567,-0.44950243830680847,-0.007043863646686077,-0.9956743121147156,0.09264461696147919,3410.51,3409.46,3113.25,2064.23,6204,4135,,,,,,
terrace,ground_truth,DSC_0270.png,DSC_0270,,,True,-4.813365459442139,-1.8518519401550293,-3.637202024459839,-0.2385849803686142,0.09149286150932312,0.9668021202087402,-0.971121609210968,-0.02269216813147068,-0.23750348389148712,0.00020896113710477948,-0.9955471158027649,0.09426470845937729,3410.51,3409.46,3113.25,2064.23,6204,4135,,,,,,
terrace,ground_truth,DSC_0259.png,DSC_0259,,,True,0.7395590543746948,-1.126711368560791,-3.5662379264831543,-0.11080409586429596,-0.07816606760025024,-0.9907636046409607,0.9937428832054138,0.005384046584367752,-0.11156207323074341,0.014054684899747372,-0.9969257712364197,0.07708039879798889,3410.68,3409.64,3115.69,2063.73,6206,4133,,,,,,
terrace,ground_truth,DSC_0260.png,DSC_0260,,,True,0.7130006551742554,-1.7601567506790161,-3.5619513988494873,0.25337475538253784,-0.07536254078149796,-0.964428186416626,0.9673624038696289,0.023189794272184372,0.25233349204063416,0.0033483977895230055,-0.9968865513801575,0.07877859473228455,3410.71,3408.65,3113.27,2060.33,6203,4134,,,,,,
terrace,ground_truth,DSC_0261.png,DSC_0261,,,True,0.4440349340438843,-2.417982339859009,-3.553049087524414,0.6899033188819885,-0.04813828319311142,-0.7222991585731506,0.7238398194313049,0.05890008807182312,0.6874493956565857,0.009450853802263737,-0.9971025586128235,0.07547977566719055,3412.13,3409.71,3114.27,2060.02,6205,4136,,,,,,
terrace,ground_truth,DSC_0262.png,DSC_0262,,,True,0.0063932775519788265,-3.091797113418579,-3.55001163482666,0.9190866351127625,-0.009842831641435623,-0.3939327001571655,0.3935460150241852,0.07375259697437286,0.9163417220115662,0.02003416046500206,-0.9972280263900757,0.07165863364934921,3410.71,3408.65,3113.27,2060.33,6203,4134,,,,,,
terrace,ground_truth,DSC_0263.png,DSC_0263,,,True,-0.6848286390304565,-3.5210728645324707,-3.5647571086883545,0.9968595504760742,0.03984170779585838,0.06843679398298264,-0.07204754650592804,0.0976419746875763,0.9926103353500366,0.03286498412489891,-0.9944238066673279,0.10020584613084793,3412.13,3409.71,3114.27,2060.02,6205,4136,,,,,,
terrace,ground_truth,DSC_0264.png,DSC_0264,,,True,-1.504117727279663,-3.8172473907470703,-3.5875377655029297,0.8307467103004456,0.08270812779664993,0.5504719614982605,-0.5558508634567261,0.07026425004005432,0.8283071517944336,0.02982923947274685,-0.9940937161445618,0.1043451800942421,3410.51,3409.46,3113.25,2064.23,6204,4135,,,,,,
terrace,ground_truth,DSC_0266.png,DSC_0266,,,True,-2.988232374191284,-3.996269702911377,-3.629913091659546,0.6624624133110046,0.09666143357753754,0.7428324818611145,-0.748869776725769,0.06113612651824951,0.6598911881446838,0.018372124060988426,-0.9934379458427429,0.11288721859455109,3410.51,3409.46,3113.25,2064.23,6204,4135,,,,,,
terrace,ground_truth,DSC_0267.png,DSC_0267,,,True,-3.5678842067718506,-3.954413414001465,-3.643028974533081,0.3180193305015564,0.11135023087263107,0.9415226578712463,-0.9480428695678711,0.02806856855750084,0.31690213084220886,0.00885993242263794,-0.9933847188949585,0.11449113488197327,3410.51,3409.46,3113.25,2064.23,6204,4135,,,,,,
terrace,ground_truth,DSC_0268.png,DSC_0268,,,True,-4.236278533935547,-3.5208139419555664,-3.653757333755493,0.1363324075937271,0.10944774001836777,0.984598696231842,-0.9906551837921143,0.011085664853453636,0.13593874871730804,0.003963257651776075,-0.9939306974411011,0.10993631184101105,3410.51,3409.46,3113.25,2064.23,6204,4135,,,,,,
terrace,ground_truth,DSC_0269.png,DSC_0269,,,True,-4.731409072875977,-2.7884294986724854,-3.650038957595825,-0.17424944043159485,0.09798169136047363,0.9798146486282349,-0.9846498370170593,-0.007136339787393808,-0.17439568042755127,-0.010095293633639812,-0.9951626658439636,0.0977211594581604,3410.51,3409.46,3113.25,2064.23,6204,4135,,,,,,
terrains,ground_truth,DSC_0671.png,DSC_0671,,,True,-3.026763677597046,-0.7910479307174683,-0.20191366970539093,0.5839003920555115,0.025538036599755287,0.8114234805107117,-0.8117473125457764,0.004509400576353073,0.5839914679527283,0.011254962533712387,-0.9996637105941772,0.023363472893834114,3429.76,3429.06,3117.98,2061.68,6215,4147,,,,,,
terrains,ground_truth,DSC_0670.png,DSC_0670,,,True,-2.8527705669403076,-1.0064533948898315,-0.2012059986591339,0.570797860622406,0.022784002125263214,0.8207744359970093,-0.8210406303405762,0.004802925046533346,0.5708496570587158,0.009064121171832085,-0.9997289180755615,0.02144809067249298,3429.76,3429.06,3117.98,2061.68,6215,4147,,,,,,
terrains,ground_truth,DSC_0669.png,DSC_0669,,,True,-2.6486940383911133,-1.3146376609802246,-0.20038765668869019,0.5817914009094238,0.02439851313829422,0.8129719495773315,-0.813258171081543,0.0034417114220559597,0.5818929076194763,0.011399306356906891,-0.9996963739395142,0.02184464782476425,3429.76,3429.06,3117.98,2061.68,6215,4147,,,,,,
terrains,ground_truth,DSC_0668.png,DSC_0668,,,True,-2.466925859451294,-1.602386474609375,-0.19921298325061798,0.5578145384788513,0.025748874992132187,0.8295661211013794,-0.8298818469047546,0.003101255977526307,0.557930588722229,0.011793386191129684,-0.9996635913848877,0.023098448291420937,3429.76,3429.06,3117.98,2061.68,6215,4147,,,,,,
terrains,ground_truth,DSC_0667.png,DSC_0667,,,True,-2.2765371799468994,-1.925318956375122,-0.19960205256938934,0.5718109011650085,0.01674959436058998,0.8202143907546997,-0.8203703761100769,0.005624427460134029,0.5718048214912415,0.004964262712746859,-0.9998438954353333,0.016956981271505356,3429.76,3429.06,3117.98,2061.68,6215,4147,,,,,,
terrains,ground_truth,DSC_0666.png,DSC_0666,,,True,-2.0937018394470215,-2.232055187225342,-0.19846442341804504,0.5454483032226562,0.011460053734481335,0.8380661606788635,-0.8381441831588745,0.006675925105810165,0.5454078316688538,0.0006555365398526192,-0.9999120831489563,0.013246550224721432,3429.76,3429.06,3117.98,2061.68,6215,4147,,,,,,
terrains,ground_truth,DSC_0665.png,DSC_0665,,,True,-2.266913652420044,-2.5039894580841064,-0.19935372471809387,-0.580967128276825,-0.021218521520495415,-0.8136504292488098,0.8138634562492371,-0.002644697204232216,-0.5810502171516418,0.010177168995141983,-0.9997713565826416,0.01880546286702156,3429.76,3429.06,3117.98,2061.68,6215,4147,,,,,,
terrains,ground_truth,DSC_0664.png,DSC_0664,,,True,-2.46457576751709,-2.259605884552002,-0.19936658442020416,-0.5457428693771362,-0.016468944028019905,-0.837790846824646,0.8379321098327637,-0.0037160783540457487,-0.5457618236541748,0.005874824244529009,-0.999857485294342,0.015827881172299385,3429.76,3429.06,3117.98,2061.68,6215,4147,,,,,,
terrains,ground_truth,DSC_0663.png,DSC_0663,,,True,-2.661510705947876,-1.993640661239624,-0.19932329654693604,-0.5744198560714722,-0.014413753524422646,-0.8184338808059692,0.8185520768165588,-0.005488481838256121,-0.574406087398529,0.0037873878609389067,-0.9998810887336731,0.014951099641621113,3429.76,3429.06,3117.98,2061.68,6215,4147,,,,,,
terrains,ground_truth,DSC_0662.png,DSC_0662,,,True,-2.8524179458618164,-1.6995964050292969,-0.19961081445217133,-0.5596477389335632,-0.013406659476459026,-0.8286221623420715,0.8287246227264404,-0.005258597433567047,-0.559631884098053,0.0031454036943614483,-0.9998962879180908,0.01405339129269123,3429.76,3429.06,3117.98,2061.68,6215,4147,,,,,,
terrains,ground_truth,DSC_0661.png,DSC_0661,,,True,-3.0184948444366455,-1.3885421752929688,-0.19934265315532684,-0.5768665075302124,-0.014782264828681946,-0.8167046904563904,0.8168032169342041,-0.0011552110081538558,-0.5769152045249939,0.00758464727550745,-0.9998900294303894,0.0127406045794487,3429.76,3429.06,3117.98,2061.68,6215,4147,,,,,,
terrains,ground_truth,DSC_0660.png,DSC_0660,,,True,-3.2176430225372314,-1.0639617443084717,-0.19936300814151764,-0.5638626217842102,-0.011503487825393677,-0.8257884383201599,0.8258413672447205,0.00027249360573478043,-0.5639024972915649,0.006711867637932301,-0.9999338388442993,0.009346406906843185,3429.76,3429.06,3117.98,2061.68,6215,4147,,,,,,
terrains,ground_truth,DSC_0659.png,DSC_0659,,,True,-1.3897022008895874,0.261956125497818,-0.1956629902124405,-0.5463244915008545,-0.01066659577190876,-0.8375056982040405,0.8375718593597412,-0.004935447592288256,-0.5463048219680786,0.0016937475884333253,-0.9999309182167053,0.011630396358668804,3429.76,3429.06,3117.98,2061.68,6215,4147,,,,,,
terrains,ground_truth,DSC_0658.png,DSC_0658,,,True,-1.2531883716583252,0.06691520661115646,-0.19561393558979034,-0.5516185760498047,-0.010523590259253979,-0.8340301513671875,0.8340959548950195,-0.005840402562171221,-0.5515884160995483,0.0009336181101389229,-0.9999275803565979,0.011999358423054218,3429.76,3429.06,3117.98,2061.68,6215,4147,,,,,,
terrains,ground_truth,DSC_0657.png,DSC_0657,,,True,-0.9849339127540588,-0.21980001032352448,-0.19529028236865997,-0.550663411617279,-0.010799936018884182,-0.8346574902534485,0.8347213268280029,-0.003307320876047015,-0.5506626963615417,0.003186641726642847,-0.9999362230300903,0.010836157947778702,3429.76,3429.06,3117.98,2061.68,6215,4147,,,,,,
terrains,ground_truth,DSC_0656.png,DSC_0656,,,True,-0.8095381855964661,-0.45523807406425476,-0.19493913650512695,-0.5869874954223633,-0.010402386076748371,-0.809529185295105,0.8095887899398804,-0.003315526759251952,-0.5869880318641663,0.0034220602829009295,-0.9999403953552246,0.010367827489972115,3429.76,3429.06,3117.98,2061.68,6215,4147,,,,,,
terrains,ground_truth,DSC_0655.png,DSC_0655,,,True,-0.6068531274795532,-0.6536378860473633,-0.19424225389957428,-0.546649694442749,-0.009472797624766827,-0.8373077511787415,0.8373435139656067,0.0003490043745841831,-0.5466769933700562,0.00547078438103199,-0.9999550580978394,0.007741202134639025,3429.76,3429.06,3117.98,2061.68,6215,4147,,,,,,
terrains,ground_truth,DSC_0654.png,DSC_0654,,,True,-0.3403521180152893,-0.9844388961791992,-0.19377505779266357,-0.5960371494293213,-0.007367460522800684,-0.8029230237007141,0.8029371500015259,0.001536005875095725,-0.5960617065429688,0.005624755751341581,-0.9999716877937317,0.005000091623514891,3429.76,3429.06,3117.98,2061.68,6215,4147,,,,,,
terrains,ground_truth,DSC_0653.png,DSC_0653,,,True,-1.4714239835739136,0.21003709733486176,-0.19414030015468597,0.5723281502723694,0.0015728553989902139,0.8200231790542603,-0.8200172781944275,-0.003164928872138262,0.572330117225647,0.0034955074079334736,-0.9999937415122986,-0.000521609268616885,3429.76,3429.06,3117.98,2061.68,6215,4147,,,,,,
terrains,ground_truth,DSC_0652.png,DSC_0652,,,True,-1.273423671722412,-0.0695178359746933,-0.19266709685325623,0.555868923664093,0.005520640406757593,0.8312516212463379,-0.8312602043151855,-0.0011521183187142015,0.5558823347091675,0.004026526585221291,-0.999984085559845,0.003948661964386702,3429.76,3429.06,3117.98,2061.68,6215,4147,,,,,,
terrains,ground_truth,DSC_0627.png,DSC_0627,,,True,-0.6438848376274109,0.006466004531830549,-0.1650276631116867,-0.8113921880722046,0.008181996643543243,0.5844448208808899,-0.5844901204109192,-0.017761822789907455,-0.8112064003944397,0.0037435174454003572,-0.9998087286949158,0.0191941000521183,3422.09,3419.97,3117.45,2069.8,6223,4148,,,,,,
terrains,ground_truth,DSC_0628.png,DSC_0628,,,True,-0.39317211508750916,0.17102046310901642,-0.16601236164569855,-0.8133411407470703,0.006130055524408817,0.5817548036575317,-0.581765353679657,-0.017217013984918594,-0.8131744265556335,0.005031276028603315,-0.9998329877853394,0.017569556832313538,3422.09,3419.97,3117.45,2069.8,6223,4148,,,,,,
terrains,ground_truth,DSC_0629.png,DSC_0629,,,True,-0.12890799343585968,0.36090338230133057,-0.16567622125148773,-0.8133564591407776,0.007511370349675417,0.5817171335220337,-0.5817492604255676,-0.01800045743584633,-0.813169002532959,0.0043631610460579395,-0.9998098015785217,0.019010521471500397,3422.09,3419.97,3117.45,2069.8,6223,4148,,,,,,
terrains,ground_truth,DSC_0630.png,DSC_0630,,,True,0.11107631027698517,0.5515049695968628,-0.16474689543247223,-0.8025206327438354,0.010909438133239746,0.5965245962142944,-0.5966242551803589,-0.015241456218063831,-0.8023759722709656,0.00033843304845504463,-0.9998242855072021,0.018740419298410416,3422.09,3419.97,3117.45,2069.8,6223,4148,,,,,,
terrains,ground_truth,DSC_0631.png,DSC_0631,,,True,0.34299448132514954,0.7342078685760498,-0.1648503690958023,-0.7989986538887024,0.012604101561009884,0.6012006998062134,-0.6013219952583313,-0.01075156219303608,-0.7989344596862793,-0.003606004174798727,-0.9998627305030823,0.016169607639312744,3422.09,3419.97,3117.45,2069.8,6223,4148,,,,,,
terrains,ground_truth,DSC_0632.png,DSC_0632,,,True,0.5624006390571594,0.93318110704422,-0.16324783861637115,-0.7985164523124695,0.012114106677472591,0.6018509864807129,-0.6019728779792786,-0.01641572266817093,-0.7983477711677551,0.00020854904141742736,-0.9997918605804443,0.02040058933198452,3422.09,3419.97,3117.45,2069.8,6223,4148,,,,,,
terrains,ground_truth,DSC_0648.png,DSC_0648,,,True,-0.6419231295585632,-1.0285552740097046,-0.19294533133506775,0.5684454441070557,0.007955923676490784,0.8226824402809143,-0.8227000832557678,-0.001622788142412901,0.5684732794761658,0.0058577703312039375,-0.9999670386314392,0.0056228735484182835,3429.76,3429.06,3117.98,2061.68,6215,4147,,,,,,
terrains,ground_truth,DSC_0649.png,DSC_0649,,,True,-0.8370700478553772,-0.754772961139679,-0.19167481362819672,0.5748942494392395,0.0021237856708467007,0.8182249665260315,-0.8182277083396912,0.0016552757006138563,0.5748918652534485,-0.00013344080070964992,-0.9999963641166687,0.002689348766580224,3429.76,3429.06,3117.98,2061.68,6215,4147,,,,,,
terrains,ground_truth,DSC_0650.png,DSC_0650,,,True,-0.997062087059021,-0.504295289516449,-0.19250327348709106,0.5836617946624756,0.0024046304170042276,0.8119933009147644,-0.8119938373565674,-0.001007253653369844,0.583665132522583,0.002221382223069668,-0.9999966025352478,0.0013646496227011085,3429.76,3429.06,3117.98,2061.68,6215,4147,,,,,,
terrains,ground_truth,DSC_0651.png,DSC_0651,,,True,-1.1416765451431274,-0.27939268946647644,-0.1925034373998642,0.5673143863677979,0.00619783578440547,0.8234779834747314,-0.8234856724739075,-0.0018953126855194569,0.5673339366912842,0.005076990928500891,-0.9999789595603943,0.004028590861707926,3429.76,3429.06,3117.98,2061.68,6215,4147,,,,,,
terrains,ground_truth,DSC_0626.png,DSC_0626,,,True,-0.8792834281921387,-0.14113794267177582,-0.1636052131652832,-0.806081235408783,0.010311329737305641,0.5917150974273682,-0.5917909741401672,-0.020921844989061356,-0.8058199286460876,0.004070695955306292,-0.9997279047966003,0.022966857999563217,3422.09,3419.97,3117.45,2069.8,6223,4148,,,,,,
terrains,ground_truth,DSC_0625.png,DSC_0625,,,True,-1.122743010520935,-0.28160423040390015,-0.1637469381093979,-0.8104338645935059,0.006694626994431019,0.5857918858528137,-0.5857836604118347,-0.02185402251780033,-0.8101727962493896,0.007378104608505964,-0.9997387528419495,0.02163284458220005,3422.09,3419.97,3117.45,2069.8,6223,4148,,,,,,
terrains,ground_truth,DSC_0614.png,DSC_0614,,,True,-3.8165454864501953,-2.1332945823669434,-0.16583512723445892,-0.8376162052154541,0.004924446810036898,0.5462369918823242,-0.5462185144424438,-0.019750960171222687,-0.8374097943305969,0.006664924789220095,-0.9997928142547607,0.019233549013733864,3422.09,3419.97,3117.45,2069.8,6223,4148,,,,,,
terrains,ground_truth,DSC_0615.png,DSC_0615,,,True,-3.5019946098327637,-1.8887690305709839,-0.1672862023115158,-0.8224849104881287,0.008001245558261871,0.5687307119369507,-0.568763256072998,-0.02070891298353672,-0.8222405910491943,0.005198845639824867,-0.9997535347938538,0.02158358134329319,3422.09,3419.97,3117.45,2069.8,6223,4148,,,,,,
terrains,ground_truth,DSC_0616.png,DSC_0616,,,True,-3.221240520477295,-1.6777383089065552,-0.16744211316108704,-0.8318762183189392,0.008854509331285954,0.554890513420105,-0.5549505352973938,-0.01946232095360756,-0.8316556811332703,0.003435554914176464,-0.9997714161872864,0.021104058250784874,3422.09,3419.97,3117.45,2069.8,6223,4148,,,,,,
terrains,ground_truth,DSC_0617.png,DSC_0617,,,True,-2.955646514892578,-1.4669194221496582,-0.16596943140029907,-0.8166465163230896,0.011597190983593464,0.5770216584205627,-0.5771381258964539,-0.015818655490875244,-0.8164933919906616,-0.0003413233789615333,-0.9998076558113098,0.019611429423093796,3422.09,3419.97,3117.45,2069.8,6223,4148,,,,,,
terrains,ground_truth,DSC_0618.png,DSC_0618,,,True,-2.6724560260772705,-1.2588499784469604,-0.16668735444545746,-0.8107935190200806,0.010273958556354046,0.5852421522140503,-0.5853323340415955,-0.01418350636959076,-0.8106694221496582,-2.7996951757813804e-05,-0.9998466372489929,0.0175135750323534,3422.09,3419.97,3117.45,2069.8,6223,4148,,,,,,
terrains,ground_truth,DSC_0619.png,DSC_0619,,,True,-2.42529034614563,-1.1103299856185913,-0.1651819944381714,-0.8071991205215454,0.009384235367178917,0.5902047157287598,-0.5902712941169739,-0.018040277063846588,-0.8070033192634583,0.003074346575886011,-0.9997932314872742,0.020101340487599373,3422.09,3419.97,3117.45,2069.8,6223,4148,,,,,,
terrains,ground_truth,DSC_0620.png,DSC_0620,,,True,-2.15461802482605,-0.9338439106941223,-0.16412702202796936,-0.8166230916976929,0.010750050656497478,0.5770711898803711,-0.5771690607070923,-0.012431832030415535,-0.8165300488471985,-0.0016036879969760776,-0.999864935874939,0.01635671779513359,3422.09,3419.97,3117.45,2069.8,6223,4148,,,,,,
terrains,ground_truth,DSC_0622.png,DSC_0622,,,True,-1.87977135181427,-0.7746750712394714,-0.162794291973114,-0.8058109879493713,0.013648067601025105,0.5920155048370361,-0.5921647548675537,-0.013341850601136684,-0.8057064414024353,-0.003097752807661891,-0.9998178482055664,0.018832914531230927,3422.09,3419.97,3117.45,2069.8,6223,4148,,,,,,
terrains,ground_truth,DSC_0623.png,DSC_0623,,,True,-1.6266673803329468,-0.6303975582122803,-0.16268286108970642,-0.8112677335739136,0.009872708469629288,0.5845914483070374,-0.5846744179725647,-0.014960221014916897,-0.8111301064491272,0.000737567082978785,-0.9998393058776855,0.017909063026309013,3422.09,3419.97,3117.45,2069.8,6223,4148,,,,,,
terrains,ground_truth,DSC_0624.png,DSC_0624,,,True,-1.3688608407974243,-0.45778417587280273,-0.1632237285375595,-0.818304717540741,0.005392957013100386,0.5747593641281128,-0.5747448205947876,-0.019447414204478264,-0.8181015849113464,0.006765596568584442,-0.9997963309288025,0.019013484939932823,3422.09,3419.97,3117.45,2069.8,6223,4148,,,,,,
