scene,pose_type,image_name,frame_name,image_index,camera_index,valid,camera_center_x,camera_center_y,camera_center_z,c2w_r00,c2w_r01,c2w_r02,c2w_r10,c2w_r11,c2w_r12,c2w_r20,c2w_r21,c2w_r22,fx,fy,cx,cy,width,height,k1,k2,k3,p1,p2,error
courtyard,estimated,DSC_0286.png,,0,0,True,-0.6515293023288384,0.08585581580439879,-0.3969682835488433,0.9985189503633074,0.035159184244409,-0.04151791816344605,-0.007787092606479761,0.847631056978537,0.5305289364720704,0.053844841480842065,-0.5294198929098866,0.8466494611332291,3409.540596175655,3409.540596175655,3102.5,2067.5,6205,4135,-0.0010456591150251578,0.000544273265147154,0.0,0.0,0.0,
courtyard,estimated,DSC_0287.png,,1,0,True,-0.571906439749012,0.0855474027763228,-0.39363971150485694,0.9997684578856223,0.021332218287975914,0.002822601622401139,-0.019542278118028875,0.8452137153797024,0.5340710390013647,0.009007218380956765,-0.5340025391296878,0.8454348929516005,3409.540596175655,3409.540596175655,3102.5,2067.5,6205,4135,-0.0010456591150251578,0.000544273265147154,0.0,0.0,0.0,
courtyard,estimated,DSC_0288.png,,2,0,True,-0.5102890360872234,0.08715135536415626,-0.38764558463043347,0.9989425877003951,0.015615790463670108,0.04324180346184982,-0.03637848989607471,0.8435952947443882,0.5357458204764737,-0.02811248746233047,-0.5367523877667649,0.8432713455794385,3409.540596175655,3409.540596175655,3102.5,2067.5,6205,4135,-0.0010456591150251578,0.000544273265147154,0.0,0.0,0.0,
courtyard,estimated,DSC_0289.png,,3,0,True,-0.4499054827144804,0.0861691190679133,-0.3867245365676106,0.9990032027567436,0.025786020239594976,0.03643737150196015,-0.04138803082966054,0.8408515781713484,0.5396810672895573,-0.01672219440778416,-0.5406511857445204,0.8410806522368901,3409.540596175655,3409.540596175655,3102.5,2067.5,6205,4135,-0.0010456591150251578,0.000544273265147154,0.0,0.0,0.0,
courtyard,estimated,DSC_0290.png,,4,0,True,-0.37730685518486096,0.08754590125915968,-0.3789178233804233,0.9988077993029878,0.023585343434863133,0.04274004710552015,-0.043006071186863414,0.8393935379239604,0.5418200497698173,-0.023096707397223512,-0.5430121730371764,0.8394071253217062,3409.540596175655,3409.540596175655,3102.5,2067.5,6205,4135,-0.0010456591150251578,0.000544273265147154,0.0,0.0,0.0,
courtyard,estimated,DSC_0291.png,,5,0,True,-0.31866629570953126,0.08941709954855716,-0.3705894113336605,0.9978379493718815,0.040969916039442736,-0.0513896173661507,-0.006064334250350165,0.8359802703465485,0.5487259893985446,0.06544196393307886,-0.5472279722117945,0.8344212939430231,3409.540596175655,3409.540596175655,3102.5,2067.5,6205,4135,-0.0010456591150251578,0.000544273265147154,0.0,0.0,0.0,
courtyard,estimated,DSC_0292.png,,6,0,True,-0.2651510062915124,0.08996091176421991,-0.36494441920018145,0.9939530387924631,0.04636090826645484,-0.09953905193409068,0.01532369579896395,0.839065063015506,0.5438152299943849,0.10873150887525224,-0.5420521065464964,0.833280848673613,3409.540596175655,3409.540596175655,3102.5,2067.5,6205,4135,-0.0010456591150251578,0.000544273265147154,0.0,0.0,0.0,
courtyard,estimated,DSC_0302.png,,7,0,True,-0.027030733298973396,-0.0016472077772485742,-0.5321674828650319,-0.9798217954458461,0.12419488862184785,0.1566042107016467,-0.018058469155139915,0.7253061009234025,-0.6881896189678132,-0.19905562253061782,-0.677131220372756,-0.7084279564891909,3409.540596175655,3409.540596175655,3102.5,2067.5,6205,4135,-0.0010456591150251578,0.000544273265147154,0.0,0.0,0.0,
courtyard,estimated,DSC_0303.png,,8,0,True,-0.10766623494714551,-0.008127562195317604,-0.5531334214749536,-0.9962215393055565,0.07840087280014138,0.03736238439719698,0.03073897985565965,0.7206591902410063,-0.692607714827528,-0.08122659503574681,-0.688842242219039,-0.7203461706662608,3409.540596175655,3409.540596175655,3102.5,2067.5,6205,4135,-0.0010456591150251578,0.000544273265147154,0.0,0.0,0.0,
courtyard,estimated,DSC_0304.png,,9,0,True,-0.19597935170770006,-0.015406084645270516,-0.5753940206584968,-0.9981621376204222,0.060481096852931626,0.003792617103644244,0.0409392259417882,0.7191460404188043,-0.693651895643083,-0.04468027305551933,-0.6922217921110414,-0.7203003982549654,3409.540596175655,3409.540596175655,3102.5,2067.5,6205,4135,-0.0010456591150251578,0.000544273265147154,0.0,0.0,0.0,
courtyard,estimated,DSC_0305.png,,10,0,True,-0.2893030103772329,-0.017061764658393846,-0.585249119753902,-0.996203796453847,0.0405802522285567,-0.07701453797828735,0.08257910358440224,0.720463540056664,-0.6885586243016758,0.027544284019355287,-0.6923045071195814,-0.7210795946632902,3409.540596175655,3409.540596175655,3102.5,2067.5,6205,4135,-0.0010456591150251578,0.000544273265147154,0.0,0.0,0.0,
courtyard,estimated,DSC_0306.png,,11,0,True,-0.4048834711526234,-0.015097512450069062,-0.5898625378582635,-0.8100468832810326,-0.1286394788497337,-0.5720803539433547,0.3004710742328988,0.7467441706181778,-0.5933719551824956,0.5035287285111077,-0.6525527014188499,-0.5662453456187948,3409.540596175655,3409.540596175655,3102.5,2067.5,6205,4135,-0.0010456591150251578,0.000544273265147154,0.0,0.0,0.0,
courtyard,estimated,DSC_0307.png,,12,0,True,-0.5251729548597129,-0.0008044497686165345,-0.56818815690835,-0.561590187693058,-0.22035968282957263,-0.7975324891627462,0.3897739571998796,0.7797800196353848,-0.4899177311204252,0.7298580159014643,-0.5859903848705105,-0.35202634200253935,3409.540596175655,3409.540596175655,3102.5,2067.5,6205,4135,-0.0010456591150251578,0.000544273265147154,0.0,0.0,0.0,
courtyard,estimated,DSC_0310.png,,13,0,True,-0.6813200429673183,0.08569805415554278,-0.3951310022891627,0.9889418031593945,0.008342751680087022,-0.14806926912175167,0.034705712774979844,0.957673988487877,0.28575521915531515,0.14418607236701442,-0.2877341312186061,0.9467942998704882,3409.540596175655,3409.540596175655,3102.5,2067.5,6205,4135,-0.0010456591150251578,0.000544273265147154,0.0,0.0,0.0,
courtyard,estimated,DSC_0311.png,,14,0,True,-0.531547916669483,-0.2876163324351054,-1.249506440124045,0.8638071360802263,-0.1830044663654063,-0.4694109041630694,0.19245039821197663,0.980899488345475,-0.02826726006596464,0.4656179505613256,-0.06592085446881084,0.8825272602368568,3409.540596175655,3409.540596175655,3102.5,2067.5,6205,4135,-0.0010456591150251578,0.000544273265147154,0.0,0.0,0.0,
courtyard,estimated,DSC_0312.png,,15,0,True,-0.4034953223548222,-0.25048572841963984,-1.149954297831756,1.0,0.0,0.0,0.0,1.0,0.0,0.0,0.0,1.0,3409.540596175655,3409.540596175655,3102.5,2067.5,6205,4135,-0.0010456591150251578,0.000544273265147154,0.0,0.0,0.0,
courtyard,estimated,DSC_0313.png,,16,0,True,-0.2000482951154453,-0.2442358258418691,-1.1157583169179008,0.9998158773859633,-0.004760501157081297,-0.018588947137206574,0.004850673639955978,0.9999766729619454,0.004808793736197442,0.018565621243983976,-0.004898077244397354,0.9998156462804194,3409.540596175655,3409.540596175655,3102.5,2067.5,6205,4135,-0.0010456591150251578,0.000544273265147154,0.0,0.0,0.0,
courtyard,estimated,DSC_0314.png,,17,0,True,-0.07665116484215444,-0.25300316195412015,-1.1266037716878865,0.7726774118569711,0.2404311711161476,0.5875052928797582,-0.23006322606163188,0.9686415310768142,-0.09383227742775808,-0.5916422307612321,-0.06266128173667561,0.8037618021223638,3409.540596175655,3409.540596175655,3102.5,2067.5,6205,4135,-0.0010456591150251578,0.000544273265147154,0.0,0.0,0.0,
courtyard,estimated,DSC_0315.png,,18,0,True,-0.1330572755849507,-0.27796162586595613,-1.1975249436224087,0.8026306445021877,0.11713538630919292,0.584861821099821,-0.282515902119623,0.9382237572856763,0.19980226804089063,-0.5253273394327945,-0.3256001881740004,0.7861397483307386,3409.540596175655,3409.540596175655,3102.5,2067.5,6205,4135,-0.0010456591150251578,0.000544273265147154,0.0,0.0,0.0,
courtyard,estimated,DSC_0319.png,,19,0,True,-0.8436925908964542,-0.057671263273093305,-0.7141186544134167,0.5410820419267367,0.312389224462482,0.7807965140445506,-0.35905330909753047,0.9253854688967686,-0.12141851251279923,-0.7604675832213404,-0.21465019542137992,0.6128738438496597,3409.540596175655,3409.540596175655,3102.5,2067.5,6205,4135,-0.0010456591150251578,0.000544273265147154,0.0,0.0,0.0,
courtyard,estimated,DSC_0320.png,,20,0,True,-0.8698067123088814,-0.14871271545762266,-0.9279257819914687,0.04332009358439537,0.39161887675440266,0.9191071889945478,-0.35742124190829005,0.8651572985222657,-0.35178531044714,-0.9329380608189243,-0.313269060367083,0.17745160042149544,3409.540596175655,3409.540596175655,3102.5,2067.5,6205,4135,-0.0010456591150251578,0.000544273265147154,0.0,0.0,0.0,
courtyard,estimated,DSC_0321.png,,21,0,True,-0.8662874716172091,-0.2503431872735704,-1.1816866185372623,0.006428801502645687,0.384851889770655,0.9229559542314006,-0.3768910724077027,0.8558422162140673,-0.35424175429382315,-0.9262352779130211,-0.34557650945304313,0.15054928117941768,3409.540596175655,3409.540596175655,3102.5,2067.5,6205,4135,-0.0010456591150251578,0.000544273265147154,0.0,0.0,0.0,
courtyard,estimated,DSC_0322.png,,22,0,True,-0.8384992043460633,-0.3483251719362035,-1.4094040120964977,0.10196337560713731,0.3779830236823692,0.920180582191741,-0.375772011169953,0.8711040474832138,-0.31618528441350907,-0.9210856994091736,-0.3135387890936246,0.23085615018365235,3409.540596175655,3409.540596175655,3102.5,2067.5,6205,4135,-0.0010456591150251578,0.000544273265147154,0.0,0.0,0.0,
courtyard,estimated,DSC_0323.png,,23,1,True,-0.9712956135403102,-0.34459063838153775,-1.6973152728541,0.9821340314508092,0.05701812140683771,0.1793367728532439,-0.05669323467251361,0.9983675208644113,-0.006940491727296458,-0.17943974311324729,-0.0033506886283995634,0.9837632598736178,3835.3310011047533,3835.3310011047533,3099.0,2064.5,6198,4129,0.0,0.0,0.0,0.0,0.0,
courtyard,estimated,DSC_0296.png,,24,2,True,0.02856891892180125,0.06920233733938214,-0.3795068050209393,0.8506560706512734,-0.017904912611558965,0.5254176087347171,-0.25034118733948624,0.8650392679420009,0.43478311241333106,-0.4622916172564586,-0.5013845620107777,0.7313685675442092,3442.8615645967193,3442.8615645967193,3100.0,2067.0,6200,4134,0.0,0.0,0.0,0.0,0.0,
courtyard,estimated,DSC_0297.png,,25,2,True,0.07460096499398931,0.04750476391718471,-0.4236565685019739,0.5142907324893149,-0.0627038003382562,0.8553205690843311,-0.37531270029798436,0.880296424658853,0.29020437923621284,-0.7711325563550273,-0.4702620951724478,0.42919476042162996,3442.8615645967193,3442.8615645967193,3100.0,2067.0,6200,4134,0.0,0.0,0.0,0.0,0.0,
courtyard,estimated,DSC_0293.png,,26,3,True,-0.17359117835505997,0.08732757743353346,-0.3608045743785096,0.994399777334697,0.05992947651468196,-0.08704907053714783,-0.003897494530710508,0.8439092463294713,0.5364718012123347,0.10561198972222915,-0.5331281663955675,0.8394167414476625,3408.5912676143944,3408.5912676143944,3104.0,2067.0,6208,4134,-0.001171504825313523,0.0006239849193749345,0.0,0.0,0.0,
courtyard,estimated,DSC_0294.png,,27,3,True,-0.10961174939225078,0.084699127515989,-0.36058079221698613,0.9972491227772676,0.03430564445723557,0.06570623926495757,-0.06384867414104796,0.8478405005358958,0.5263932298780752,-0.03765015179783983,-0.5291404429916652,0.8476985653286102,3408.5912676143944,3408.5912676143944,3104.0,2067.0,6208,4134,-0.001171504825313523,0.0006239849193749345,0.0,0.0,0.0,
courtyard,estimated,DSC_0295.png,,28,3,True,-0.04890055653199778,0.08147318382593063,-0.36079500758453664,0.9983140337881062,0.04684289342681093,0.034275841012649216,-0.057861979904756375,0.8498520455941116,0.5238353671536559,-0.0045914293222854095,-0.5249354664479323,0.851129646318274,3408.5912676143944,3408.5912676143944,3104.0,2067.0,6208,4134,-0.001171504825313523,0.0006239849193749345,0.0,0.0,0.0,
courtyard,estimated,DSC_0298.png,,29,3,True,0.09219503027908003,0.02946317666408851,-0.46192135615292945,0.007399257752862987,-0.09584773473681885,0.9953685059969132,-0.416704149986707,0.904555959673407,0.09020070511463735,-0.909012047427625,-0.4154416054816154,-0.0332471061341455,3408.5912676143944,3408.5912676143944,3104.0,2067.0,6208,4134,-0.001171504825313523,0.0006239849193749345,0.0,0.0,0.0,
courtyard,estimated,DSC_0299.png,,30,3,True,0.08049967069962785,0.007508696281682216,-0.5078158838935715,-0.46444297772970056,-0.08500190050251766,0.8815142638372502,-0.357357170626033,0.9287352508635339,-0.0987253078273502,-0.8103015321716511,-0.3608677191359859,-0.4617206040950155,3408.5912676143944,3408.5912676143944,3104.0,2067.0,6208,4134,-0.001171504825313523,0.0006239849193749345,0.0,0.0,0.0,
courtyard,estimated,DSC_0300.png,,31,3,True,0.04212744516612404,-0.010542194100937064,-0.5499588513949014,-0.8690582303840679,-0.03313406849142925,0.4935989522951994,-0.18217195636173977,0.949077121054165,-0.25703306520149166,-0.4599469214127318,-0.3132965875919225,-0.8308393814006461,3408.5912676143944,3408.5912676143944,3104.0,2067.0,6208,4134,-0.001171504825313523,0.0006239849193749345,0.0,0.0,0.0,
courtyard,estimated,DSC_0301.png,,32,3,True,-0.024159358272663987,-0.01786899381032368,-0.5714970296727816,-0.9992046996844595,0.038420981680641154,0.010667534634822139,0.03345308008563989,0.953324768013308,-0.3000879506497324,-0.02169929863551026,-0.2994924287174357,-0.9538518887016258,3408.5912676143944,3408.5912676143944,3104.0,2067.0,6208,4134,-0.001171504825313523,0.0006239849193749345,0.0,0.0,0.0,
courtyard,estimated,DSC_0308.png,,33,3,True,-0.603747591194441,0.024083872812014007,-0.5212848075083819,0.06619885044311347,-0.28861862974339847,-0.9551528666999088,0.45676877601095345,0.8598293349149468,-0.22815740198638224,0.8871189308438109,-0.4211802480942848,0.1887516917904869,3408.5912676143944,3408.5912676143944,3104.0,2067.0,6208,4134,-0.001171504825313523,0.0006239849193749345,0.0,0.0,0.0,
courtyard,estimated,DSC_0309.png,,34,3,True,-0.63472594393737,0.06010982564359774,-0.44799702106038075,0.6437887127644717,-0.233992855033571,-0.7285488570509894,0.32913639508353093,0.9442008276038333,-0.012410905835356714,0.690800497067339,-0.23180194336000393,0.6848814001752734,3408.5912676143944,3408.5912676143944,3104.0,2067.0,6208,4134,-0.001171504825313523,0.0006239849193749345,0.0,0.0,0.0,
courtyard,estimated,DSC_0316.png,,35,3,True,-0.09360490454334035,-0.3477664812772504,-1.3661632197755762,0.5871508690838079,0.1405046457290478,0.7971902542446714,-0.38022331274479354,0.9172885367402184,0.11837217920763321,-0.7146216407159134,-0.3726126472538793,0.5920099034027657,3408.5912676143944,3408.5912676143944,3104.0,2067.0,6208,4134,-0.001171504825313523,0.0006239849193749345,0.0,0.0,0.0,
courtyard,estimated,DSC_0317.png,,36,3,True,-0.3227293611596617,-0.33144842165351396,-1.344912967864539,0.9948951870086055,0.07448434270900257,-0.06808560463357806,-0.05161883861707783,0.9553669429489178,0.29087712151398804,0.08671252716266621,-0.28587774836745716,0.9543347686327983,3408.5912676143944,3408.5912676143944,3104.0,2067.0,6208,4134,-0.001171504825313523,0.0006239849193749345,0.0,0.0,0.0,
courtyard,estimated,DSC_0318.png,,37,3,True,-0.7009899401484531,-0.16781249698756856,-0.963383357387604,0.9297778036580688,0.10248335020068357,0.3535680963498002,-0.1997518109156759,0.9472242287081228,0.2507298837079653,-0.3092126288829187,-0.3037489481133157,0.9011792977312387,3408.5912676143944,3408.5912676143944,3104.0,2067.0,6208,4134,-0.001171504825313523,0.0006239849193749345,0.0,0.0,0.0,
delivery_area,estimated,DSC_0675.png,,0,0,True,-0.497725598482468,0.1280989131955723,0.019924020536478498,-0.9923694879101705,-0.006861488698990964,-0.12310856768616682,0.007070122571211178,0.9936409871017714,-0.11237260394885153,0.12309676206843928,-0.11238553609896164,-0.9860104859706185,3408.4504245820385,3408.4504245820385,3104.0,2067.5,6208,4135,-0.00037247603012710595,7.972316959063638e-05,0.0,0.0,0.0,
delivery_area,estimated,DSC_0676.png,,1,0,True,-0.4227356350058747,0.12807846025987377,0.007945661079964963,-0.9958402078841275,-0.0012517817399521603,-0.09110825101917888,0.008724634858498196,0.9940012758307148,-0.1090199265891199,0.09069818690516401,-0.10936131258076019,-0.9898555158217432,3408.4504245820385,3408.4504245820385,3104.0,2067.5,6208,4135,-0.00037247603012710595,7.972316959063638e-05,0.0,0.0,0.0,
delivery_area,estimated,DSC_0677.png,,2,0,True,-0.35095221473825056,0.1281453134433577,-0.002885932292525851,-0.997011805632547,-0.0020824866231991808,-0.077221257946192,0.006220059135485139,0.9942266494679067,-0.10711993442945754,0.07699850838606676,-0.10728016003569536,-0.9912427538040498,3408.4504245820385,3408.4504245820385,3104.0,2067.5,6208,4135,-0.00037247603012710595,7.972316959063638e-05,0.0,0.0,0.0,
delivery_area,estimated,DSC_0678.png,,3,0,True,-0.27654226604355076,0.12786143298918867,-0.010407906810004697,-0.9990534661970156,0.007813807504861263,-0.04279154229524246,0.012304844328647119,0.9943201789485205,-0.10571647242426221,0.04172244582687251,-0.10614295147610606,-0.9934751689731178,3408.4504245820385,3408.4504245820385,3104.0,2067.5,6208,4135,-0.00037247603012710595,7.972316959063638e-05,0.0,0.0,0.0,
delivery_area,estimated,DSC_0679.png,,4,0,True,-0.20223312882101302,0.12781935314134027,-0.021964231037244167,-0.9987994035522447,0.003937510462206463,-0.04882875664032415,0.009056013722597272,0.9944254479007134,-0.10505244967596698,0.04814291307280973,-0.10536851796825018,-0.9932672023891851,3408.4504245820385,3408.4504245820385,3104.0,2067.5,6208,4135,-0.00037247603012710595,7.972316959063638e-05,0.0,0.0,0.0,
delivery_area,estimated,DSC_0680.png,,5,0,True,-0.12911769486720212,0.12784635973392877,-0.03129216369157601,-0.9944656351244929,-0.009555185965304504,-0.10462695148769051,0.001920998528033813,0.9940354666805387,-0.10904036292061314,0.10504480149485927,-0.10863788198585328,-0.9885157562105593,3408.4504245820385,3408.4504245820385,3104.0,2067.5,6208,4135,-0.00037247603012710595,7.972316959063638e-05,0.0,0.0,0.0,
delivery_area,estimated,DSC_0681.png,,6,0,True,-0.07382929688715195,0.12784487021958973,-0.03707888184455848,-0.9987936160459923,0.005223327515420949,-0.04882652348302841,0.010373654279637275,0.9943298679521481,-0.10583241939571436,0.047996873259188895,-0.10621125433743103,-0.9931845093482943,3408.4504245820385,3408.4504245820385,3104.0,2067.5,6208,4135,-0.00037247603012710595,7.972316959063638e-05,0.0,0.0,0.0,
delivery_area,estimated,DSC_0682.png,,7,0,True,0.0034714103656228903,0.12850686403974348,-0.04987766089673223,-0.979065082932663,0.04053432854715304,0.19947062839247529,0.019304354805614952,0.9940449275922961,-0.10724748861192807,-0.20262997129644086,-0.10115161954836988,-0.974017168532026,3408.4504245820385,3408.4504245820385,3104.0,2067.5,6208,4135,-0.00037247603012710595,7.972316959063638e-05,0.0,0.0,0.0,
delivery_area,estimated,DSC_0683.png,,8,0,True,0.0945125279721549,0.1295316906326112,-0.06780394064292358,-0.9746300527581504,0.04679597440524287,0.21887530020563964,0.02303172978254797,0.9936766482301321,-0.10989202967164607,-0.2226337792965585,-0.10206299790616627,-0.9695449163264884,3408.4504245820385,3408.4504245820385,3104.0,2067.5,6208,4135,-0.00037247603012710595,7.972316959063638e-05,0.0,0.0,0.0,
delivery_area,estimated,DSC_0684.png,,9,0,True,0.17208085024941325,0.12960013912710533,-0.07481865320963221,-0.9923376817952692,0.022997689873798407,0.12139617600921533,0.010254897490716102,0.9944649359697038,-0.10456733813303212,-0.1231290476152833,-0.10252120457369568,-0.9870808681390355,3408.4504245820385,3408.4504245820385,3104.0,2067.5,6208,4135,-0.00037247603012710595,7.972316959063638e-05,0.0,0.0,0.0,
delivery_area,estimated,DSC_0685.png,,10,0,True,0.23461666889386043,0.13035503433794707,-0.07091838187755427,-0.748816091671622,-0.028837656235807793,0.6621501721184272,0.052640336367258955,0.9933091872405108,0.10279033773043965,-0.6606840817219523,0.11182686674686627,-0.7422878794866583,3408.4504245820385,3408.4504245820385,3104.0,2067.5,6208,4135,-0.00037247603012710595,7.972316959063638e-05,0.0,0.0,0.0,
delivery_area,estimated,DSC_0686.png,,11,0,True,0.2715780625280722,0.12825342786415025,-0.03444974818433903,-0.5691554166045873,-0.04104023024024149,0.8212050969468505,0.059352253646951306,0.9940974528648898,0.09081610096544643,-0.8200850088476719,0.10042884898955168,-0.5633601197759273,3408.4504245820385,3408.4504245820385,3104.0,2067.5,6208,4135,-0.00037247603012710595,7.972316959063638e-05,0.0,0.0,0.0,
delivery_area,estimated,DSC_0687.png,,12,0,True,0.28626113014403937,0.12492012445945809,0.01899403977062466,-0.4277193117175575,-0.05341317883603249,0.9023321022276048,0.055265801917725794,0.9948397201360346,0.08508597051245895,-0.9022205282092896,0.08626101997012525,-0.42256023820452415,3408.4504245820385,3408.4504245820385,3104.0,2067.5,6208,4135,-0.00037247603012710595,7.972316959063638e-05,0.0,0.0,0.0,
delivery_area,estimated,DSC_0688.png,,13,0,True,0.2803185148637619,0.12151922646028183,0.07936437405598823,-0.45472245109633236,-0.05298067061891704,0.8890559830571491,0.05315950620217528,0.9948348555231634,0.08647356322337756,-0.8890453078270447,0.08658324766937543,-0.44955731765119666,3408.4504245820385,3408.4504245820385,3104.0,2067.5,6208,4135,-0.00037247603012710595,7.972316959063638e-05,0.0,0.0,0.0,
delivery_area,estimated,DSC_0689.png,,14,0,True,0.28357892170778776,0.11896748388908183,0.12345620334405219,-0.18104743207038698,-0.05676102404569283,0.9818350235604775,0.062296912174903435,0.9956663444508327,0.06904799245009378,-0.9814993235220243,0.07366625195569625,-0.1767267983318006,3408.4504245820385,3408.4504245820385,3104.0,2067.5,6208,4135,-0.00037247603012710595,7.972316959063638e-05,0.0,0.0,0.0,
delivery_area,estimated,DSC_0690.png,,15,0,True,0.27834190500917,0.11636077227447988,0.16901669905858238,0.10943836885665481,-0.058068001438766496,0.9922959995036272,0.06284675783662944,0.9966990012732145,0.0513944149728418,-0.9920048026352591,0.05673806544009075,0.11272649856487671,3408.4504245820385,3408.4504245820385,3104.0,2067.5,6208,4135,-0.00037247603012710595,7.972316959063638e-05,0.0,0.0,0.0,
delivery_area,estimated,DSC_0691.png,,16,0,True,0.2610452082429956,0.11374561637417341,0.21194875547013664,0.4621023051463077,-0.05223059573692653,0.8852871988498618,0.05672083550789812,0.9979608980002268,0.0292710246125229,-0.8850108510056558,0.03668802163576976,0.46412259444105775,3408.4504245820385,3408.4504245820385,3104.0,2067.5,6208,4135,-0.00037247603012710595,7.972316959063638e-05,0.0,0.0,0.0,
delivery_area,estimated,DSC_0692.png,,17,0,True,0.2108437573024407,0.11216417688740746,0.23977133876848203,0.7425572736866712,-0.0462860016533207,0.6681813386693517,0.04681032518826644,0.9987563109989172,0.017164635026795,-0.6681448112129488,0.0185320611585199,0.7438004261617696,3408.4504245820385,3408.4504245820385,3104.0,2067.5,6208,4135,-0.00037247603012710595,7.972316959063638e-05,0.0,0.0,0.0,
delivery_area,estimated,DSC_0693.png,,18,0,True,0.13734467475392997,0.112363039637977,0.23569194673708022,0.940797298876593,-0.020787535764927687,0.3383316727463279,0.021093624623690965,0.9997736606621567,0.002772444124867083,-0.3383127272609491,0.004528333359255265,0.9410228439151975,3408.4504245820385,3408.4504245820385,3104.0,2067.5,6208,4135,-0.00037247603012710595,7.972316959063638e-05,0.0,0.0,0.0,
delivery_area,estimated,DSC_0694.png,,19,0,True,0.07321893440855906,0.11362194307319093,0.22748323036704118,0.9971210660261325,-0.011160673491510516,0.0750001270273934,0.01108748544956729,0.9999375628448083,0.0013921488392650155,-0.07501098155146942,-0.0005565781175430524,0.9971825524283325,3408.4504245820385,3408.4504245820385,3104.0,2067.5,6208,4135,-0.00037247603012710595,7.972316959063638e-05,0.0,0.0,0.0,
delivery_area,estimated,DSC_0695.png,,20,0,True,0.00950035986315813,0.11361624473091222,0.2298341154280975,0.9999632624162365,-0.005891160668096657,0.00622639894799788,0.005893745875359317,0.9999825529493281,-0.00039693387449416174,-0.0062239519144706755,0.000433616105220803,0.9999805370104159,3408.4504245820385,3408.4504245820385,3104.0,2067.5,6208,4135,-0.00037247603012710595,7.972316959063638e-05,0.0,0.0,0.0,
delivery_area,estimated,DSC_0696.png,,21,0,True,-0.06920919869833977,0.1143076071988635,0.22117301463381803,0.9995983259119424,-0.004908504276648328,-0.027912244979727795,0.004914477436628882,0.999987913311988,0.00014540103458755328,0.027911193911530907,-0.00028251672891811274,0.9996103668123549,3408.4504245820385,3408.4504245820385,3104.0,2067.5,6208,4135,-0.00037247603012710595,7.972316959063638e-05,0.0,0.0,0.0,
delivery_area,estimated,DSC_0697.png,,22,0,True,-0.14605045462260963,0.11489118576942803,0.2187964702668039,0.9832824765872917,0.010673393900121068,-0.1817736226712086,-0.01033661448837863,0.99994265549769,0.0028000209189839803,0.18179308467948035,-0.0008742876420065077,0.9833364175010698,3408.4504245820385,3408.4504245820385,3104.0,2067.5,6208,4135,-0.00037247603012710595,7.972316959063638e-05,0.0,0.0,0.0,
delivery_area,estimated,DSC_0698.png,,23,0,True,-0.22765385026846927,0.11567150473879186,0.21349157335942276,1.0,0.0,0.0,0.0,1.0,0.0,0.0,0.0,1.0,3408.4504245820385,3408.4504245820385,3104.0,2067.5,6208,4135,-0.00037247603012710595,7.972316959063638e-05,0.0,0.0,0.0,
delivery_area,estimated,DSC_0699.png,,24,0,True,-0.30443248285468266,0.11567885472039068,0.22413027813385972,0.999980669920766,0.0034898049085668355,-0.0051459738161280565,-0.0034967713696831366,0.9999929812278293,-0.0013453940190166526,0.005141242535058725,0.0013633623063530396,0.9999858543341588,3408.4504245820385,3408.4504245820385,3104.0,2067.5,6208,4135,-0.00037247603012710595,7.972316959063638e-05,0.0,0.0,0.0,
delivery_area,estimated,DSC_0700.png,,25,0,True,-0.3672204293043891,0.1159489862978596,0.22781316654293698,0.9961404370775261,0.006065336208640136,-0.08756392702289836,-0.006584992481980537,0.9999623741956565,-0.0056469520095454116,0.08752638169722071,0.006201765044082859,0.9961428966856766,3408.4504245820385,3408.4504245820385,3104.0,2067.5,6208,4135,-0.00037247603012710595,7.972316959063638e-05,0.0,0.0,0.0,
delivery_area,estimated,DSC_0701.png,,26,0,True,-0.44615023935812426,0.11793522389990754,0.20921875196240897,0.9492566047164662,0.022475394644764526,-0.31369850977926034,-0.021951940288473356,0.9997454968425288,0.005201332584701585,0.3137355745205473,0.0019488916459024501,0.9495083944345172,3408.4504245820385,3408.4504245820385,3104.0,2067.5,6208,4135,-0.00037247603012710595,7.972316959063638e-05,0.0,0.0,0.0,
delivery_area,estimated,DSC_0702.png,,27,0,True,-0.5125170621069836,0.11938856848133553,0.19439507523045546,0.9392679388620643,0.023673581390955562,-0.34236720136417176,-0.0247426906495801,0.9996930773265461,0.0012451525205494324,0.34229159832696554,0.007301553910370828,0.9395654043361032,3408.4504245820385,3408.4504245820385,3104.0,2067.5,6208,4135,-0.00037247603012710595,7.972316959063638e-05,0.0,0.0,0.0,
delivery_area,estimated,DSC_0703.png,,28,0,True,-0.5166134135526937,0.12258557707231721,0.13791475586694116,0.6001261712858088,0.05073670841510359,-0.7982946604838573,-0.048142482979662775,0.998468221696105,0.027267409036622534,0.7984553086243394,0.02206800131906742,0.6016495021583519,3408.4504245820385,3408.4504245820385,3104.0,2067.5,6208,4135,-0.00037247603012710595,7.972316959063638e-05,0.0,0.0,0.0,
delivery_area,estimated,DSC_0704.png,,29,0,True,-0.5193585720068001,0.12620630441714428,0.08167512459867235,0.2968216284898014,0.06098658775865044,-0.9529835029916409,-0.05528530481164244,0.9973821683346745,0.04660842584669437,0.9533312414541686,0.03885159458219766,0.2994162615254463,3408.4504245820385,3408.4504245820385,3104.0,2067.5,6208,4135,-0.00037247603012710595,7.972316959063638e-05,0.0,0.0,0.0,
delivery_area,estimated,DSC_0705.png,,30,0,True,-0.5340056327442203,0.13087628656807856,-0.0006811767906081328,0.14999082436501399,0.0631112639622574,-0.9866710297598634,-0.04513571202700144,0.9973571858704033,0.05693339347417669,0.9876565800449663,0.035994612843536715,0.15244299833093278,3408.4504245820385,3408.4504245820385,3104.0,2067.5,6208,4135,-0.00037247603012710595,7.972316959063638e-05,0.0,0.0,0.0,
delivery_area,estimated,DSC_0706.png,,31,0,True,-0.48281476910743754,0.13302045459244868,-0.052316169008507316,-0.36423547048753613,0.05946776667569076,-0.9294063195208696,-0.04595660809691482,0.9955957624591529,0.08171332783337408,0.9301723024316245,0.07247525439750789,-0.3598983541071934,3408.4504245820385,3408.4504245820385,3104.0,2067.5,6208,4135,-0.00037247603012710595,7.972316959063638e-05,0.0,0.0,0.0,
delivery_area,estimated,DSC_0707.png,,32,0,True,-0.4199020858258166,0.1321502974477376,-0.04756311058785582,-0.7284224101471635,0.0518652595136687,-0.6831623432618176,-0.02390370974085415,0.994599554316924,0.10099672872524679,0.6847111836796757,0.08989839491423576,-0.7232488323777797,3408.4504245820385,3408.4504245820385,3104.0,2067.5,6208,4135,-0.00037247603012710595,7.972316959063638e-05,0.0,0.0,0.0,
delivery_area,estimated,DSC_0708.png,,33,0,True,-0.3763668501920456,0.13139919482702006,-0.0363067957549174,-0.9377042446977955,0.0330866881136061,-0.34585549084178263,-0.00620640673394212,0.9937011249755044,0.11189081614623148,0.3473790868650419,0.10706701309035316,-0.9315924134065929,3408.4504245820385,3408.4504245820385,3104.0,2067.5,6208,4135,-0.00037247603012710595,7.972316959063638e-05,0.0,0.0,0.0,
delivery_area,estimated,DSC_0709.png,,34,0,True,-0.380662122086082,0.12697435743743452,0.030170975026668743,0.17533960137284077,-0.14058802841013007,-0.9744183036346178,-0.05868395933621816,0.9864991617419399,-0.15289080024342547,0.9827574558898237,0.08399053607521745,0.16472210763209416,3408.4504245820385,3408.4504245820385,3104.0,2067.5,6208,4135,-0.00037247603012710595,7.972316959063638e-05,0.0,0.0,0.0,
delivery_area,estimated,DSC_0710.png,,35,0,True,-0.3254579212394369,0.1201447522637295,0.13769135260103554,0.23340596155252447,-0.14919503352084373,-0.9608654947933432,-0.05098278487850507,0.9849222331910064,-0.16531470053226638,0.9710419212154405,0.08757303545472861,0.22228034259347207,3408.4504245820385,3408.4504245820385,3104.0,2067.5,6208,4135,-0.00037247603012710595,7.972316959063638e-05,0.0,0.0,0.0,
delivery_area,estimated,DSC_0715.png,,36,0,True,-0.6058258322706259,0.12697322844198644,0.07034556657585223,0.9947778144956401,0.001069869409651621,0.10205858693282109,0.017406663131938664,0.9835171562901358,-0.1799750298279622,-0.10056892097407187,0.1808116662785092,0.9783624243968592,3408.4504245820385,3408.4504245820385,3104.0,2067.5,6208,4135,-0.00037247603012710595,7.972316959063638e-05,0.0,0.0,0.0,
delivery_area,estimated,DSC_0716.png,,37,0,True,-0.7454345254010375,0.1253275961334094,0.08918671256969496,0.9967438405927135,-0.005884396710525588,0.08041822004894432,0.02065906581587368,0.9826803162626881,-0.18415373748441444,-0.07794176826389478,0.18521546886050416,0.9796021186454636,3408.4504245820385,3408.4504245820385,3104.0,2067.5,6208,4135,-0.00037247603012710595,7.972316959063638e-05,0.0,0.0,0.0,
delivery_area,estimated,DSC_0717.png,,38,0,True,-0.8342275595932866,0.12437350729083113,0.10110947113320916,0.9967710845606784,0.0035162377056914334,0.08021870764432601,0.011770417018626064,0.9818501234542727,-0.1892928745516772,-0.07942834674684104,0.1896258715081527,0.9786384248474189,3408.4504245820385,3408.4504245820385,3104.0,2067.5,6208,4135,-0.00037247603012710595,7.972316959063638e-05,0.0,0.0,0.0,
delivery_area,estimated,DSC_0718.png,,39,0,True,-0.550472140813543,0.1254003992169281,0.09216596032290678,0.9997738881861862,-0.006159820770063467,0.02035261922102162,0.009708081662752091,0.983775348048275,-0.17914189270777695,-0.018918923106364713,0.17929897149893534,0.9836127048630062,3408.4504245820385,3408.4504245820385,3104.0,2067.5,6208,4135,-0.00037247603012710595,7.972316959063638e-05,0.0,0.0,0.0,
delivery_area,estimated,DSC_0711.png,,40,1,True,-0.1930923177742704,0.135134083913246,0.05457644666830937,-0.1165701048327834,0.4809914902472878,0.8689410779615424,0.08152389089724121,0.8765873202876547,-0.47428738663797854,-0.9898309279226675,0.01555172725461193,-0.141396173594442,3388.8427601394874,3388.8427601394874,2067.5,3104.0,4135,6208,-0.0018092414424675696,0.0,0.0,0.0,0.0,
delivery_area,estimated,DSC_0712.png,,41,1,True,-0.203030862675669,0.14234482750154664,-0.06125837719687037,-0.11181475589081646,0.4862942578617169,0.8666114210739434,0.09101971942368675,0.8734261691578014,-0.47837447434657426,-0.9895518536393689,0.025389403322053028,-0.14192430080095386,3388.8427601394874,3388.8427601394874,2067.5,3104.0,4135,6208,-0.0018092414424675696,0.0,0.0,0.0,0.0,
delivery_area,estimated,DSC_0713.png,,42,1,True,-0.19347318713897524,0.14770589778398688,-0.15328748217724578,0.09380675416019668,0.480377001668066,0.8720310941373176,0.08843447794547382,0.8684106646828099,-0.4878957476507371,-0.9916549984669264,0.12288553101793204,0.03898089637246582,3388.8427601394874,3388.8427601394874,2067.5,3104.0,4135,6208,-0.0018092414424675696,0.0,0.0,0.0,0.0,
delivery_area,estimated,DSC_0714.png,,43,1,True,-0.17778492862650375,0.15040284024262518,-0.2018707001277713,0.09314137619929608,0.4816160111676756,0.8714187867074238,0.08901358803013751,0.8676907854291351,-0.48906981304039976,-0.9916659040149066,0.12312074832581221,0.03794754466352024,3388.8427601394874,3388.8427601394874,2067.5,3104.0,4135,6208,-0.0018092414424675696,0.0,0.0,0.0,0.0,
electro,estimated,DSC_9258.png,,0,0,True,0.35034943926763645,0.09059999547069798,-0.405621970779715,0.7181101163685151,-0.03946620892495123,-0.6948095272247568,0.06832001849288546,0.9975659529594584,0.013947923473384017,0.6925678564894053,-0.057485544697599325,0.719058534688582,3408.2967257979426,3408.2967257979426,3102.5,2067.0,6205,4134,-8.518107547086729e-05,-0.0008140286334016269,0.0,0.0,0.0,
electro,estimated,DSC_9259.png,,1,0,True,0.22382024778595444,0.10158448574325271,-0.33357745556208535,0.6785895788383404,-0.03701840726689309,-0.7335842289849384,0.0661515021602575,0.9977506695004524,0.010843443795236,0.7315327485861076,-0.05588594666659438,0.6795120298502693,3408.2967257979426,3408.2967257979426,3102.5,2067.0,6205,4134,-8.518107547086729e-05,-0.0008140286334016269,0.0,0.0,0.0,
electro,estimated,DSC_9260.png,,2,0,True,0.11076044375212202,0.1089663704290996,-0.2997015670292153,0.3776630816092287,-0.038567725359218,-0.9251395177755825,0.0981378792545649,0.9951718070834881,-0.0014251461683632283,0.9207277303550913,-0.09025300519539885,0.37962460616820104,3408.2967257979426,3408.2967257979426,3102.5,2067.0,6205,4134,-8.518107547086729e-05,-0.0008140286334016269,0.0,0.0,0.0,
electro,estimated,DSC_9261.png,,3,0,True,-0.01140401874219428,0.11763318795273923,-0.26061078911745544,-0.15287104569418153,-0.021754220895054327,-0.9880066787535481,0.128702245302012,0.9908049151803138,-0.04172951124506524,0.9798296665454606,-0.13353791194930553,-0.1486655663885601,3408.2967257979426,3408.2967257979426,3102.5,2067.0,6205,4134,-8.518107547086729e-05,-0.0008140286334016269,0.0,0.0,0.0,
electro,estimated,DSC_9268.png,,4,0,True,-0.014959330241219804,0.07001592890763397,-0.8059632144900115,0.1795005023834314,0.10505776903661071,0.9781321152120227,-0.054525016295679324,0.9938154425591766,-0.09673618107442422,-0.9822456883295806,-0.0359684764197491,0.18411864778449338,3408.2967257979426,3408.2967257979426,3102.5,2067.0,6205,4134,-8.518107547086729e-05,-0.0008140286334016269,0.0,0.0,0.0,
electro,estimated,DSC_9271.png,,5,0,True,0.45869665624982786,0.057963536459711376,-0.7408037017477817,0.8435255486021866,0.047730912034275354,0.5349639323279247,-0.046266866303388464,0.9987983558373661,-0.016162346953293962,-0.5350925396021182,-0.011117752153674873,0.8447202907763048,3408.2967257979426,3408.2967257979426,3102.5,2067.0,6205,4134,-8.518107547086729e-05,-0.0008140286334016269,0.0,0.0,0.0,
electro,estimated,DSC_9272.png,,6,0,True,0.5207050699587082,0.06650775590846472,-0.6280299416702125,0.9961674123953843,-0.0029057899183638964,-0.08741877868304196,0.0041290934674088585,0.9998960285323057,0.013816030995184648,0.08736954314074064,-0.014124040154036526,0.9960758376856179,3408.2967257979426,3408.2967257979426,3102.5,2067.0,6205,4134,-8.518107547086729e-05,-0.0008140286334016269,0.0,0.0,0.0,
electro,estimated,DSC_9275.png,,7,0,True,0.32545906749583897,0.08215466697448215,-0.5161785679001917,-0.09482581671992207,0.11551163744037485,0.9887695009956785,-0.034895436549873954,0.9922490807704667,-0.11926470650681889,-0.9948820899942834,-0.04581291658481614,-0.09006000045857876,3408.2967257979426,3408.2967257979426,3102.5,2067.0,6205,4134,-8.518107547086729e-05,-0.0008140286334016269,0.0,0.0,0.0,
electro,estimated,DSC_9277.png,,8,0,True,0.26817136708837125,0.08237485618040485,-0.5520666125439664,0.07800654508470106,-0.040240524816618536,-0.9961403912533774,0.11547627846833387,0.9928243911887547,-0.03106376300100335,0.9902424996106017,-0.1126074083848918,0.08209362668189224,3408.2967257979426,3408.2967257979426,3102.5,2067.0,6205,4134,-8.518107547086729e-05,-0.0008140286334016269,0.0,0.0,0.0,
electro,estimated,DSC_9278.png,,9,0,True,-0.029952966591257207,0.09745002691323881,-0.5087330377086218,0.09347160903347218,-0.03679761175922227,-0.9949417038568197,0.12216850135075194,0.992188936940192,-0.02521845933444631,0.9880981305429158,-0.11919332692021542,0.09723700548292102,3408.2967257979426,3408.2967257979426,3102.5,2067.0,6205,4134,-8.518107547086729e-05,-0.0008140286334016269,0.0,0.0,0.0,
electro,estimated,DSC_9279.png,,10,0,True,-0.033917147419748335,0.09951158341638006,-0.48902115374004773,0.9996983714139862,0.004985489115363714,-0.024048099519595276,-0.004682698564257688,0.9999092614605041,0.012630961153673877,0.024108888949515437,-0.012514541293627566,0.9996310057865503,3408.2967257979426,3408.2967257979426,3102.5,2067.0,6205,4134,-8.518107547086729e-05,-0.0008140286334016269,0.0,0.0,0.0,
electro,estimated,DSC_9282.png,,11,0,True,-0.3586388232640019,0.11239160593131009,-0.48170180177465316,0.009145029538296767,-0.03697855114649095,-0.9992742142124205,0.12515039059250216,0.9915008285434963,-0.035545558542587785,0.9920956345883638,-0.12473449303487286,0.013695184483804135,3408.2967257979426,3408.2967257979426,3102.5,2067.0,6205,4134,-8.518107547086729e-05,-0.0008140286334016269,0.0,0.0,0.0,
electro,estimated,DSC_9295.png,,12,0,True,-0.18516982028392026,0.1175808141653534,-0.34740605785210527,0.9929746108270994,0.010105676006643916,-0.11789528220085548,-0.019395971015921186,0.9967707463173644,-0.07792224069079363,0.1167271115085101,0.079661500101198,0.9899640533072435,3408.2967257979426,3408.2967257979426,3102.5,2067.0,6205,4134,-8.518107547086729e-05,-0.0008140286334016269,0.0,0.0,0.0,
electro,estimated,DSC_9296.png,,13,0,True,-0.19025009688484326,0.12316520427787206,-0.28681288408021605,0.9684566442592728,-0.0049514457460131354,-0.24913291909158153,-0.012680644426939908,0.9975278153322783,-0.06911916445769266,0.2488592563016006,0.07009808002674776,0.9659996530690774,3408.2967257979426,3408.2967257979426,3102.5,2067.0,6205,4134,-8.518107547086729e-05,-0.0008140286334016269,0.0,0.0,0.0,
electro,estimated,DSC_9297.png,,14,0,True,-0.19002685865126806,0.12466317213828493,-0.28319933193024954,0.9956248867483708,0.056456692287606546,-0.07445620715048701,-0.045814337165664513,0.9894264897129632,0.13760911294080133,0.08143789902351692,-0.1335958957087601,0.9876841627020297,3408.2967257979426,3408.2967257979426,3102.5,2067.0,6205,4134,-8.518107547086729e-05,-0.0008140286334016269,0.0,0.0,0.0,
electro,estimated,DSC_9299.png,,15,0,True,-0.20845506031413155,0.12243153758763414,-0.3076615173079755,0.7117613348599376,0.09320110015071544,0.696210713167426,-0.09030185535742806,0.9950746250648231,-0.04089089716682367,-0.6965926909732874,-0.03376455956765787,0.7166718756863537,3408.2967257979426,3408.2967257979426,3102.5,2067.0,6205,4134,-8.518107547086729e-05,-0.0008140286334016269,0.0,0.0,0.0,
electro,estimated,DSC_9292.png,,16,1,True,-0.2545081731088405,0.29852475344594814,-0.3634241025674975,-0.9978697855240992,-0.012187301609259741,0.06408869492799746,-0.05721583447340489,0.6354499300327293,-0.7700193080091637,-0.03134069915622378,-0.7720458898931362,-0.6347935920246166,4192.6423771140335,4192.6423771140335,3086.0,2059.0,6172,4118,0.0,0.0,0.0,0.0,0.0,
electro,estimated,DSC_9289.png,,17,2,True,-0.19986780904942153,0.13972298902638297,-0.25115765681857144,0.29210603472743923,-0.9553302795792706,0.04492350603865358,0.0853169745843223,-0.020755536701585697,-0.9961376519056027,0.9525728729727666,0.2948105571637864,0.07544307165795794,3412.605966425706,3412.605966425706,3096.0,2060.5,6192,4121,0.0005767659809212311,0.0,0.0,0.0,0.0,
electro,estimated,DSC_9290.png,,18,2,True,-0.2122318288438401,0.15221101982411686,-0.10956891966521932,0.3525494405405615,-0.9345750565612455,0.04773212364940638,0.07093623072095989,-0.024170739813464737,-0.9971879594680096,0.9331007143634819,0.3549439941602267,0.05777385103959398,3412.605966425706,3412.605966425706,3096.0,2060.5,6192,4121,0.0005767659809212311,0.0,0.0,0.0,0.0,
electro,estimated,DSC_9291.png,,19,2,True,-0.1306559589470766,0.1019019077480906,-0.7144359962138958,-0.28665315502194266,-0.9570074066711931,0.0443485320212923,0.10827849465983697,-0.07835779901699036,-0.9910276600213601,0.9518958642152857,-0.27927921317149695,0.1260848316814669,3412.605966425706,3412.605966425706,3096.0,2060.5,6192,4121,0.0005767659809212311,0.0,0.0,0.0,0.0,
electro,estimated,DSC_9298.png,,20,2,True,-0.18880226707681672,0.12957116216294495,-0.3055007365529147,0.9988562780080051,-0.0021614705215727975,-0.04776467239685693,-0.04590154238401387,0.23632684902028067,-0.9705888258366229,0.013385973657648997,0.9716712141858119,0.23595734197499962,3412.605966425706,3412.605966425706,3096.0,2060.5,6192,4121,0.0005767659809212311,0.0,0.0,0.0,0.0,
electro,estimated,DSC_9263.png,,21,3,True,-0.24952063044037245,0.1207194511990625,-0.33922293482933175,-0.943122621698596,0.05419952220191646,-0.3279971527825373,0.10668983024214981,0.9837784567346459,-0.14421244116822787,0.3148602873708725,-0.17100397614641097,-0.9336062551091062,3410.6623778374656,3410.6623778374656,3099.0,2065.0,6198,4130,0.00030578765094345654,0.0,0.0,0.0,0.0,
electro,estimated,DSC_9264.png,,22,3,True,-0.341886942404765,0.1146628549089323,-0.4441803180950045,-0.9966765920834457,0.07790965998763681,-0.023787721066570337,0.08074104434532818,0.9835368046301434,-0.16166705816570326,0.010800673634356293,-0.16305041802625947,-0.9865586179394041,3410.6623778374656,3410.6623778374656,3099.0,2065.0,6198,4130,0.00030578765094345654,0.0,0.0,0.0,0.0,
electro,estimated,DSC_9265.png,,23,3,True,-0.33732495502406507,0.10339138547683574,-0.5658693404205616,-0.8372757090523111,0.10713613050970994,0.5361820927356266,0.01833477882234271,0.9855656188004921,-0.16829808948392427,-0.5464734420962151,-0.13108112212599343,-0.8271544695555388,3410.6623778374656,3410.6623778374656,3099.0,2065.0,6198,4130,0.00030578765094345654,0.0,0.0,0.0,0.0,
electro,estimated,DSC_9276.png,,24,3,True,0.3479152533014892,0.0786495011035672,-0.5531660949588897,-0.9965263633685297,0.07308776161844238,-0.039917242052769863,0.0783337169755646,0.9853632510588676,-0.15140373921238262,0.02826722300272562,-0.15400468357911964,-0.9876656932076815,3410.6623778374656,3410.6623778374656,3099.0,2065.0,6198,4130,0.00030578765094345654,0.0,0.0,0.0,0.0,
electro,estimated,DSC_9280.png,,25,3,True,-0.005497630348977676,0.0933726278367176,-0.5411338205558903,-0.9852122335801743,0.06639152436116877,-0.15795258876309803,0.09062391481955107,0.9842887937816143,-0.15153506689447716,0.1454103189830171,-0.16360848367042352,-0.9757500208579666,3410.6623778374656,3410.6623778374656,3099.0,2065.0,6198,4130,0.00030578765094345654,0.0,0.0,0.0,0.0,
electro,estimated,DSC_9285.png,,26,3,True,-0.3257316440349948,0.10849221498991904,-0.5090828755938235,-0.996575080195945,0.07075887520666167,-0.04279358727583349,0.07672250900780629,0.9842512242164676,-0.1592582313098196,0.03085070734996818,-0.16199601602469427,-0.9863090411469084,3410.6623778374656,3410.6623778374656,3099.0,2065.0,6198,4130,0.00030578765094345654,0.0,0.0,0.0,0.0,
electro,estimated,DSC_9293.png,,27,3,True,-0.18395317678242248,0.11815966656579413,-0.35829849100583716,0.9873073471109811,-0.06687645039881436,-0.1440546518607833,-0.04621538812743434,0.7467983848685968,-0.663442770898806,0.15194847890290697,0.6616794637433672,0.7342288110796136,3410.6623778374656,3410.6623778374656,3099.0,2065.0,6198,4130,0.00030578765094345654,0.0,0.0,0.0,0.0,
electro,estimated,DSC_9262.png,,28,4,True,-0.13578725077094872,0.12161049780004074,-0.27275610974613546,-0.4465738917415303,-0.0013576838745278375,-0.8947457269578444,0.13781556643819678,0.9879610571081479,-0.07028384796715437,0.8840693574952948,-0.15469682069211363,-0.44101050418964993,3408.143568034734,3408.143568034734,3101.5,2067.0,6203,4134,-0.0008779734551560264,-9.396504258771675e-05,0.0,0.0,0.0,
electro,estimated,DSC_9266.png,,29,4,True,-0.2775160406941109,0.0915707374679048,-0.6700896478859245,-0.5585985871289747,0.1187673866781457,0.8208909344846962,-0.01639741302813834,0.9879205113963881,-0.15409149232934158,-0.8292760356500715,-0.0995357776075654,-0.5499035239681225,3408.143568034734,3408.143568034734,3101.5,2067.0,6203,4134,-0.0008779734551560264,-9.396504258771675e-05,0.0,0.0,0.0,
electro,estimated,DSC_9267.png,,30,4,True,-0.16985054973082228,0.08053334094087211,-0.7537194906246778,-0.2512794229155728,0.11515029353133495,0.9610406138758469,-0.037982789773387246,0.9909602710940058,-0.12866642450276364,-0.9671690438078795,-0.06883422849819783,-0.2446341956612168,3408.143568034734,3408.143568034734,3101.5,2067.0,6203,4134,-0.0008779734551560264,-9.396504258771675e-05,0.0,0.0,0.0,
electro,estimated,DSC_9269.png,,31,4,True,0.15617729572376662,0.06343527032348946,-0.8083415064223999,0.6571904074513761,0.06717839910455352,0.7507248704070245,-0.04881929574279541,0.9977225670615447,-0.046544124648539464,-0.7521419046410537,-0.006061507227630981,0.6589733025040223,3408.143568034734,3408.143568034734,3101.5,2067.0,6203,4134,-0.0008779734551560264,-9.396504258771675e-05,0.0,0.0,0.0,
electro,estimated,DSC_9270.png,,32,4,True,0.30564793664662326,0.0588409551503382,-0.7978686124874073,0.7880403986010912,0.05016770112760291,0.6135760196880293,-0.043696585624268564,0.9987184203849344,-0.025536741933973352,-0.6140707928060203,-0.006687192788674294,0.789222619338291,3408.143568034734,3408.143568034734,3101.5,2067.0,6203,4134,-0.0008779734551560264,-9.396504258771675e-05,0.0,0.0,0.0,
electro,estimated,DSC_9281.png,,33,4,True,0.03220076285657497,0.0931083734727465,-0.5226665474431877,-0.10967588584430854,0.11830405645222439,0.9869018949678913,-0.039811535015163324,0.9915720153919091,-0.12328819883250774,-0.9931697950219803,-0.0528118217691498,-0.10404167308065038,3408.143568034734,3408.143568034734,3101.5,2067.0,6203,4134,-0.0008779734551560264,-9.396504258771675e-05,0.0,0.0,0.0,
electro,estimated,DSC_9283.png,,34,4,True,-0.35270883001318065,0.11550741418252385,-0.4455040404580402,0.9989247889011432,0.004347391585878429,0.0461558913380024,-0.005021246319883995,0.9998823536915559,0.014493649010153117,-0.04608745170001812,-0.014709825377396376,0.9988290984113173,3408.143568034734,3408.143568034734,3101.5,2067.0,6203,4134,-0.0008779734551560264,-9.396504258771675e-05,0.0,0.0,0.0,
electro,estimated,DSC_9284.png,,35,4,True,-0.300821517188893,0.11113174451656761,-0.4708043068297445,-0.1081961349910554,0.11193719295689868,0.9878075021004485,-0.04722677027075324,0.9919400051840815,-0.11757830703491966,-0.9930071643965067,-0.05937247635339439,-0.10203764260739678,3408.143568034734,3408.143568034734,3101.5,2067.0,6203,4134,-0.0008779734551560264,-9.396504258771675e-05,0.0,0.0,0.0,
electro,estimated,DSC_9287.png,,36,4,True,0.00902033758623855,0.09401595632785226,-0.5233081810882221,-0.14559398089662334,0.11862280015939589,0.9822072205034019,-0.03948853639125511,0.9912980314489543,-0.1255741547417475,-0.9885560420230867,-0.057068766657181684,-0.1396427858927125,3408.143568034734,3408.143568034734,3101.5,2067.0,6203,4134,-0.0008779734551560264,-9.396504258771675e-05,0.0,0.0,0.0,
electro,estimated,DSC_9294.png,,37,4,True,-0.1846577610259745,0.1168632441408621,-0.35182682077289307,0.9745135282234688,-0.05748347333615424,-0.21683872717450187,-0.019353339700383804,0.9414639982286822,-0.33655755567466533,0.22349235233423081,0.3321764445779916,0.9163569054225742,3408.143568034734,3408.143568034734,3101.5,2067.0,6203,4134,-0.0008779734551560264,-9.396504258771675e-05,0.0,0.0,0.0,
electro,estimated,DSC_9300.png,,38,4,True,-0.04913131435237976,0.11784245414056232,-0.2791276881876112,0.5632685476584838,0.10517065377192501,0.8195533398162004,-0.0920004805659994,0.9936816997750192,-0.06428523242435817,-0.8211360756868059,-0.03918945160900393,0.5693853985555459,3408.143568034734,3408.143568034734,3101.5,2067.0,6203,4134,-0.0008779734551560264,-9.396504258771675e-05,0.0,0.0,0.0,
electro,estimated,DSC_9301.png,,39,4,True,0.09193079424466194,0.11110601595260108,-0.2849515065515383,0.4566060565233728,0.11145849276873071,0.8826595683137965,-0.08976840036265551,0.9928299418566847,-0.07893250819011167,-0.8851285462815583,-0.043193876216135796,0.46333761515219196,3408.143568034734,3408.143568034734,3101.5,2067.0,6203,4134,-0.0008779734551560264,-9.396504258771675e-05,0.0,0.0,0.0,
electro,estimated,DSC_9302.png,,40,4,True,0.27822265882959857,0.10108730894730365,-0.31074466916050997,0.42731912654106674,0.10895960169955426,0.8975110970286967,-0.08409005354168017,0.9931979856048677,-0.08053958210588287,-0.9001817744142221,-0.041055652325926784,0.43357491443181473,3408.143568034734,3408.143568034734,3101.5,2067.0,6203,4134,-0.0008779734551560264,-9.396504258771675e-05,0.0,0.0,0.0,
electro,estimated,DSC_9303.png,,41,4,True,0.5147582844208402,0.09031035186314146,-0.3302939741018,0.45589331216611473,0.10261523393651818,0.8840992035322526,-0.08590448031824284,0.9937669663157469,-0.07104672350537908,-0.8858790595693422,-0.04355835653179312,0.4618668221390091,3408.143568034734,3408.143568034734,3101.5,2067.0,6203,4134,-0.0008779734551560264,-9.396504258771675e-05,0.0,0.0,0.0,
electro,estimated,DSC_9257.png,,42,5,True,0.41481971214196867,0.07786248603758986,-0.5438630654092607,0.9416636646409384,-0.019586205189562098,-0.33598500451846164,0.025646646923525043,0.9995784274773784,0.013609438762544052,0.3355768052124258,-0.021432402761327622,0.941769005603443,3408.1201951726994,3408.1201951726994,3099.0,2066.0,6198,4132,-0.002748497876652498,0.0,0.0,0.0,0.0,
electro,estimated,DSC_9273.png,,43,5,True,0.4881284338910773,0.07819851941046077,-0.5017900904748476,0.890140535886902,-0.031102854945254946,-0.45462340325288286,0.04085258189254023,0.999097433892596,0.01163546913291888,0.453851179268813,-0.02892974254092566,0.8906077571371268,3408.1201951726994,3408.1201951726994,3099.0,2066.0,6198,4132,-0.002748497876652498,0.0,0.0,0.0,0.0,
electro,estimated,DSC_9274.png,,44,5,True,0.30504722683949514,0.08486042467304505,-0.5123698119987743,1.0,0.0,0.0,0.0,1.0,0.0,0.0,0.0,1.0,3408.1201951726994,3408.1201951726994,3099.0,2066.0,6198,4132,-0.002748497876652498,0.0,0.0,0.0,0.0,
facade,estimated,DSC_0326.png,,0,0,True,-0.8898159914069301,0.019019831418831783,-0.7380172467866851,0.4732712548333655,-0.27455079853583236,-0.8370401294871044,0.307664205041359,0.941872234687158,-0.13497937050411743,0.8254435512406164,-0.19364542997126474,0.5302305075780945,3407.693052282768,3407.693052282768,3102.0,2066.0,6204,4132,-0.00045808734843789874,-0.0003032201064422296,0.0,0.0,0.0,
facade,estimated,DSC_0327.png,,1,0,True,-0.8538360108654042,0.040509563016857084,-0.6786672045897055,0.8060825342926194,-0.19804706661389102,-0.5576811878789,0.21918883411228537,0.9752360181431782,-0.02951209780303042,0.5497155654598885,-0.09844830278817203,0.829530426668753,3407.693052282768,3407.693052282768,3102.0,2066.0,6204,4132,-0.00045808734843789874,-0.0003032201064422296,0.0,0.0,0.0,
facade,estimated,DSC_0328.png,,2,0,True,-0.8081878109937738,0.05121266265978962,-0.6503477431664434,0.9305405340393964,-0.14284985127273905,-0.337176859379512,0.13876336884840743,0.989659168625571,-0.03632433648649981,0.33887909639798636,-0.012986529432452546,0.9407402978919231,3407.693052282768,3407.693052282768,3102.0,2066.0,6204,4132,-0.00045808734843789874,-0.0003032201064422296,0.0,0.0,0.0,
facade,estimated,DSC_0329.png,,3,0,True,-0.7544143225629976,0.039886947512121365,-0.6848030109613935,0.9979629984171163,-0.04658324585747356,-0.04358732609028451,0.046679187733305344,0.9989092292522843,0.001185389035777758,0.04348456304112369,-0.003217595373796734,0.999048917649748,3407.693052282768,3407.693052282768,3102.0,2066.0,6204,4132,-0.00045808734843789874,-0.0003032201064422296,0.0,0.0,0.0,
facade,estimated,DSC_0330.png,,4,0,True,-0.7155419844182203,0.013983650740226929,-0.7589427037326958,0.996107601862492,-0.05113363583982093,-0.07179830636968891,0.050956447351126394,0.9986916255059279,-0.004298559954143847,0.07192416829624805,0.0006232416289572767,0.9974099085054072,3407.693052282768,3407.693052282768,3102.0,2066.0,6204,4132,-0.00045808734843789874,-0.0003032201064422296,0.0,0.0,0.0,
facade,estimated,DSC_0331.png,,5,0,True,-0.6766141025515268,-0.018282474502282743,-0.851421393162478,0.9784340044459516,-0.11009173858816164,-0.17477616553321945,0.10905461024467596,0.9939140171337041,-0.015556944736184648,0.17542517187747392,-0.0038387028771146962,0.984485283501983,3407.693052282768,3407.693052282768,3102.0,2066.0,6204,4132,-0.00045808734843789874,-0.0003032201064422296,0.0,0.0,0.0,
facade,estimated,DSC_0332.png,,6,0,True,-0.640615808171354,-0.07314651019327427,-1.01189173459706,0.9697495168336064,-0.1093824182024659,-0.21822319122670633,0.10997245018531358,0.9938894452389229,-0.00947791342569216,0.21792644355659438,-0.0148073370613034,0.9758528618433864,3407.693052282768,3407.693052282768,3102.0,2066.0,6204,4132,-0.00045808734843789874,-0.0003032201064422296,0.0,0.0,0.0,
facade,estimated,DSC_0333.png,,7,0,True,-0.5612979344288443,-0.09301588063841276,-1.071701924700005,0.9777392729023271,-0.10177778505611335,-0.18348623025584312,0.1006375644479496,0.9948017798167593,-0.015540254032435655,0.18411408106501112,-0.003271290644292639,0.9828994372829334,3407.693052282768,3407.693052282768,3102.0,2066.0,6204,4132,-0.00045808734843789874,-0.0003032201064422296,0.0,0.0,0.0,
facade,estimated,DSC_0334.png,,8,0,True,-0.5033231736438999,-0.11329021418608187,-1.1350312824279516,0.9984971871748898,-0.05237199772288837,-0.016141284284311243,0.052077870791933205,0.998478376126162,-0.018133609189603342,0.01706641665997548,0.017265754051773448,0.9997052721474523,3407.693052282768,3407.693052282768,3102.0,2066.0,6204,4132,-0.00045808734843789874,-0.0003032201064422296,0.0,0.0,0.0,
facade,estimated,DSC_0335.png,,9,0,True,-0.472492485076712,-0.13218349529937629,-1.1933701677822313,0.9977766779058886,-0.05828087238351114,-0.03232709299187516,0.05821744097345177,0.9982997120776843,-0.0029007640571371133,0.03244118668592618,0.0010123140962212981,0.9994731335191455,3407.693052282768,3407.693052282768,3102.0,2066.0,6204,4132,-0.00045808734843789874,-0.0003032201064422296,0.0,0.0,0.0,
facade,estimated,DSC_0336.png,,10,0,True,-0.3855679549919017,-0.1367337934181847,-1.2123995805566907,0.9994929470741527,-0.028027802655511337,0.015109302675128793,0.028031425829830925,0.9996070419821423,-2.8029593583651658e-05,-0.015102579745580888,0.0004515506783745536,0.9998858475781189,3407.693052282768,3407.693052282768,3102.0,2066.0,6204,4132,-0.00045808734843789874,-0.0003032201064422296,0.0,0.0,0.0,
facade,estimated,DSC_0337.png,,11,0,True,-0.3268177692729898,-0.13691033317960732,-1.21508772535819,0.99967214534315,-0.01783448581850584,0.01837206957894494,0.017672621600200288,0.9998038997309957,0.00893535273334141,-0.018527824232764466,-0.008607740602655943,0.9997912914858367,3407.693052282768,3407.693052282768,3102.0,2066.0,6204,4132,-0.00045808734843789874,-0.0003032201064422296,0.0,0.0,0.0,
facade,estimated,DSC_0338.png,,12,0,True,-0.2574729289403083,-0.13602618773870298,-1.2151962720867857,0.9991203120269195,-0.03565638670005535,-0.022073155250827925,0.035882475927508824,0.9993066543241074,0.009932700784311637,0.0217036867039401,-0.010716002568823468,0.9997070157163058,3407.693052282768,3407.693052282768,3102.0,2066.0,6204,4132,-0.00045808734843789874,-0.0003032201064422296,0.0,0.0,0.0,
facade,estimated,DSC_0339.png,,13,0,True,-0.18770391063443947,-0.13390782250756245,-1.2134584350140574,0.9987969059065573,-0.042798932077112266,0.023937254741224764,0.04239328775843516,0.9989528572296378,0.01720459780911606,-0.02464852743102656,-0.016169120130720152,0.999565410390776,3407.693052282768,3407.693052282768,3102.0,2066.0,6204,4132,-0.00045808734843789874,-0.0003032201064422296,0.0,0.0,0.0,
facade,estimated,DSC_0340.png,,14,0,True,-0.1194667224360083,-0.129665194854239,-1.2095089604788993,0.9970860460485358,-0.07071464396961531,-0.028615658362997065,0.07042888470424714,0.9974575211791642,-0.010875000801520873,0.029311925467513704,0.008827942646379459,0.9995313294009444,3407.693052282768,3407.693052282768,3102.0,2066.0,6204,4132,-0.00045808734843789874,-0.0003032201064422296,0.0,0.0,0.0,
facade,estimated,DSC_0341.png,,15,0,True,-0.04608196520140756,-0.12967365614945514,-1.2125092166102105,0.9997910823397799,-0.019133130998735093,0.007191312261100498,0.01924513325296981,0.99968927531924,-0.015842274387480038,-0.006885965431720361,0.015977362419311032,0.9998486422305104,3407.693052282768,3407.693052282768,3102.0,2066.0,6204,4132,-0.00045808734843789874,-0.0003032201064422296,0.0,0.0,0.0,
facade,estimated,DSC_0342.png,,16,0,True,0.02591680659077363,-0.1279623118280378,-1.2089925092412206,0.9987090104248116,-0.009908487900993667,-0.04982102331154241,0.0099246534009518,0.9999507464427332,7.709404386147374e-05,0.04981780556351681,-0.0005714509047023376,0.9987581587615187,3407.693052282768,3407.693052282768,3102.0,2066.0,6204,4132,-0.00045808734843789874,-0.0003032201064422296,0.0,0.0,0.0,
facade,estimated,DSC_0343.png,,17,0,True,0.08651830065509601,-0.1254287026321006,-1.203606483601821,1.0,0.0,0.0,0.0,1.0,0.0,0.0,0.0,1.0,3407.693052282768,3407.693052282768,3102.0,2066.0,6204,4132,-0.00045808734843789874,-0.0003032201064422296,0.0,0.0,0.0,
facade,estimated,DSC_0344.png,,18,0,True,0.1464918440175916,-0.12305324605303058,-1.1992840565300333,0.9997144438872065,-0.013282880414637552,-0.019864434831725827,0.013270237271365963,0.9999116514655596,-0.0007681576523131861,0.019872883184256222,0.0005043325367213906,0.9998023875559796,3407.693052282768,3407.693052282768,3102.0,2066.0,6204,4132,-0.00045808734843789874,-0.0003032201064422296,0.0,0.0,0.0,
facade,estimated,DSC_0345.png,,19,0,True,0.21612161263244264,-0.1195301191929468,-1.1915874020691166,0.9994812408843224,-0.006157847489203235,-0.031612181744302914,0.006157125951190812,0.9999810374998112,-0.00012016997347823104,0.031612322286670075,-7.453255038254942e-05,0.9995002028636826,3407.693052282768,3407.693052282768,3102.0,2066.0,6204,4132,-0.00045808734843789874,-0.0003032201064422296,0.0,0.0,0.0,
facade,estimated,DSC_0346.png,,20,0,True,0.28311203972284793,-0.11671849432312106,-1.18519303788599,0.9997886486320435,-0.005125801321213824,-0.019909400476348125,0.005107471985876747,0.9999864849871104,-0.0009713768769753175,0.01991411048542346,0.0008694848699550183,0.9998013163622237,3407.693052282768,3407.693052282768,3102.0,2066.0,6204,4132,-0.00045808734843789874,-0.0003032201064422296,0.0,0.0,0.0,
facade,estimated,DSC_0347.png,,21,0,True,0.339695927166177,-0.11237688634455088,-1.173963426694749,0.9847949030534977,-0.06221528644100703,-0.16219820298916848,0.06024849315495055,0.9980382726274585,-0.01702132319641493,0.1629390008328575,0.006990315004517497,0.9866113811951126,3407.693052282768,3407.693052282768,3102.0,2066.0,6204,4132,-0.00045808734843789874,-0.0003032201064422296,0.0,0.0,0.0,
facade,estimated,DSC_0348.png,,22,0,True,0.40503107870714794,-0.10361403566745571,-1.1491514614594784,0.9585649595651243,-0.06771411790364527,-0.2767092635428795,0.06772382185676214,0.9976585611623077,-0.009533063131418992,0.27670688868733473,-0.009601748595193388,0.9609063971984418,3407.693052282768,3407.693052282768,3102.0,2066.0,6204,4132,-0.00045808734843789874,-0.0003032201064422296,0.0,0.0,0.0,
facade,estimated,DSC_0349.png,,23,0,True,0.47846708463623844,-0.08837022089979148,-1.1030320232214939,0.9725193581463064,-0.05430371728763764,-0.22640053957409334,0.05208710275832071,0.9985182176193633,-0.015757626994380197,0.22692076096501268,0.003532049121148486,0.9739068193990971,3407.693052282768,3407.693052282768,3102.0,2066.0,6204,4132,-0.00045808734843789874,-0.0003032201064422296,0.0,0.0,0.0,
facade,estimated,DSC_0350.png,,24,0,True,0.5472531620778088,-0.07533590423563599,-1.065255110207072,0.962735760644126,-0.07496555622239778,-0.2598461478591567,0.07804822730647445,0.9969483780581536,0.0015510324089776078,0.25893692164558746,-0.021773765578863978,0.9656487838449461,3407.693052282768,3407.693052282768,3102.0,2066.0,6204,4132,-0.00045808734843789874,-0.0003032201064422296,0.0,0.0,0.0,
facade,estimated,DSC_0351.png,,25,0,True,0.6143200766955481,-0.061883910363773914,-1.0255199324748359,0.9365866596211698,-0.1001591577552842,-0.33581776626231535,0.10543266607504143,0.9944231943493844,-0.0025423344145212995,0.3341996139195373,-0.033025045915464554,0.9419235448794736,3407.693052282768,3407.693052282768,3102.0,2066.0,6204,4132,-0.00045808734843789874,-0.0003032201064422296,0.0,0.0,0.0,
facade,estimated,DSC_0352.png,,26,0,True,0.6650893348147967,-0.047861283826663374,-0.9823943797485618,0.9014532512313506,-0.1160707902963886,-0.41702470848188283,0.11644883535663687,0.9928911795017582,-0.024632791390547144,0.41691930224986046,-0.02635673173174393,0.9085612902297293,3407.693052282768,3407.693052282768,3102.0,2066.0,6204,4132,-0.00045808734843789874,-0.0003032201064422296,0.0,0.0,0.0,
facade,estimated,DSC_0353.png,,27,0,True,0.7236823204445177,-0.034897060908471916,-0.9411762745525407,0.9677536688525629,-0.051601788640775005,-0.24655646783541665,0.052337371490965796,0.998623067086815,-0.00357343357839939,0.24640137168412982,-0.009445913994705605,0.9691218389557548,3407.693052282768,3407.693052282768,3102.0,2066.0,6204,4132,-0.00045808734843789874,-0.0003032201064422296,0.0,0.0,0.0,
facade,estimated,DSC_0354.png,,28,0,True,0.799459092477352,-0.021563162374214028,-0.9015363187375929,0.9858550803053299,-0.078558854760262,-0.14804819139363912,0.06808691450022816,0.9948918296653311,-0.0745279768879337,0.1531467685261761,0.06339364009051551,0.9861679946571295,3407.693052282768,3407.693052282768,3102.0,2066.0,6204,4132,-0.00045808734843789874,-0.0003032201064422296,0.0,0.0,0.0,
facade,estimated,DSC_0355.png,,29,0,True,0.8794709868922669,-0.010810449294069423,-0.8721573296172158,0.9590191566188759,-0.1087237584055371,-0.26165129771547935,0.08572540815014311,0.9915076095668778,-0.09779475736698348,0.2700618663112424,0.07135688144215802,0.960195180072957,3407.693052282768,3407.693052282768,3102.0,2066.0,6204,4132,-0.00045808734843789874,-0.0003032201064422296,0.0,0.0,0.0,
facade,estimated,DSC_0356.png,,30,0,True,0.9496780951144269,-0.001467857250732775,-0.8452680754702969,0.9559943579069305,-0.09717818544822576,-0.27682338760138336,0.0735561591213999,0.9928038002559676,-0.09449923625414182,0.2840145755158048,0.06997867153854133,0.9562628856252229,3407.693052282768,3407.693052282768,3102.0,2066.0,6204,4132,-0.00045808734843789874,-0.0003032201064422296,0.0,0.0,0.0,
facade,estimated,DSC_0389.png,,31,0,True,-0.7781163368084494,-0.009718099478963495,-0.8195617268464902,0.48188339477861497,-0.2508543742396546,-0.8395596921967305,0.2792262079773712,0.9521553552923656,-0.12422924038505119,0.8305547053717868,-0.17456306113522488,0.5288729706383986,3407.693052282768,3407.693052282768,3102.0,2066.0,6204,4132,-0.00045808734843789874,-0.0003032201064422296,0.0,0.0,0.0,
facade,estimated,DSC_0392.png,,32,0,True,-0.9075018816596767,-0.0128431572941309,-0.828922132047748,0.8852152701215991,0.007509151639220321,-0.46512099306008936,0.16050938163735085,0.933532672668056,0.32055184832976935,0.4366127162027461,-0.35841367398984014,0.8251720877169592,3407.693052282768,3407.693052282768,3102.0,2066.0,6204,4132,-0.00045808734843789874,-0.0003032201064422296,0.0,0.0,0.0,
facade,estimated,DSC_0394.png,,33,0,True,-1.0104968006381754,-0.012531296050806637,-0.8201749227032445,0.5318150528707205,0.3015081681652625,0.7913694295774513,-0.27955901588811105,0.9445935208266732,-0.17201696732572694,-0.7993869564708845,-0.12975324636361554,0.5866383799942851,3407.693052282768,3407.693052282768,3102.0,2066.0,6204,4132,-0.00045808734843789874,-0.0003032201064422296,0.0,0.0,0.0,
facade,estimated,DSC_0395.png,,34,0,True,-0.5435698770070667,-0.024655690251942735,-0.8798870823929917,0.736702745673333,0.17374506607129855,0.6535148938878534,-0.2201927382932428,0.9753932421186123,-0.011098704080460382,-0.6393623561958397,-0.1357227882310935,0.7568322814431755,3407.693052282768,3407.693052282768,3102.0,2066.0,6204,4132,-0.00045808734843789874,-0.0003032201064422296,0.0,0.0,0.0,
facade,estimated,DSC_0396.png,,35,0,True,-0.18773705542514832,-0.018419342527994802,-0.8828644099507631,0.921592169042248,0.09751141703552334,0.3757118543614625,-0.11419211034059328,0.993207709745607,0.022329514948780108,-0.37098252775025176,-0.06348203564482059,0.9264674820275256,3407.693052282768,3407.693052282768,3102.0,2066.0,6204,4132,-0.00045808734843789874,-0.0003032201064422296,0.0,0.0,0.0,
facade,estimated,DSC_0404.png,,36,0,True,0.08503661438631692,-0.002346383216181796,-0.8365933760969362,0.9995607955505146,-0.027404843671190476,-0.011277878425481898,0.028154449539769935,0.9969505022956923,0.07278064951262433,0.009248944238932754,-0.07306620638656786,0.9972842054874531,3407.693052282768,3407.693052282768,3102.0,2066.0,6204,4132,-0.00045808734843789874,-0.0003032201064422296,0.0,0.0,0.0,
facade,estimated,DSC_0405.png,,37,0,True,0.09277669639828175,0.027676674294237567,-0.746867841816516,0.998872597406859,-0.03423120327624612,-0.03289010294808183,0.03638197656143808,0.9970767876085987,0.06718803013632954,0.03049403107426229,-0.0683088891314862,0.9971980794879542,3407.693052282768,3407.693052282768,3102.0,2066.0,6204,4132,-0.00045808734843789874,-0.0003032201064422296,0.0,0.0,0.0,
facade,estimated,DSC_0406.png,,38,0,True,0.10070141645282772,-0.02338840317264638,-0.8990584638874267,0.9991344618371092,-0.03358983239500251,-0.024536713902757967,0.03520202270230605,0.9970276384540888,0.06853251605135459,0.022161786190117563,-0.0693369405031581,0.9973471030260854,3407.693052282768,3407.693052282768,3102.0,2066.0,6204,4132,-0.00045808734843789874,-0.0003032201064422296,0.0,0.0,0.0,
facade,estimated,DSC_0407.png,,39,0,True,0.09951401091936339,-0.055600419579310396,-0.9964682175843772,0.998931644202905,-0.03339453428195925,-0.03194331370055127,0.0353793034553288,0.9973397328045364,0.06373195632013633,0.02973003695081017,-0.06479400010392207,0.9974556944814323,3407.693052282768,3407.693052282768,3102.0,2066.0,6204,4132,-0.00045808734843789874,-0.0003032201064422296,0.0,0.0,0.0,
facade,estimated,DSC_0408.png,,40,0,True,0.09933742344493991,-0.10010697011900586,-1.129039379224325,0.9984980905611963,-0.03713268636563583,-0.04028308266401971,0.03969133220294333,0.9971153634834997,0.06469582716933067,0.03776455075332574,-0.06619754911203007,0.9970916322976339,3407.693052282768,3407.693052282768,3102.0,2066.0,6204,4132,-0.00045808734843789874,-0.0003032201064422296,0.0,0.0,0.0,
facade,estimated,DSC_0409.png,,41,0,True,0.09875384444271737,-0.1301010515912427,-1.2191423131559778,0.999177288064584,-0.034899177147657355,-0.0206590040979676,0.03620547968704917,0.997118859594953,0.06665690572394532,0.018273211445558254,-0.06735003544525196,0.9975620594574501,3407.693052282768,3407.693052282768,3102.0,2066.0,6204,4132,-0.00045808734843789874,-0.0003032201064422296,0.0,0.0,0.0,
facade,estimated,DSC_0410.png,,42,0,True,0.09872814884180836,-0.16215686825256465,-1.3154289792633096,0.9997408951426394,-0.022742668178573004,0.0009558365515937692,0.022647255799401966,0.9980158262903118,0.05874957258417026,-0.002290062040752112,-0.05871270320965948,0.9982722945657982,3407.693052282768,3407.693052282768,3102.0,2066.0,6204,4132,-0.00045808734843789874,-0.0003032201064422296,0.0,0.0,0.0,
facade,estimated,DSC_0411.png,,43,0,True,0.09942757271275154,-0.19457693412892169,-1.412857209536992,0.9997557006525404,-0.02104486325813015,-0.006756681374371071,0.021453474998273863,0.9974867317709716,0.06752753772620655,0.005318592224132954,-0.06765599508774085,0.9976945318610506,3407.693052282768,3407.693052282768,3102.0,2066.0,6204,4132,-0.00045808734843789874,-0.0003032201064422296,0.0,0.0,0.0,
facade,estimated,DSC_0412.png,,44,0,True,0.10132057211672181,-0.23556975465251379,-1.53420524684524,0.999217692880172,-0.030240556807492516,-0.025485504884127923,0.03203166762102878,0.9968115859473102,0.07307964416049163,0.02319427741150879,-0.07383881665615287,0.9970004286108292,3407.693052282768,3407.693052282768,3102.0,2066.0,6204,4132,-0.00045808734843789874,-0.0003032201064422296,0.0,0.0,0.0,
facade,estimated,DSC_0413.png,,45,0,True,0.5787862666507303,-0.04278942650027996,-0.9695109969426121,0.5899508559690119,-0.20759023828028378,-0.7802975589556622,0.2548240248964548,0.9648651696720292,-0.06403062305910619,0.7661740689145,-0.16106364370801174,0.6221220127904955,3407.693052282768,3407.693052282768,3102.0,2066.0,6204,4132,-0.00045808734843789874,-0.0003032201064422296,0.0,0.0,0.0,
facade,estimated,DSC_0414.png,,46,0,True,0.8990831471890696,-0.01491319195510539,-0.8829679203255534,0.4711829414387597,-0.2419632166488004,-0.8481983479623645,0.2962284119558492,0.9491927921480755,-0.10621568285453953,0.8308040464798148,-0.2012134317661376,0.5189198312164027,3407.693052282768,3407.693052282768,3102.0,2066.0,6204,4132,-0.00045808734843789874,-0.0003032201064422296,0.0,0.0,0.0,
facade,estimated,DSC_0415.png,,47,0,True,1.1292270801234143,-0.008176500764231251,-0.8617184720213544,0.4315051143931917,-0.20594976773923745,-0.8782869857971669,0.28391617052601514,0.9551204876100916,-0.08447758437185282,0.8562680330167427,-0.2129073679223314,0.4706118446427202,3407.693052282768,3407.693052282768,3102.0,2066.0,6204,4132,-0.00045808734843789874,-0.0003032201064422296,0.0,0.0,0.0,
facade,estimated,DSC_0422.png,,48,0,True,-1.0278504411961247,-0.050016220319660055,-0.9030486125683251,-0.19377572840811252,0.2913523174986596,0.9367842836897222,-0.3383705830259703,0.876439600295017,-0.3425769629986462,-0.9208454352509821,-0.3833633447825589,-0.07124766841489305,3407.693052282768,3407.693052282768,3102.0,2066.0,6204,4132,-0.00045808734843789874,-0.0003032201064422296,0.0,0.0,0.0,
facade,estimated,DSC_0386.png,,49,1,True,-0.6517024989608614,-0.057369749294150514,-0.9445943761623863,-0.8618833504546228,-0.1886411167008734,-0.47071394636122954,0.12202485635844446,0.8238106537440181,-0.553575596651943,0.492206282609046,-0.5345563916629387,-0.6870097812203868,3511.567353162549,3511.567353162549,3096.5,2063.5,6193,4127,0.0,0.0,0.0,0.0,0.0,
facade,estimated,DSC_0361.png,,50,2,True,1.2601598767633653,0.004538030524911726,-0.7909535690642542,0.06385288388661237,0.3046337824879089,0.9503268215653352,-0.36109538394057056,0.8947994719980724,-0.26257194939441403,-0.9303402242815125,-0.3263926523055937,0.16713737943603468,3329.334098699498,3329.334098699498,3100.0,2066.0,6200,4132,0.0,0.0,0.0,0.0,0.0,
facade,estimated,DSC_0366.png,,51,2,True,1.1256103728347924,-0.09257765656563155,-1.0797624527312535,-0.9890298957611285,-0.071120044003185,-0.12946738829418414,0.02041402588192856,0.8022466056237338,-0.5966436552184975,0.14629809581133985,-0.5927413627427922,-0.791994030315756,3329.334098699498,3329.334098699498,3100.0,2066.0,6200,4132,0.0,0.0,0.0,0.0,0.0,
facade,estimated,DSC_0360.png,,52,3,True,1.199583272367646,0.014032706810754091,-0.7787940656444426,0.5878700898833906,0.3092123483509492,0.7475269099154797,-0.2727163027677662,0.9457238497283794,-0.1767263937831973,-0.7616000102581238,-0.09997061409346689,0.6402900129570981,3382.482926933366,3382.482926933366,3100.0,2065.5,6200,4131,-0.005710534196496404,0.0,0.0,0.0,0.0,
facade,estimated,DSC_0362.png,,53,3,True,1.2662985604301038,-0.012819237226446869,-0.8482407527037001,-0.013095327035115512,0.2916898091156374,0.9564233203283609,-0.3624563976102753,0.8900673714559343,-0.27641532899046317,-0.9319087252736854,-0.3502815004073252,0.09406911411918173,3382.482926933366,3382.482926933366,3100.0,2065.5,6200,4131,-0.005710534196496404,0.0,0.0,0.0,0.0,
facade,estimated,DSC_0363.png,,54,3,True,1.2781117289581054,-0.0388255218770643,-0.92149724748901,-0.4033228699114586,0.2470904531960582,0.8810658151044969,-0.3308236910466886,0.8583507359449166,-0.3921602982774586,-0.8531625566377313,-0.449644661974527,-0.2644491064631973,3382.482926933366,3382.482926933366,3100.0,2065.5,6200,4131,-0.005710534196496404,0.0,0.0,0.0,0.0,
facade,estimated,DSC_0365.png,,55,3,True,1.2088861437119203,-0.07769361043854138,-1.0325769976044636,-0.9851447606930843,0.023082309697006833,0.17016758639064453,-0.08364000871566789,0.800951304238332,-0.592858631699799,-0.14998049680211425,-0.5982843932595654,-0.7871223763564501,3382.482926933366,3382.482926933366,3100.0,2065.5,6200,4131,-0.005710534196496404,0.0,0.0,0.0,0.0,
facade,estimated,DSC_0387.png,,56,3,True,-0.7580079517792873,-0.048304955122902456,-0.9259269819211161,-0.33469042377765734,-0.3041786472957677,-0.8918843370980615,0.2640582117864573,0.8782759050532358,-0.3986285180353482,0.9045748067571139,-0.3689265308055744,-0.21362966518742899,3382.482926933366,3382.482926933366,3100.0,2065.5,6200,4131,-0.005710534196496404,0.0,0.0,0.0,0.0,
facade,estimated,DSC_0419.png,,57,3,True,1.2969523832746706,0.008837732810778801,-0.7869756216431076,-0.05865613551235649,0.3217473672654789,0.9450069255960454,-0.34187945711058554,0.8829184318762718,-0.3218283384957213,-0.9379114534818986,-0.34195566132304095,0.058210232060990186,3382.482926933366,3382.482926933366,3100.0,2065.5,6200,4131,-0.005710534196496404,0.0,0.0,0.0,0.0,
facade,estimated,DSC_0420.png,,58,3,True,1.2942772137345209,-0.014849110138528413,-0.8574045215368712,-0.35415003101322373,0.2741948004753134,0.8940889032560666,-0.31888897146213513,0.8633463106657187,-0.39107923971966857,-0.8791402501382555,-0.42361581563038403,-0.2183164247935785,3382.482926933366,3382.482926933366,3100.0,2065.5,6200,4131,-0.005710534196496404,0.0,0.0,0.0,0.0,
facade,estimated,DSC_0421.png,,59,3,True,1.2130330988129019,-0.02685180110973423,-0.9125312427980061,-0.2026121397695375,-0.3081053636625939,-0.9295264416359281,0.3349755749380363,0.870145705229523,-0.36143853677430154,0.9201845929013057,-0.38460048953811393,-0.07309431191345683,3382.482926933366,3382.482926933366,3100.0,2065.5,6200,4131,-0.005710534196496404,0.0,0.0,0.0,0.0,
facade,estimated,DSC_0324.png,,60,4,True,-0.8644666566651897,-0.02955412660444232,-0.8759313843463781,-0.05890564366383644,-0.3057703156498765,-0.9502813473976662,0.35260925265354853,0.8841988109676445,-0.3063644522892786,0.9339147927341419,-0.35312459097431687,0.05573314239809468,3409.0449758954173,3409.0449758954173,3100.5,2065.0,6201,4130,-0.0006148865571837973,8.619506880583823e-06,0.0,0.0,0.0,
facade,estimated,DSC_0325.png,,61,4,True,-0.8911875454222362,-0.0004923913130325841,-0.7934257435083488,-0.018980005587364346,-0.29711994145146003,-0.9546515069803141,0.35063009146079727,0.892204994705891,-0.28465555744452636,0.9363216852930925,-0.3401323092764668,0.08724513646136,3409.0449758954173,3409.0449758954173,3100.5,2065.0,6201,4130,-0.0006148865571837973,8.619506880583823e-06,0.0,0.0,0.0,
facade,estimated,DSC_0357.png,,62,4,True,1.0103367179302924,0.012529059236488322,-0.8036693855453874,0.9987260346509647,-0.012879813280229083,-0.04878952879693131,0.010635245796041796,0.9988853509392023,-0.04598855537983767,0.04932746960080084,0.04541107892280314,0.9977497855944891,3409.0449758954173,3409.0449758954173,3100.5,2065.0,6201,4130,-0.0006148865571837973,8.619506880583823e-06,0.0,0.0,0.0,
facade,estimated,DSC_0358.png,,63,4,True,1.0761834972380124,0.020824060109172038,-0.777952326179457,0.9645049095811288,0.11699807018336905,0.23673134766495565,-0.10065501747261801,0.9916978050604189,-0.08002518913401167,-0.2441287505630699,0.053356489874380145,0.9682738446001729,3409.0449758954173,3409.0449758954173,3100.5,2065.0,6201,4130,-0.0006148865571837973,8.619506880583823e-06,0.0,0.0,0.0,
facade,estimated,DSC_0359.png,,64,4,True,1.1455773416837727,0.02098702580463994,-0.7754092452599415,0.879574603893917,0.18165619474080674,0.4397152977747638,-0.15026707126024158,0.9829986409611972,-0.1055153029816476,-0.45140704854901037,0.026733850839890556,0.8919175846116848,3409.0449758954173,3409.0449758954173,3100.5,2065.0,6201,4130,-0.0006148865571837973,8.619506880583823e-06,0.0,0.0,0.0,
facade,estimated,DSC_0364.png,,65,4,True,1.25729939933394,-0.057910997305496696,-0.9809485137653541,-0.8637986263383375,0.11805423236466092,0.48981132220151,-0.2026023098002028,0.8087117903272185,-0.5522115031845747,-0.4613070964115157,-0.5762364431433815,-0.6746460734294988,3409.0449758954173,3409.0449758954173,3100.5,2065.0,6201,4130,-0.0006148865571837973,8.619506880583823e-06,0.0,0.0,0.0,
facade,estimated,DSC_0388.png,,66,4,True,-0.7780908333889834,-0.027120682267068073,-0.8696586567419929,0.1571923186860399,-0.2712246613916425,-0.9495934698591264,0.300000705467532,0.9292220572223788,-0.21574509285356488,0.9408985873435509,-0.2509652394743126,0.227434159506683,3409.0449758954173,3409.0449758954173,3100.5,2065.0,6201,4130,-0.0006148865571837973,8.619506880583823e-06,0.0,0.0,0.0,
facade,estimated,DSC_0390.png,,67,4,True,-0.7874132611852394,-0.00039189127264316467,-0.796852327238944,0.7947694953603552,0.03168303875357008,-0.6060838508820261,0.19737181039623303,0.9308606280060148,0.30747822636596767,0.5739214386181786,-0.36399818170368325,0.7335662928535176,3409.0449758954173,3409.0449758954173,3100.5,2065.0,6201,4130,-0.0006148865571837973,8.619506880583823e-06,0.0,0.0,0.0,
facade,estimated,DSC_0391.png,,68,4,True,-0.7247927341368958,0.028046791839715684,-0.7200980761423741,0.4411305754175222,0.021726202257005833,-0.8971799081384366,0.29146084252280335,0.9420481743879305,0.16611987962993735,0.8487958486630949,-0.33477337001000385,0.4092339160241264,3409.0449758954173,3409.0449758954173,3100.5,2065.0,6201,4130,-0.0006148865571837973,8.619506880583823e-06,0.0,0.0,0.0,
facade,estimated,DSC_0393.png,,69,4,True,-1.0630596269836752,-0.012603500235599887,-0.8234723261595811,0.9963656844927524,0.014768227067901308,-0.08388874915362467,0.016956934439035256,0.9307526383817987,0.3652560588405769,0.08347385902016939,-0.3653510991013872,0.927119565776545,3409.0449758954173,3409.0449758954173,3100.5,2065.0,6201,4130,-0.0006148865571837973,8.619506880583823e-06,0.0,0.0,0.0,
facade,estimated,DSC_0397.png,,70,4,True,-2.0684187143542942e-05,-0.025048337022515212,-0.9019781575492372,0.9997410648375131,0.0034398176559582425,0.022493797635109156,-0.009388144419933762,0.9628082787365518,0.27002237155596714,-0.020728386862125837,-0.2701636282900644,0.9625912673233858,3409.0449758954173,3409.0449758954173,3100.5,2065.0,6201,4130,-0.0006148865571837973,8.619506880583823e-06,0.0,0.0,0.0,
facade,estimated,DSC_0398.png,,71,4,True,0.0011516023655058865,-0.03755749892825215,-0.9391068753118387,0.9996999129305891,-0.016795010128802138,-0.01783288314731812,0.01998163287005787,0.9801985602504911,0.19700638779164148,0.014171042107717127,-0.19730359884613824,0.9802400070635474,3409.0449758954173,3409.0449758954173,3100.5,2065.0,6201,4130,-0.0006148865571837973,8.619506880583823e-06,0.0,0.0,0.0,
facade,estimated,DSC_0399.png,,72,4,True,0.07508534002263646,-0.03736663022988298,-0.9407481297187456,0.9994661750533047,-0.022931789917299883,-0.02327010819711881,0.027070702620720796,0.9800490061290726,0.19690384111295922,0.0182904888927905,-0.1974286671094292,0.9801466111860291,3409.0449758954173,3409.0449758954173,3100.5,2065.0,6201,4130,-0.0006148865571837973,8.619506880583823e-06,0.0,0.0,0.0,
facade,estimated,DSC_0400.png,,73,4,True,0.15155887934855924,-0.033805237314589585,-0.9334386081157142,0.9985577450685067,-0.03261150835417053,-0.04264878997773625,0.04041392782540031,0.979522387164483,0.19723743934992657,0.03534323416755356,-0.19867657780034995,0.9794276253159898,3409.0449758954173,3409.0449758954173,3100.5,2065.0,6201,4130,-0.0006148865571837973,8.619506880583823e-06,0.0,0.0,0.0,
facade,estimated,DSC_0401.png,,74,4,True,0.2256181117553977,-0.03281618895764883,-0.9327159708955914,0.9997431490611064,-0.01718858398657833,-0.014771204619753894,0.01978315554467733,0.9798495582931862,0.198754798355519,0.011057244777854844,-0.19899596903752664,0.9799379274447634,3409.0449758954173,3409.0449758954173,3100.5,2065.0,6201,4130,-0.0006148865571837973,8.619506880583823e-06,0.0,0.0,0.0,
facade,estimated,DSC_0402.png,,75,4,True,0.2302588662471659,-0.008191270529379192,-0.858922577696016,0.9998934311227072,-0.014148764065117215,-0.0035970645100636732,0.01458047481052072,0.9802050451892356,0.19744740854178955,0.000732223981908969,-0.19747881370161768,0.9803068815361046,3409.0449758954173,3409.0449758954173,3100.5,2065.0,6201,4130,-0.0006148865571837973,8.619506880583823e-06,0.0,0.0,0.0,
kicker,estimated,DSC_6489.png,,1,0,True,-0.8693623443517081,-0.050769078206284235,-1.4970183034757572,-0.08630325931346539,-0.009874120643746046,0.9962199803122731,0.008397133996152127,0.9999081549889642,0.010638126113937591,-0.9962335246178597,0.00928349762094669,-0.08621241847552152,3410.6328500428945,3410.6328500428945,3105.5,2068.5,6211,4137,0.0004247030901414635,-0.00041369148819039045,0.0,0.0,0.0,
kicker,estimated,DSC_6490.png,,2,0,True,-0.8198136711501546,-0.05159760952468097,-1.5000379245903737,0.45848152780050555,-0.015782800732740587,0.8885637804157589,0.015586834646524614,0.9998313044286181,0.009716649127652636,-0.8885672395780841,0.009394992581083606,0.45865018790248546,3410.6328500428945,3410.6328500428945,3105.5,2068.5,6211,4137,0.0004247030901414635,-0.00041369148819039045,0.0,0.0,0.0,
kicker,estimated,DSC_6491.png,,3,0,True,-0.2393252870607611,-0.05379359852479938,-1.3656661791365698,0.8578213256527134,-0.005366635381853642,0.5139200059154144,0.0067334900736033265,0.9999770121480326,-0.0007970488832094434,-0.5139039145276577,0.004144200788062345,0.8578377423691371,3410.6328500428945,3410.6328500428945,3105.5,2068.5,6211,4137,0.0004247030901414635,-0.00041369148819039045,0.0,0.0,0.0,
kicker,estimated,DSC_6492.png,,4,0,True,-0.15381327909503037,-0.05874857443476427,-1.080705952689675,1.0,0.0,0.0,0.0,1.0,0.0,0.0,0.0,1.0,3410.6328500428945,3410.6328500428945,3105.5,2068.5,6211,4137,0.0004247030901414635,-0.00041369148819039045,0.0,0.0,0.0,
kicker,estimated,DSC_6493.png,,5,0,True,0.17658787892036806,-0.0635660025433091,-0.8245348916524247,0.801801493373034,0.0068065481148303466,-0.597551701635543,-0.005163836802551132,0.999976714329046,0.004461568016078599,0.5975681551206099,-0.0004916324297445144,0.8018179707909425,3410.6328500428945,3410.6328500428945,3105.5,2068.5,6211,4137,0.0004247030901414635,-0.00041369148819039045,0.0,0.0,0.0,
kicker,estimated,DSC_6494.png,,6,0,True,0.18756900322186168,-0.06296151406781361,-0.8158724749901044,0.9788262098382461,-0.008499815080967015,0.20451651296969442,0.00694063938397952,0.99994113556408,0.008339840032011799,-0.2045753613185991,-0.0067437786445997665,0.9788275859368478,3410.6328500428945,3410.6328500428945,3105.5,2068.5,6211,4137,0.0004247030901414635,-0.00041369148819039045,0.0,0.0,0.0,
kicker,estimated,DSC_6495.png,,7,0,True,0.8876678108072378,-0.06419909289971873,-0.9812915130322856,0.8535565306495521,0.01299158574732066,-0.5208382356214549,-0.0023287655626682063,0.9997742026557426,0.021121566112111363,0.5209950343683272,-0.016815540545702813,0.8533940542092506,3410.6328500428945,3410.6328500428945,3105.5,2068.5,6211,4137,0.0004247030901414635,-0.00041369148819039045,0.0,0.0,0.0,
kicker,estimated,DSC_6496.png,,8,0,True,1.1130279960819673,-0.07169476247768983,-0.6273792660687999,0.5668120626653081,0.0230549933905143,-0.8235244701263358,-0.009175900299103455,0.9997230206880368,0.021672211702736234,0.8237960235827797,-0.004727492585995896,0.5668666177709265,3410.6328500428945,3410.6328500428945,3105.5,2068.5,6211,4137,0.0004247030901414635,-0.00041369148819039045,0.0,0.0,0.0,
kicker,estimated,DSC_6497.png,,9,0,True,0.6178211129564984,-0.07811451754597808,0.09432580058774712,-0.4487058444912526,0.019693319976750546,-0.893462499642646,-0.00581841277905279,0.9996716081333176,0.02495640128061788,0.8936605682204651,0.016396616737607443,-0.44844390927677424,3410.6328500428945,3410.6328500428945,3105.5,2068.5,6211,4137,0.0004247030901414635,-0.00041369148819039045,0.0,0.0,0.0,
kicker,estimated,DSC_6499.png,,10,0,True,-0.386693986425462,-0.06439624195616515,-0.42947343602591953,-0.6002215800817523,0.0005952298776575032,0.7998335454990356,0.019185823427479383,0.9997227019976853,0.013653691437005164,-0.7996036261696008,0.023540705423587216,-0.600066559811981,3410.6328500428945,3410.6328500428945,3105.5,2068.5,6211,4137,0.0004247030901414635,-0.00041369148819039045,0.0,0.0,0.0,
kicker,estimated,DSC_6500.png,,11,0,True,-0.39092861172405663,-0.0592529312265602,-0.9830488754184387,-0.06600345599604296,-0.009614023983272588,0.997773077577977,0.018894385966311118,0.9997622522342996,0.01088306879316676,-0.9976404893424959,0.01957062978674407,-0.06580611274202197,3410.6328500428945,3410.6328500428945,3105.5,2068.5,6211,4137,0.0004247030901414635,-0.00041369148819039045,0.0,0.0,0.0,
kicker,estimated,DSC_6502.png,,12,0,True,-0.9446791889881142,-0.022559164802915258,-1.5302689268379293,-0.3650495689158244,-0.01442921786009968,0.9308762591807341,0.010340447305016605,0.9997553679047861,0.019551969084928258,-0.9309306565925862,0.01676311479145794,-0.3648110615079887,3410.6328500428945,3410.6328500428945,3105.5,2068.5,6211,4137,0.0004247030901414635,-0.00041369148819039045,0.0,0.0,0.0,
kicker,estimated,DSC_6503.png,,13,0,True,-0.8602504219416685,-0.019274726991298816,-1.9547129461466752,0.11010957733112292,-0.016828957520304735,0.9937769705365189,0.016326683306731614,0.99975236422393,0.015121165327581135,-0.9937853492541351,0.014560096752498908,0.11035707132030426,3410.6328500428945,3410.6328500428945,3105.5,2068.5,6211,4137,0.0004247030901414635,-0.00041369148819039045,0.0,0.0,0.0,
kicker,estimated,DSC_6504.png,,14,0,True,-0.7273265611563783,-0.017921839158134285,-2.2271062108689663,0.9256006840090832,-0.017319969588782756,0.3781050018385911,0.018624258292811585,0.9998265319924613,0.0002071882487625961,-0.3780430012114494,0.0068501516312726145,0.9257626934898968,3410.6328500428945,3410.6328500428945,3105.5,2068.5,6211,4137,0.0004247030901414635,-0.00041369148819039045,0.0,0.0,0.0,
kicker,estimated,DSC_6505.png,,15,0,True,-0.12142894219968936,-0.023522106967377606,-1.761026359709626,0.9476352585380232,0.0008419636202759079,-0.31935357814315474,0.0015774928340416526,0.9999719834237351,0.0073173686499900525,0.31935079190747667,-0.007437974513497737,0.9476073808509535,3410.6328500428945,3410.6328500428945,3105.5,2068.5,6211,4137,0.0004247030901414635,-0.00041369148819039045,0.0,0.0,0.0,
kicker,estimated,DSC_6506.png,,16,0,True,-0.41100192109537503,-0.02875340564289824,-0.8273656580902127,0.5786818474721672,-0.1185150498148135,0.8068962153670022,-0.002960754581998147,0.9890731081544009,0.14739613515319178,-0.8155480079912553,-0.08768448946755109,0.5720077595350523,3410.6328500428945,3410.6328500428945,3105.5,2068.5,6211,4137,0.0004247030901414635,-0.00041369148819039045,0.0,0.0,0.0,
kicker,estimated,DSC_6507.png,,17,0,True,-0.4512132615775191,-0.035219905732887934,-0.3567301084451463,-0.11677038689373576,-0.1429771121305654,0.9828134218413439,0.004142747683818032,0.9895044911504104,0.14444272094777072,-0.993150297984306,0.020938180436013573,-0.11495250416460467,3410.6328500428945,3410.6328500428945,3105.5,2068.5,6211,4137,0.0004247030901414635,-0.00041369148819039045,0.0,0.0,0.0,
kicker,estimated,DSC_6508.png,,18,0,True,0.9474465544241144,-0.040573718158374336,-0.7404043086262803,-0.4937488965062744,0.13871079249820006,-0.8584703508236953,-0.004934234132302498,0.9867335067493701,0.16227334960374268,0.8695905246334994,0.08435818100582873,-0.4865141485764046,3410.6328500428945,3410.6328500428945,3105.5,2068.5,6211,4137,0.0004247030901414635,-0.00041369148819039045,0.0,0.0,0.0,
kicker,estimated,DSC_6509.png,,19,0,True,1.1583009384943805,-0.03655859417478337,-1.1921448731268827,-0.11590578706526333,0.15823418670001904,-0.980575234586396,-0.014645847546931962,0.9868493538809192,0.16097779938377968,0.9931522278454669,0.033019613931660474,-0.11206407730129331,3410.6328500428945,3410.6328500428945,3105.5,2068.5,6211,4137,0.0004247030901414635,-0.00041369148819039045,0.0,0.0,0.0,
kicker,estimated,DSC_6510.png,,20,0,True,1.0873972838947001,-0.01906809802734729,-1.053655386921575,0.9923390738336189,0.026811215847938653,-0.12059983933567536,-0.008986405608062003,0.9892465105438631,0.14598145735345278,0.12321691059786744,-0.1437793451144698,0.9819089025266913,3410.6328500428945,3410.6328500428945,3105.5,2068.5,6211,4137,0.0004247030901414635,-0.00041369148819039045,0.0,0.0,0.0,
kicker,estimated,DSC_6511.png,,21,0,True,0.9240959291765553,-0.018814684724621944,-1.0184062339275353,0.9995809149626778,0.00697789493654793,0.02809454439264911,-0.010859683516296783,0.9900232895670172,0.14048470873667282,-0.026833965720741034,-0.14073093155790742,0.98968416335038,3410.6328500428945,3410.6328500428945,3105.5,2068.5,6211,4137,0.0004247030901414635,-0.00041369148819039045,0.0,0.0,0.0,
kicker,estimated,DSC_6512.png,,22,0,True,0.7901900726390018,-0.01835634440705667,-0.999642425251783,0.9945018787696811,-0.0037296969653499426,0.10465229325782163,-0.011055791187578896,0.9900407562614184,0.14034625190055963,-0.10413348455127722,-0.14073162509494921,0.9845561574096947,3410.6328500428945,3410.6328500428945,3105.5,2068.5,6211,4137,0.0004247030901414635,-0.00041369148819039045,0.0,0.0,0.0,
kicker,estimated,DSC_6513.png,,23,0,True,0.5968482546213769,-0.015679462675130634,-0.9619239772515665,0.9893506010093147,-0.004725687130180079,0.1454752768124381,-0.015670627659788727,0.9902049421384495,0.1387393383051043,-0.14470597676411334,-0.139541536632422,0.979585800143615,3410.6328500428945,3410.6328500428945,3105.5,2068.5,6211,4137,0.0004247030901414635,-0.00041369148819039045,0.0,0.0,0.0,
kicker,estimated,DSC_6514.png,,24,0,True,0.5920645611981994,-0.017883562339441023,-0.8840897878411852,0.46189945157806545,0.1436915799982359,-0.875215188664761,-0.023266964368355056,0.9884126537083017,0.14999691449624775,0.8866270608327744,-0.04891989193491268,0.4598905295525365,3410.6328500428945,3410.6328500428945,3105.5,2068.5,6211,4137,0.0004247030901414635,-0.00041369148819039045,0.0,0.0,0.0,
kicker,estimated,DSC_6515.png,,25,0,True,0.7381203648855335,-0.021654850597741436,-0.8577642670642115,-0.42099239097090924,0.14478813576024763,-0.8954338627099542,-0.015551580591322,0.9858808353744583,0.16672470357590066,0.9069308436070022,0.08411524347246715,-0.41279664573474784,3410.6328500428945,3410.6328500428945,3105.5,2068.5,6211,4137,0.0004247030901414635,-0.00041369148819039045,0.0,0.0,0.0,
kicker,estimated,DSC_6516.png,,26,0,True,0.7025597530011587,-0.020312948437532858,-1.0713022910162355,-0.7636253037476046,0.10703893817955593,-0.6367252635083451,2.0615833943873896e-05,0.9861664175791747,0.16575824689602683,0.6456596588384362,0.1265640650123486,-0.7530638368665594,3410.6328500428945,3410.6328500428945,3105.5,2068.5,6211,4137,0.0004247030901414635,-0.00041369148819039045,0.0,0.0,0.0,
kicker,estimated,DSC_6517.png,,27,0,True,0.2762355074549968,-0.01717763525569989,-0.8207612144190841,0.663660746609243,0.12149308181787653,-0.7381015136689918,-0.018826571570125475,0.9891225715442659,0.14588385333741893,0.7477967461904184,-0.08292146605103753,0.6587291225192413,3410.6328500428945,3410.6328500428945,3105.5,2068.5,6211,4137,0.0004247030901414635,-0.00041369148819039045,0.0,0.0,0.0,
kicker,estimated,DSC_6518.png,,28,0,True,0.10881090370464977,-0.01668105015925184,-0.7678946926110846,0.9936219015031047,-0.0053503075377677265,0.1126361001748805,-0.010365779646802803,0.9903106278084258,0.13848252980789816,-0.112285651201159,-0.13876683558737218,0.9839388689727624,3410.6328500428945,3410.6328500428945,3105.5,2068.5,6211,4137,0.0004247030901414635,-0.00041369148819039045,0.0,0.0,0.0,
kicker,estimated,DSC_6519.png,,29,0,True,-0.20912360522768275,-0.01465167042186596,-0.8154584708120877,0.9513926676138148,0.06023384476393382,-0.3020329054186374,-0.017425631668294965,0.9896452912380973,0.1424729619654991,0.30748713692060387,-0.1302846171856676,0.9425908864152857,3410.6328500428945,3410.6328500428945,3105.5,2068.5,6211,4137,0.0004247030901414635,-0.00041369148819039045,0.0,0.0,0.0,
kicker,estimated,DSC_6520.png,,30,0,True,-0.377967570050736,-0.011969842348270726,-0.9990080005322327,0.765114809040309,0.10379055656766978,-0.635473720427985,-0.015135216024706681,0.9895493524712954,0.14339806225861473,0.6437159732545845,-0.10009794898504877,0.7586897563470129,3410.6328500428945,3410.6328500428945,3105.5,2068.5,6211,4137,0.0004247030901414635,-0.00041369148819039045,0.0,0.0,0.0,
meadow,estimated,DSC_6535.png,,0,0,True,-0.7404611201982908,-0.2810812889603003,-0.6489359631823013,0.6112803553268548,0.05790670858388757,0.7892928102374016,-0.0971875619698217,0.9952635391849626,0.0022506371063697253,-0.7854240287830748,-0.07808521415737568,0.6140128617058119,3405.8954153255177,3405.8954153255177,3100.5,2067.5,6201,4135,-0.0002716882727203026,-0.0002864625436155179,0.0,0.0,0.0,
meadow,estimated,DSC_6536.png,,1,0,True,-0.35388299359709613,-0.2759137365303456,-0.8362602676544933,0.9350896575090997,-0.058698615233394785,0.34951653035185126,0.031189963902775637,0.9959923108654947,0.08382423783462281,-0.35303614343471723,-0.06748176988264112,0.9331729165391847,3405.8954153255177,3405.8954153255177,3100.5,2067.5,6201,4135,-0.0002716882727203026,-0.0002864625436155179,0.0,0.0,0.0,
meadow,estimated,DSC_6537.png,,2,0,True,-0.0730075053171222,-0.27098903681720177,-0.8940254737855473,1.0,0.0,0.0,0.0,1.0,0.0,0.0,0.0,1.0,3405.8954153255177,3405.8954153255177,3100.5,2067.5,6201,4135,-0.0002716882727203026,-0.0002864625436155179,0.0,0.0,0.0,
meadow,estimated,DSC_6538.png,,3,0,True,0.20325450050094526,-0.2607469838222812,-0.8876751945055694,0.9677154295767199,-0.04350964160498175,-0.24826147193342443,0.05237669148184926,0.9981997909618852,0.029220874611551317,0.2465431596061015,-0.04128060574961161,0.9682522305889026,3405.8954153255177,3405.8954153255177,3100.5,2067.5,6201,4135,-0.0002716882727203026,-0.0002864625436155179,0.0,0.0,0.0,
meadow,estimated,DSC_6539.png,,4,0,True,-0.8380648460861934,-0.27371601661475814,-0.5696378880407915,0.9170168378593764,-0.023759997773395658,-0.39814015319758755,0.07965247528686438,0.9890252171060517,0.12443714521397022,0.3908140251616691,-0.14582380612964224,0.9088453197892361,3405.8954153255177,3405.8954153255177,3100.5,2067.5,6201,4135,-0.0002716882727203026,-0.0002864625436155179,0.0,0.0,0.0,
meadow,estimated,DSC_6540.png,,5,0,True,-0.4506312868471798,-0.1292951758775342,-0.13882190956486115,0.7372995691631705,-0.023114618010815706,-0.6751703931201495,0.1355990870773317,0.9841387248303116,0.11438469247745697,0.6618173712555432,-0.1758882734112262,0.7287393789145886,3405.8954153255177,3405.8954153255177,3100.5,2067.5,6201,4135,-0.0002716882727203026,-0.0002864625436155179,0.0,0.0,0.0,
meadow,estimated,DSC_6541.png,,6,0,True,-0.32944665769704834,-0.02769276137006122,0.39684662514081737,0.6056826829763433,-0.03956997281388144,-0.7947217782306506,0.10898683019905359,0.9934752966493494,0.0335962169097918,0.7882070529916243,-0.1069628542952917,0.6060433890533442,3405.8954153255177,3405.8954153255177,3100.5,2067.5,6201,4135,-0.0002716882727203026,-0.0002864625436155179,0.0,0.0,0.0,
meadow,estimated,DSC_6547.png,,7,0,True,0.9363012457814368,-0.25062423325837546,-1.1079149687513052,0.9224814628058742,0.0024352957324355606,-0.3860337033397863,0.0405228141835463,0.9938447277638832,0.10310460041423342,0.3839086509967968,-0.1107552546411616,0.9167046532330853,3405.8954153255177,3405.8954153255177,3100.5,2067.5,6201,4135,-0.0002716882727203026,-0.0002864625436155179,0.0,0.0,0.0,
meadow,estimated,DSC_6548.png,,8,0,True,1.1709108419133674,-0.2136166647646548,-0.9162444054461202,0.6823667416547828,-0.04832289113520079,-0.7294110830497234,0.1347331391539412,0.9890319590924164,0.06052078244323687,0.7184863332709674,-0.13957321407115486,0.6813932101339784,3405.8954153255177,3405.8954153255177,3100.5,2067.5,6201,4135,-0.0002716882727203026,-0.0002864625436155179,0.0,0.0,0.0,
meadow,estimated,DSC_6553.png,,9,0,True,0.7145341978239999,-0.25130357592094166,-1.0736769531917496,0.7228090575483468,0.04662887932787334,0.6894728522129767,-0.1059161578724039,0.9934075969177545,0.0438533224241929,-0.6828827379774793,-0.10472389411552091,0.7229827606337944,3405.8954153255177,3405.8954153255177,3100.5,2067.5,6201,4135,-0.0002716882727203026,-0.0002864625436155179,0.0,0.0,0.0,
meadow,estimated,DSC_6556.png,,10,0,True,1.3656320376632551,-0.20387339371485536,-0.8976878844419245,0.9506731697464474,-0.016601302690266086,-0.3097497717081135,0.03399384026784707,0.9981282486110044,0.05083717290106944,0.3083260338474297,-0.05885912056525559,0.9494580879523847,3405.8954153255177,3405.8954153255177,3100.5,2067.5,6201,4135,-0.0002716882727203026,-0.0002864625436155179,0.0,0.0,0.0,
meadow,estimated,DSC_6557.png,,11,0,True,1.1111167136169626,-0.2080220571936574,-0.8672152882984561,0.9843674091494278,-0.0474209234491257,-0.16962328797566428,0.0633990783317745,0.9939167654186768,0.09005565105176098,0.16432090758976625,-0.0994018080263492,0.9813857141256787,3405.8954153255177,3405.8954153255177,3100.5,2067.5,6201,4135,-0.0002716882727203026,-0.0002864625436155179,0.0,0.0,0.0,
meadow,estimated,DSC_6558.png,,12,0,True,0.019699932146288405,-0.2648376158515732,-0.831911082971586,0.9835617817296372,0.0048172723903517345,0.1805076602461482,-0.005081421910911774,0.999986588505006,0.0010009802611303362,-0.18050041737399117,-0.0019017615089757464,0.9835730692892003,3405.8954153255177,3405.8954153255177,3100.5,2067.5,6201,4135,-0.0002716882727203026,-0.0002864625436155179,0.0,0.0,0.0,
meadow,estimated,DSC_6559.png,,13,0,True,-0.7649003557744514,-0.253318737946319,-0.4769168286662174,0.6223818764737419,0.06756553449718372,0.7797920866392104,-0.13953914796912495,0.9898855221753466,0.025602327466304572,-0.7701750619314253,-0.12474594797327533,0.6255148459014976,3405.8954153255177,3405.8954153255177,3100.5,2067.5,6201,4135,-0.0002716882727203026,-0.0002864625436155179,0.0,0.0,0.0,
meadow,estimated,DSC_6560.png,,14,0,True,-0.9197777459337494,-0.20857290618502744,-0.29641195340147136,0.8311698590100378,-0.16020804888907123,-0.532437833502082,0.2356140930528984,0.9688479184653269,0.07628702406217855,0.5036294914201253,-0.18885733228169946,0.8430244619317673,3405.8954153255177,3405.8954153255177,3100.5,2067.5,6201,4135,-0.0002716882727203026,-0.0002864625436155179,0.0,0.0,0.0,
office,estimated,DSC_0219.png,,0,0,True,0.6504079061159265,0.6362287924145856,0.42407949583571514,-0.6764978537396686,0.08122380591016326,-0.7319517383264358,0.6486451476812032,0.536355025468461,-0.5399840359162082,0.3487264347239152,-0.8400749847532629,-0.41552845115172654,3432.061236534891,3432.061236534891,3110.5,2073.0,6221,4146,-0.0009951206819148214,0.00012613678546105625,0.0,0.0,0.0,
office,estimated,DSC_0220.png,,1,0,True,0.8103632423995969,0.6013208696915121,0.4118555354134785,-0.2498323501151163,0.07097894855522757,-0.9656841024361709,0.8272204698954218,0.5340086109403444,-0.17476011452148277,0.5032793369709869,-0.8424943871050765,-0.19212786542947335,3432.061236534891,3432.061236534891,3110.5,2073.0,6221,4146,-0.0009951206819148214,0.00012613678546105625,0.0,0.0,0.0,
office,estimated,DSC_0221.png,,2,0,True,0.9021094436058447,0.49646518963463326,0.348945622727125,0.29239280844123283,0.058411823822848596,-0.9545127052111655,0.7967149247947616,0.5371744151355285,0.27692774569024386,0.5289156588541561,-0.8414461994456279,0.11052836404010813,3432.061236534891,3432.061236534891,3110.5,2073.0,6221,4146,-0.0009951206819148214,0.00012613678546105625,0.0,0.0,0.0,
office,estimated,DSC_0222.png,,3,0,True,0.7968371514681821,0.42389018582710875,0.2927186798713675,0.6743394269313785,0.050617017656609975,-0.7366846372834244,0.6017315543982508,0.5405860205655988,0.5879505853475401,0.4280017216406087,-0.8397646526810952,0.3340806106018047,3432.061236534891,3432.061236534891,3110.5,2073.0,6221,4146,-0.0009951206819148214,0.00012613678546105625,0.0,0.0,0.0,
office,estimated,DSC_0223.png,,4,0,True,0.6873787184693751,0.38444578838052096,0.2566880536905609,0.8784634509251883,0.04503252944874622,-0.47568270588708306,0.3766744340874588,0.5472375079992877,0.7474272409697296,0.2939699578077699,-0.8357650274629691,0.46376554720712126,3432.061236534891,3432.061236534891,3110.5,2073.0,6221,4146,-0.0009951206819148214,0.00012613678546105625,0.0,0.0,0.0,
office,estimated,DSC_0228.png,,5,0,True,0.7953163263394828,0.6251021336969057,0.43010177479129696,-0.9848200579621389,0.08830330890588658,0.14943888072292627,-0.07735519036879332,0.547440212052917,-0.8332618968550434,-0.15538863522940521,-0.8321729026252469,-0.5322993820941502,3432.061236534891,3432.061236534891,3110.5,2073.0,6221,4146,-0.0009951206819148214,0.00012613678546105625,0.0,0.0,0.0,
office,estimated,DSC_0229.png,,6,0,True,0.8609559080310744,0.6063345476224601,0.4209910489320987,-0.7471881456485958,0.07845155991129266,-0.659966080756957,0.5902676907737039,0.5346965750554988,-0.6047178067930518,0.30544054778449503,-0.8413946311757666,-0.44582636350680693,3432.061236534891,3432.061236534891,3110.5,2073.0,6221,4146,-0.0009951206819148214,0.00012613678546105625,0.0,0.0,0.0,
office,estimated,DSC_0230.png,,7,0,True,0.8209713231874287,0.5243565833939833,0.36732495293932266,-0.4283726156649488,-0.21465564440153362,-0.8777356415658035,0.7917408071857256,0.3789778762506131,-0.479084818742434,0.4354806498402268,-0.9001659422790541,0.007607889036819859,3432.061236534891,3432.061236534891,3110.5,2073.0,6221,4146,-0.0009951206819148214,0.00012613678546105625,0.0,0.0,0.0,
office,estimated,DSC_0231.png,,8,0,True,0.7462265986647341,0.4140322433547447,0.2878289161352071,0.5799721825054883,-0.23356412574601573,-0.7804358184273195,0.6847308948147358,0.6587792009378436,0.3116946680614021,0.4413341922013656,-0.7151627532081042,0.5420021837758335,3432.061236534891,3432.061236534891,3110.5,2073.0,6221,4146,-0.0009951206819148214,0.00012613678546105625,0.0,0.0,0.0,
office,estimated,DSC_0235.png,,9,0,True,0.7892096013539814,0.6033328457245984,0.4132183868944385,-0.9927319279153464,0.09450902248213289,-0.07450747591316653,0.09499823646203367,0.2353136226236422,-0.9672656481426608,-0.07388270681683859,-0.967313570501939,-0.24258153671746574,3432.061236534891,3432.061236534891,3110.5,2073.0,6221,4146,-0.0009951206819148214,0.00012613678546105625,0.0,0.0,0.0,
office,estimated,DSC_0236.png,,10,0,True,0.7994420765019044,0.5613764942572438,0.37868177494378086,-0.44994968346736286,-0.6790647488850452,-0.580014093940235,0.7945012322842093,-0.007795678369098669,-0.6072124992929898,0.40781500002635257,-0.7340369842320323,0.5430254428045241,3432.061236534891,3432.061236534891,3110.5,2073.0,6221,4146,-0.0009951206819148214,0.00012613678546105625,0.0,0.0,0.0,
office,estimated,DSC_0237.png,,11,0,True,0.8407885833537954,0.38207492704113255,0.26018697007916475,0.5010780637727977,-0.7062831368919824,-0.5000848973401668,0.74320154773837,0.6472530091028553,-0.16945501363662976,0.443364673203668,-0.28675367957416037,0.8492350050520082,3432.061236534891,3432.061236534891,3110.5,2073.0,6221,4146,-0.0009951206819148214,0.00012613678546105625,0.0,0.0,0.0,
office,estimated,DSC_0238.png,,12,0,True,0.6352784543573564,0.2791974689761902,0.18011474245266768,1.0,0.0,0.0,0.0,1.0,0.0,0.0,0.0,1.0,3432.061236534891,3432.061236534891,3110.5,2073.0,6221,4146,-0.0009951206819148214,0.00012613678546105625,0.0,0.0,0.0,
office,estimated,DSC_0239.png,,13,0,True,0.5194900829145953,0.4730504591876089,0.29626253767420235,0.6509531879440724,0.6545909157257706,0.3844095214153084,-0.6167718408499212,0.7512802532460219,-0.23488396585802246,-0.4425521928993785,-0.08419450179133058,0.8927815199857471,3432.061236534891,3432.061236534891,3110.5,2073.0,6221,4146,-0.0009951206819148214,0.00012613678546105625,0.0,0.0,0.0,
office,estimated,DSC_0240.png,,14,0,True,0.6297265220214657,0.6169062174083305,0.3893777674333466,-0.6163780993642323,0.72673748112325,0.3032007126554478,-0.5953581664681086,-0.17807627237940338,-0.7834778202573376,-0.5153898449172911,-0.6634315901026202,0.5424314085762731,3432.061236534891,3432.061236534891,3110.5,2073.0,6221,4146,-0.0009951206819148214,0.00012613678546105625,0.0,0.0,0.0,
office,estimated,DSC_0241.png,,15,0,True,0.8187475716672092,0.6476419495566006,0.43051560150342233,-0.9672472244124035,-0.11055675919531902,-0.22849509811531976,0.2538358701108918,-0.4226871689633507,-0.8700016714000004,-0.00039738085987263416,-0.8995069539419781,0.43690626214152173,3432.061236534891,3432.061236534891,3110.5,2073.0,6221,4146,-0.0009951206819148214,0.00012613678546105625,0.0,0.0,0.0,
office,estimated,DSC_0242.png,,16,0,True,0.7737089914314982,0.49635733125999837,0.3144351179852579,-0.41334316746126576,0.5076780751255,-0.7559169252966591,0.7459789936853566,0.6648494499336727,0.038607640475371074,0.5221712045807105,-0.547939942840235,-0.6535281571187039,3432.061236534891,3432.061236534891,3110.5,2073.0,6221,4146,-0.0009951206819148214,0.00012613678546105625,0.0,0.0,0.0,
office,estimated,DSC_0243.png,,17,0,True,0.7979768902981299,0.4186168839102569,0.2631581825933329,0.33942120447575086,0.5518249746880147,-0.7617627211033646,0.7440357826251872,0.3379752394968868,0.5763536168537049,0.5755032581363513,-0.7624053612072739,-0.2958615640411075,3432.061236534891,3432.061236534891,3110.5,2073.0,6221,4146,-0.0009951206819148214,0.00012613678546105625,0.0,0.0,0.0,
office,estimated,DSC_0248.png,,18,0,True,0.7997757846170429,0.6373187612263936,0.4089545984840801,-0.8625434123410645,0.29590104368447834,-0.410440536708387,0.42857198963386745,0.8584507561700244,-0.28175938126774325,0.2689700941151274,-0.41893301562129204,-0.8672659435802548,3432.061236534891,3432.061236534891,3110.5,2073.0,6221,4146,-0.0009951206819148214,0.00012613678546105625,0.0,0.0,0.0,
office,estimated,DSC_0249.png,,19,0,True,0.6910644451497467,0.18576909412180964,0.12074610178543299,-0.5554245155674611,0.26738082575716915,-0.7874078368444563,0.7108075253154168,0.6440845913997235,-0.2826795023987846,0.43157417608288917,-0.7167025416020691,-0.5477966752359036,3432.061236534891,3432.061236534891,3110.5,2073.0,6221,4146,-0.0009951206819148214,0.00012613678546105625,0.0,0.0,0.0,
office,estimated,DSC_0250.png,,20,0,True,0.5840824272664924,0.4267451359856201,0.2690922092238789,-0.4572302568213198,0.2796735856952551,-0.8442293395230166,0.7541112241729917,0.625124892012801,-0.20133338263262734,0.4714411456623423,-0.7286985349582794,-0.49673100499791145,3432.061236534891,3432.061236534891,3110.5,2073.0,6221,4146,-0.0009951206819148214,0.00012613678546105625,0.0,0.0,0.0,
office,estimated,DSC_0251.png,,21,0,True,0.5118088748988535,0.5347083778254654,0.33485230472087213,-0.5795437188467987,0.2617055102891974,-0.771776718895753,0.6981739933069476,0.6479120835604568,-0.30457020052227357,0.4203357622366355,-0.7153461804333748,-0.5582093595814464,3432.061236534891,3432.061236534891,3110.5,2073.0,6221,4146,-0.0009951206819148214,0.00012613678546105625,0.0,0.0,0.0,
office,estimated,DSC_0252.png,,22,0,True,0.4277377474146172,0.6492726245251491,0.40254069418435523,-0.47488146146215415,0.2784271651883298,-0.8348448426173327,0.7504469040350153,0.6236326954172047,-0.21888742638838915,0.4596923338319108,-0.7304523084307848,-0.5050964099301325,3432.061236534891,3432.061236534891,3110.5,2073.0,6221,4146,-0.0009951206819148214,0.00012613678546105625,0.0,0.0,0.0,
office,estimated,DSC_0253.png,,23,0,True,0.5935036834044665,-0.02219746447636532,-0.021679355964320118,0.28715600041005196,0.3051929619946959,-0.9079640341871511,0.7862396953470302,0.4663378294602841,0.40540864602876936,0.5471458424306186,-0.8302928909506422,-0.10604311551304724,3432.061236534891,3432.061236534891,3110.5,2073.0,6221,4146,-0.0009951206819148214,0.00012613678546105625,0.0,0.0,0.0,
office,estimated,DSC_0254.png,,24,0,True,0.47473428396367273,-0.07644845363338848,-0.06704117435724273,0.5290552441813159,0.2789370386054919,-0.8014328899528934,0.6855369480464937,0.416138452478391,0.5973841990143272,0.500139621973052,-0.8654611007219726,0.028938584446454252,3432.061236534891,3432.061236534891,3110.5,2073.0,6221,4146,-0.0009951206819148214,0.00012613678546105625,0.0,0.0,0.0,
office,estimated,DSC_0255.png,,25,0,True,0.2576986668960808,0.5033762835407306,0.294422661759782,-0.8347863311067512,0.19626383392447994,-0.5144047908900096,0.48625349121722766,0.7010425958932665,-0.5216290070752276,0.2582427611306614,-0.6855798904843218,-0.6806547510207492,3432.061236534891,3432.061236534891,3110.5,2073.0,6221,4146,-0.0009951206819148214,0.00012613678546105625,0.0,0.0,0.0,
pipes,estimated,DSC_0634.png,,0,0,True,-0.7865046887814031,0.3347663705662409,-1.353699628886847,0.9775536938661716,0.0024410503982300585,0.21067229737570273,-0.002274706830103555,0.9999968804310723,-0.0010319093762340002,-0.21067415911174373,0.0005295291087185658,0.9775561969940566,3424.1295652977246,3424.1295652977246,3110.0,2070.5,6220,4141,-0.00036824003056414907,1.073579118219789e-05,0.0,0.0,0.0,
pipes,estimated,DSC_0635.png,,1,0,True,-0.4144556510519259,0.333136986296147,-1.3800579630276546,1.0,0.0,0.0,0.0,1.0,0.0,0.0,0.0,1.0,3424.1295652977246,3424.1295652977246,3110.0,2070.5,6220,4141,-0.00036824003056414907,1.073579118219789e-05,0.0,0.0,0.0,
pipes,estimated,DSC_0636.png,,2,0,True,0.08652797483505574,0.3309590215003355,-1.372065198175281,0.9706333611903727,-0.0034573238629246167,-0.24053882234680188,0.004257511974165616,0.9999869969494289,0.002807048957991299,0.24052598973098374,-0.003748712281514233,0.9706354595934362,3424.1295652977246,3424.1295652977246,3110.0,2070.5,6220,4141,-0.00036824003056414907,1.073579118219789e-05,0.0,0.0,0.0,
pipes,estimated,DSC_0637.png,,3,0,True,0.17204622522947227,0.33213011055242775,-1.2242805896481141,0.7170554217026112,0.01793199770916387,0.696785451674365,-0.0147786117781925,0.9998354206989507,-0.010522554331616543,-0.6968594656319163,-0.0027522670493420136,0.7172024192550448,3424.1295652977246,3424.1295652977246,3110.0,2070.5,6220,4141,-0.00036824003056414907,1.073579118219789e-05,0.0,0.0,0.0,
pipes,estimated,DSC_0638.png,,4,0,True,0.4443419501396881,0.32366684207189045,-1.6523330677379904,0.862380787665221,0.008023359453959504,0.506196604857229,-0.008979445775394184,0.9999595317011091,-0.000551827568555542,-0.5061805474526652,-0.00406947947177781,0.8624179339029013,3424.1295652977246,3424.1295652977246,3110.0,2070.5,6220,4141,-0.00036824003056414907,1.073579118219789e-05,0.0,0.0,0.0,
pipes,estimated,DSC_0639.png,,5,0,True,0.13135088059104544,0.3168000370340192,-1.8340588423888369,0.07761540875069395,-0.010452792017963392,-0.9969285769118529,0.028197075769222694,0.9995680469252459,-0.00828519668529802,0.996584553985525,-0.027467411692377562,0.07787662070476631,3424.1295652977246,3424.1295652977246,3110.0,2070.5,6220,4141,-0.00036824003056414907,1.073579118219789e-05,0.0,0.0,0.0,
pipes,estimated,DSC_0640.png,,6,0,True,0.16805528062436909,0.3304680372397771,-1.1588669508944764,-0.0997354320037851,-0.014963733093668417,-0.9949014676313028,0.028616878065574915,0.9994301592319771,-0.017900589580373886,0.9946023918595808,-0.030256297021387556,-0.09925038336326564,3424.1295652977246,3424.1295652977246,3110.0,2070.5,6220,4141,-0.00036824003056414907,1.073579118219789e-05,0.0,0.0,0.0,
pipes,estimated,DSC_0641.png,,7,0,True,0.14868781985902935,0.3444372147414553,-0.5989914379115431,-0.137249456957806,-0.010769264326181947,-0.9904779702298584,0.02768076987080791,0.9995086755156505,-0.014703147564708382,0.9901496662344268,-0.029435191774864346,-0.13688392141164796,3424.1295652977246,3424.1295652977246,3110.0,2070.5,6220,4141,-0.00036824003056414907,1.073579118219789e-05,0.0,0.0,0.0,
pipes,estimated,DSC_0642.png,,8,0,True,0.5915774620532428,0.3327814970880037,-1.1383893183701035,0.6702993160736661,-0.01889166256103777,-0.7418503433691026,0.020738623436168294,0.9997623395770971,-0.00672115029603817,0.7418010086061817,-0.010879772470461261,0.6705317995306731,3424.1295652977246,3424.1295652977246,3110.0,2070.5,6220,4141,-0.00036824003056414907,1.073579118219789e-05,0.0,0.0,0.0,
pipes,estimated,DSC_0643.png,,9,0,True,-0.8864170735489313,0.3300777538114625,-1.2480689763264698,0.8822231690706769,0.13009848399463148,0.4525004579193159,-0.005507240928866244,0.9638523326239727,-0.266380087830675,-0.470799267472076,0.2325146562211194,0.8510493430995241,3424.1295652977246,3424.1295652977246,3110.0,2070.5,6220,4141,-0.00036824003056414907,1.073579118219789e-05,0.0,0.0,0.0,
pipes,estimated,DSC_0644.png,,10,0,True,-0.2363144837710263,0.32722638896335676,-1.3532300890193127,0.9891537121178233,-0.04068973795112006,-0.1411356759611104,0.0019372709153006873,0.9643947661886891,-0.26445979265148123,0.14687130688099395,0.2613179675669718,0.9540134899684259,3424.1295652977246,3424.1295652977246,3110.0,2070.5,6220,4141,-0.00036824003056414907,1.073579118219789e-05,0.0,0.0,0.0,
pipes,estimated,DSC_0645.png,,11,0,True,0.23357891390339383,0.32371735326219697,-1.398290777566534,0.9887423773154088,-0.04580485978341896,-0.14244446679634534,0.007163666500954898,0.9653908225121337,-0.26070911317330087,0.1494563253359887,0.25675372369172605,0.9548509476287363,3424.1295652977246,3424.1295652977246,3110.0,2070.5,6220,4141,-0.00036824003056414907,1.073579118219789e-05,0.0,0.0,0.0,
pipes,estimated,DSC_0646.png,,12,0,True,-0.9406662345593423,0.34777658740254846,-0.9695636157221437,-0.37165849476348223,0.049222575910378,0.9270636986156294,-0.0004943690437631647,0.9985827913318394,-0.05321808391102452,-0.9283693870811295,-0.020237264554760197,-0.3711074430053236,3424.1295652977246,3424.1295652977246,3110.0,2070.5,6220,4141,-0.00036824003056414907,1.073579118219789e-05,0.0,0.0,0.0,
pipes,estimated,DSC_0647.png,,13,0,True,-1.0377352712180399,0.333293119497554,-1.5374469822315644,0.10952011418826946,0.03932439288787103,0.9932063917999064,-0.004772923427018079,0.9992263886085427,-0.03903643823774636,-0.993973120255346,-0.00046522288198454914,0.10962308049640757,3424.1295652977246,3424.1295652977246,3110.0,2070.5,6220,4141,-0.00036824003056414907,1.073579118219789e-05,0.0,0.0,0.0,
playground,estimated,DSC_0567.png,,0,0,True,-0.3233405069178985,-0.16450538019831334,-0.14762764077102516,-0.9941833605797363,0.031222799778632564,0.10307561457670551,0.06449645020438396,0.9390682739151097,0.33762550975471295,-0.08625342577205582,0.34230967514821986,-0.9356198121259001,3433.8483936659463,3433.8483936659463,3107.5,2070.5,6215,4141,-0.0008312719417967841,0.0006816426202440758,0.0,0.0,0.0,
playground,estimated,DSC_0568.png,,1,0,True,-0.2087358046643322,-0.16609785014880774,-0.11729736439819216,-0.8871293174344839,-0.0352267049927549,0.46017459013246276,0.12289960211263484,0.9430491029230565,0.309118225403444,-0.4448564509465752,0.33078311433834073,-0.8322771589559848,3433.8483936659463,3433.8483936659463,3107.5,2070.5,6215,4141,-0.0008312719417967841,0.0006816426202440758,0.0,0.0,0.0,
playground,estimated,DSC_0569.png,,2,0,True,-0.14527643837924606,-0.1701390041819739,-0.08027643210489907,-0.8785896969288354,-0.02442692987615927,0.47695227177079536,0.13903037386596756,0.9423534922573881,0.30436893858111425,-0.45689243766250576,0.3337262661630487,-0.824545983969168,3433.8483936659463,3433.8483936659463,3107.5,2070.5,6215,4141,-0.0008312719417967841,0.0006816426202440758,0.0,0.0,0.0,
playground,estimated,DSC_0570.png,,3,0,True,-0.11580728122579982,-0.17613180300404843,-0.03192622336187995,-0.7708246373813226,-0.0518098809088843,0.634937095030807,0.16941610371669516,0.9441246916380942,0.2827131946703717,-0.61410712600279,0.32549086451002085,-0.7189771449170779,3433.8483936659463,3433.8483936659463,3107.5,2070.5,6215,4141,-0.0008312719417967841,0.0006816426202440758,0.0,0.0,0.0,
playground,estimated,DSC_0571.png,,4,0,True,-0.07918561298084188,-0.18479751895784097,0.03173053304633865,-0.5758462924014709,-0.01990699483142587,0.8173155810849698,0.14212332464800487,0.9820446646498828,0.12405336441909573,-0.8051099354240253,0.18759527763107667,-0.5626775308220879,3433.8483936659463,3433.8483936659463,3107.5,2070.5,6215,4141,-0.0008312719417967841,0.0006816426202440758,0.0,0.0,0.0,
playground,estimated,DSC_0596.png,,5,0,True,-0.26574263841093493,-0.20513656642929282,0.15205482840301782,-0.8163744254718837,0.07621149567420785,0.5724723620949335,0.09289678093205855,0.9956757415695251,-7.577887216089416e-05,-0.5700026188781184,0.05311897567796786,-0.8199240140982642,3433.8483936659463,3433.8483936659463,3107.5,2070.5,6215,4141,-0.0008312719417967841,0.0006816426202440758,0.0,0.0,0.0,
playground,estimated,DSC_0597.png,,6,0,True,-0.4250925223486352,-0.18100040720977578,-0.06489674380049534,-0.24706250081058823,0.16838372168586613,0.9542573253396774,0.16697526804001706,0.9774531949738613,-0.12924593416566385,-0.9545047828880601,0.12740554896317283,-0.26960794783761477,3433.8483936659463,3433.8483936659463,3107.5,2070.5,6215,4141,-0.0008312719417967841,0.0006816426202440758,0.0,0.0,0.0,
playground,estimated,DSC_0602.png,,7,0,True,-0.7917970693965778,-0.13235455809356036,-0.40154183248672937,-0.4688438309682106,0.03780355122902577,0.8824717296760994,0.11757575817335858,0.9928638327320308,0.019933658535796525,-0.8754207007222369,0.11310305551635753,-0.4699428641652641,3433.8483936659463,3433.8483936659463,3107.5,2070.5,6215,4141,-0.0008312719417967841,0.0006816426202440758,0.0,0.0,0.0,
playground,estimated,DSC_0603.png,,8,0,True,-0.7595070060114703,-0.15158532430958516,-0.2561730567625593,-0.6705289620389547,0.05664202537876277,0.7397179138211772,0.14386261045557774,0.9880821597723085,0.0547466423865153,-0.7278011132032361,0.14312695937761652,-0.6706863746338145,3433.8483936659463,3433.8483936659463,3107.5,2070.5,6215,4141,-0.0008312719417967841,0.0006816426202440758,0.0,0.0,0.0,
playground,estimated,DSC_0604.png,,9,0,True,-0.5070865448386198,-0.19114559934849917,0.00434611924360489,-0.8010529918442193,0.03979652214206486,0.5972690692500501,0.10018209693406235,0.9926273423116866,0.06822394556995354,-0.5901505330941582,0.11448666350555417,-0.7991340013840276,3433.8483936659463,3433.8483936659463,3107.5,2070.5,6215,4141,-0.0008312719417967841,0.0006816426202440758,0.0,0.0,0.0,
playground,estimated,DSC_0606.png,,10,0,True,-0.8270882361395551,-0.1520652552710748,-0.2461924716563017,-0.38160591177266334,0.06930388646480126,0.9217233312773573,0.1647386352531609,0.9863192680819305,-0.005956799916977715,-0.9095263108646615,0.1495702936120633,-0.38780229126930243,3433.8483936659463,3433.8483936659463,3107.5,2070.5,6215,4141,-0.0008312719417967841,0.0006816426202440758,0.0,0.0,0.0,
playground,estimated,DSC_0588.png,,11,1,True,-0.21650060754328673,-0.1524874416264601,0.01798455181747737,0.8526569434027074,-0.0730809295527424,0.5173348186647206,0.18272086886845898,0.9693527158385603,-0.16422057232990842,-0.489478519392943,0.23455167880898734,0.8398787347116118,3439.691441978506,3439.691441978506,2068.5,3104.5,4137,6209,-0.0010412461972193086,0.0,0.0,0.0,0.0,
playground,estimated,DSC_0589.png,,12,1,True,-0.3451002281215662,-0.1719233268675894,0.11044917587199135,0.7081643825046481,-0.03764883778943279,0.7050430996505925,0.1927829687031611,0.9709431959163602,-0.14178870646747765,-0.6792186204233557,0.23633001357599404,0.6948454435004694,3439.691441978506,3439.691441978506,2068.5,3104.5,4137,6209,-0.0010412461972193086,0.0,0.0,0.0,0.0,
playground,estimated,DSC_0590.png,,13,1,True,-0.40554050711134004,-0.18423983967624327,0.1803049371267575,0.632214112313918,-0.01626031749180283,0.7746230814184346,0.2043115602456433,0.9678915981256373,-0.14643305852091829,-0.7473701241962484,0.25084149647310267,0.615236898361939,3439.691441978506,3439.691441978506,2068.5,3104.5,4137,6209,-0.0010412461972193086,0.0,0.0,0.0,0.0,
playground,estimated,DSC_0591.png,,14,1,True,0.017809796562226286,-0.15886186582599213,0.001737445651198246,0.9765838833246633,0.07459472781964582,0.20179084570919792,-0.017851209339664418,0.9628266582388283,-0.26952951695456645,-0.21439508659396056,0.2596159717085284,0.9416126029733272,3439.691441978506,3439.691441978506,2068.5,3104.5,4137,6209,-0.0010412461972193086,0.0,0.0,0.0,0.0,
playground,estimated,DSC_0592.png,,15,1,True,0.2622860899809519,-0.2001143115464631,-0.2012996617622422,0.9938842684953929,-0.04431230786628025,-0.1011458363401174,0.013372315611517648,0.9575103901318707,-0.28808858700875134,0.10961405937453361,0.2849741605147332,0.9522470718392151,3439.691441978506,3439.691441978506,2068.5,3104.5,4137,6209,-0.0010412461972193086,0.0,0.0,0.0,0.0,
playground,estimated,DSC_0576.png,,16,2,True,-0.13453719625975805,-0.21127130435314107,0.26737541833515993,0.9255361289259315,-0.07490266921413063,0.37117713318225853,0.06408689062646233,0.9970848879782694,0.041407687875487716,-0.3731966566069871,-0.014536722806756885,0.9276383665995096,3443.9370751188267,3443.9370751188267,3107.0,2069.5,6214,4139,0.0007454173380999383,0.0,0.0,0.0,0.0,
playground,estimated,DSC_0577.png,,17,2,True,-0.1662197861445704,-0.20448967932054657,0.19997039761290958,0.9871650894285721,-0.026208720452572467,0.1575378976174248,0.024420432975328466,0.9996136102389567,0.013276772135453594,-0.15782499379621975,-0.00925922228257734,0.9874236872467386,3443.9370751188267,3443.9370751188267,3107.0,2069.5,6214,4139,0.0007454173380999383,0.0,0.0,0.0,0.0,
playground,estimated,DSC_0578.png,,18,2,True,-0.1971609233566595,-0.1965287492962681,0.12208556606735771,1.0,0.0,0.0,0.0,1.0,0.0,0.0,0.0,1.0,3443.9370751188267,3443.9370751188267,3107.0,2069.5,6214,4139,0.0007454173380999383,0.0,0.0,0.0,0.0,
playground,estimated,DSC_0594.png,,19,2,True,0.11824314599372623,-0.19569855417475587,0.14555631860087928,-0.08370558906147041,0.05673021705226096,-0.9948743924903666,-0.09358046585403636,0.9935185109394784,0.06452646612935736,0.9920867254279809,0.09850203497291274,-0.07785421206191279,3443.9370751188267,3443.9370751188267,3107.0,2069.5,6214,4139,0.0007454173380999383,0.0,0.0,0.0,0.0,
playground,estimated,DSC_0575.png,,20,3,True,-0.06916265997672995,-0.2084598148256039,0.24714780545786422,0.6469309176394047,-0.12753621832741102,0.7518077552253507,0.1690715520266003,0.9853655120886892,0.021670668690925966,-0.7435692288533425,0.11308987841950421,0.6590261613179764,3436.910050825554,3436.910050825554,3104.5,2068.5,6209,4137,0.0011416030880967677,0.0,0.0,0.0,0.0,
playground,estimated,DSC_0579.png,,21,3,True,-0.23793092446917322,-0.1877882545859554,0.04968681287158091,0.9864338551790877,0.01670380985384583,-0.1633071709781575,-0.019852591328465865,0.9996467907129555,-0.017668288961683154,0.1629543616294683,0.020670668921328496,0.9864170514910401,3436.910050825554,3436.910050825554,3104.5,2068.5,6209,4137,0.0011416030880967677,0.0,0.0,0.0,0.0,
playground,estimated,DSC_0582.png,,22,3,True,-0.3415566821173328,-0.15951690374234187,-0.17859861264655608,-0.07992558064895405,0.12097910149088828,-0.9894321394418037,-0.14114427510688746,0.9812329425580161,0.13137810336387254,0.9867574145464928,0.15015315328488596,-0.061350105102817354,3436.910050825554,3436.910050825554,3104.5,2068.5,6209,4137,0.0011416030880967677,0.0,0.0,0.0,0.0,
playground,estimated,DSC_0583.png,,23,3,True,-0.27173185658441656,-0.1588493087866996,-0.18509809596335014,-0.44028663803244084,0.10068198963542935,-0.8921943809132304,-0.11779200204206375,0.9786271134818788,0.1685645781682743,0.8900970287699053,0.17931009375151502,-0.41901690855359286,3436.910050825554,3436.910050825554,3104.5,2068.5,6209,4137,0.0011416030880967677,0.0,0.0,0.0,0.0,
playground,estimated,DSC_0593.png,,24,3,True,0.22567104820631972,-0.22609916696202975,-0.20536864047619255,0.718612649949714,0.07021644154297589,-0.6918565679888367,-0.054598666922903244,0.997515054798152,0.0445275310485751,0.6932639071107711,0.005776399231510736,0.7206606609975506,3436.910050825554,3436.910050825554,3104.5,2068.5,6209,4137,0.0011416030880967677,0.0,0.0,0.0,0.0,
playground,estimated,DSC_0599.png,,25,3,True,-0.15158903705822493,-0.13749995525069375,-0.3751214522601098,0.9394683392339425,-0.023881629168481272,-0.34180243908620234,-0.030307951159626124,0.9878655752219886,-0.15232541937521568,0.3412926422786223,0.15346424039361337,0.9273446280897343,3436.910050825554,3436.910050825554,3104.5,2068.5,6209,4137,0.0011416030880967677,0.0,0.0,0.0,0.0,
playground,estimated,DSC_0587.png,,26,4,True,-0.09268932154996723,-0.1435898132854981,-0.05140968295652922,0.9384988882847309,-0.02550542682276709,0.3443389462301828,0.0921473431173893,0.9795993607626888,-0.1785888001800159,-0.3327592280384277,0.19933530945600178,0.9217031683570094,3461.891747296294,3461.891747296294,2069.5,3107.0,4139,6214,0.0,0.0,0.0,0.0,0.0,
playground,estimated,DSC_0574.png,,27,5,True,-0.024720538663013082,-0.20292872513131754,0.21314442540110343,0.3936790335926226,-0.11585341866097365,0.9119182002209101,0.16058214350683014,0.9854399682347617,0.055869886273588444,-0.9051133595833898,0.12444297645924843,0.40655104465937897,3438.6806451074563,3438.6806451074563,3110.5,2073.0,6221,4146,0.0011492533633454217,0.0,0.0,0.0,0.0,
playground,estimated,DSC_0580.png,,28,5,True,-0.2964712727390373,-0.18112943649655558,-0.019389804920785625,0.8890773715466368,0.03603261713403768,-0.4563365840103064,-0.051061396018383685,0.9984821731832719,-0.020641794298567537,0.4549001662347216,0.04165333525280345,0.8895677818030171,3438.6806451074563,3438.6806451074563,3110.5,2073.0,6221,4146,0.0011492533633454217,0.0,0.0,0.0,0.0,
playground,estimated,DSC_0581.png,,29,5,True,-0.3546861875044374,-0.1694470100776595,-0.11503826509165181,0.5091134122414687,0.08211502101458595,-0.8567733987464962,-0.1183494695052679,0.9926619344324532,0.024813040858421953,0.8525238627414896,0.088766025328355,0.5150957738166134,3438.6806451074563,3438.6806451074563,3110.5,2073.0,6221,4146,0.0011492533633454217,0.0,0.0,0.0,0.0,
playground,estimated,DSC_0584.png,,30,5,True,-0.20926329960462126,-0.16222582871664606,-0.15298052706180992,-0.7355573135092508,0.0671656741562846,-0.6741247738795737,-0.09480176318962266,0.9750772209490359,0.2005917218691832,0.6707965893169057,0.2114549252238804,-0.7108577567695036,3438.6806451074563,3438.6806451074563,3110.5,2073.0,6221,4146,0.0011492533633454217,0.0,0.0,0.0,0.0,
playground,estimated,DSC_0595.png,,31,5,True,-0.04155722219076468,-0.20935086267267267,0.26940541515259003,-0.8611473354938135,0.030767367471710758,-0.5074235269188515,-0.032372979279684994,0.9928216961821066,0.11513934949721517,0.5073236213547155,0.11557875535298644,-0.8539697269380173,3438.6806451074563,3438.6806451074563,3110.5,2073.0,6221,4146,0.0011492533633454217,0.0,0.0,0.0,0.0,
playground,estimated,DSC_0598.png,,32,5,True,-0.32148369938407423,-0.13961292497363947,-0.346292752598624,0.8655267081526693,0.0068802934678854205,0.5008155139731594,0.07909588240691896,0.9854812519963055,-0.15023496047879487,-0.4945779603466726,0.16964481579343937,0.8524161411034725,3438.6806451074563,3438.6806451074563,3110.5,2073.0,6221,4146,0.0011492533633454217,0.0,0.0,0.0,0.0,
playground,estimated,DSC_0572.png,,33,6,True,-0.02920419713740009,-0.19140140748289958,0.09987327401597403,-0.3783754170188822,-0.04785821713021498,0.924414211730274,0.14309299978328188,0.9836337996209141,0.10949402566507876,-0.9145252523625624,0.17370705022088317,-0.3653346732719889,3435.081911473582,3435.081911473582,3107.5,2070.0,6215,4140,-0.0004078816604858705,0.0,0.0,0.0,0.0,
playground,estimated,DSC_0573.png,,34,6,True,-0.011648355886496594,-0.19722701753692204,0.1617900608130107,-0.06799793288931233,-0.08897687256767157,0.9937099160574261,0.15587921334969196,0.9828356685694566,0.09866974933134486,-0.9854328754249382,0.16160805900605807,-0.05296114893044379,3435.081911473582,3435.081911473582,3107.5,2070.0,6215,4140,-0.0004078816604858705,0.0,0.0,0.0,0.0,
playground,estimated,DSC_0585.png,,35,6,True,-0.1558439822835157,-0.16883652552123285,-0.0967356834005627,-0.9306793907180901,0.02941796234172194,-0.36465114175642754,-0.057949402490727824,0.97232244080661,0.226342523302282,0.36121702402236366,0.23178363746290953,-0.9032157034512245,3435.081911473582,3435.081911473582,3107.5,2070.0,6215,4140,-0.0004078816604858705,0.0,0.0,0.0,0.0,
playground,estimated,DSC_0586.png,,36,6,True,-0.12279954334497886,-0.1740852263594812,-0.0490345265365169,-0.998628257803736,-0.03470914433821283,0.039203035790410186,-0.024463964012086677,0.9712627205572995,0.23674932337907237,-0.046293813633037424,0.23546550268551517,-0.970779521757833,3435.081911473582,3435.081911473582,3107.5,2070.0,6215,4140,-0.0004078816604858705,0.0,0.0,0.0,0.0,
playground,estimated,DSC_0605.png,,37,6,True,-0.20581066963057862,-0.19727179962274724,0.12493040823654251,-0.999656094180162,-0.025848988313963976,-0.004418503322137984,-0.026133542775051727,0.9959442638059014,0.08609332920816638,0.002175157577678497,0.08617919235677325,-0.9962772784191392,3435.081911473582,3435.081911473582,3107.5,2070.0,6215,4140,-0.0004078816604858705,0.0,0.0,0.0,0.0,
relief,estimated,DSC_0440.png,,0,0,True,-1.4430626266062714,0.1348802555304319,-0.5284486597119623,0.05056583160149042,0.07830928579624592,0.9956458971102787,-0.2625799585604295,0.9628906124159106,-0.0623973868340319,-0.9635843824164302,-0.25828148264905587,0.069251813577354,3412.90599945201,3412.90599945201,3106.0,2070.5,6212,4141,0.0005017150050178232,-0.0007122435372132968,0.0,0.0,0.0,
relief,estimated,DSC_0441.png,,1,0,True,-1.3329660075713634,0.04422858934597927,-0.8293684964718647,0.05357041775491478,0.08236237097888918,0.9951616201342873,-0.26983267685411416,0.960711799687654,-0.06498587879418247,-0.9614159021169283,-0.2650458031881373,0.07368979148462884,3412.90599945201,3412.90599945201,3106.0,2070.5,6212,4141,0.0005017150050178232,-0.0007122435372132968,0.0,0.0,0.0,
relief,estimated,DSC_0442.png,,2,0,True,-1.2641038876752102,-0.035351079962854706,-1.0991807038949892,0.09483536721300478,0.08516259838619031,0.9918435284669085,-0.2733358968540218,0.9602686861041988,-0.056316409497794026,-0.9572323336664836,-0.2657656530175187,0.11434542867814956,3412.90599945201,3412.90599945201,3106.0,2070.5,6212,4141,0.0005017150050178232,-0.0007122435372132968,0.0,0.0,0.0,
relief,estimated,DSC_0443.png,,3,0,True,-1.2432996493241535,-0.09876152196259046,-1.3236212375354481,0.30508673231897676,0.07714825339723577,0.9491945178732784,-0.27698819753946935,0.9608110840312963,0.010936143124571418,-0.9111529093334254,-0.26625215079011305,0.3144998696547806,3412.90599945201,3412.90599945201,3106.0,2070.5,6212,4141,0.0005017150050178232,-0.0007122435372132968,0.0,0.0,0.0,
relief,estimated,DSC_0444.png,,4,0,True,-1.1834301537348104,-0.07224251217928615,-1.2095702871926595,0.5919643172203128,0.08080774945753673,0.8019029584466545,-0.26246372727522377,0.960053449993131,0.09700600507743656,-0.762030864862235,-0.2678945329488727,0.5895264881355371,3412.90599945201,3412.90599945201,3106.0,2070.5,6212,4141,0.0005017150050178232,-0.0007122435372132968,0.0,0.0,0.0,
relief,estimated,DSC_0445.png,,5,0,True,-0.8287530244335372,0.05721564864145686,-0.625441335243983,-0.30742196754153417,0.07550662201509431,0.9485728669452662,-0.22556082363741345,0.9626543811037528,-0.14972928030870347,-0.9244533783338691,-0.25999094709935633,-0.27890976804959,3412.90599945201,3412.90599945201,3106.0,2070.5,6212,4141,0.0005017150050178232,-0.0007122435372132968,0.0,0.0,0.0,
relief,estimated,DSC_0446.png,,6,0,True,-0.43843055545338944,0.09974186166708515,-0.3421953054679638,-0.6112931727004145,0.07988945075028547,0.787361627632868,-0.16194544333391336,0.9612119295866604,-0.22326060961054295,-0.7746575568554429,-0.26398731423897387,-0.5746445575550592,3412.90599945201,3412.90599945201,3106.0,2070.5,6212,4141,0.0005017150050178232,-0.0007122435372132968,0.0,0.0,0.0,
relief,estimated,DSC_0447.png,,7,0,True,-0.041804859423350695,0.08093771380503992,-0.28479985840474675,-0.8457523235755835,0.0823363565138897,0.5271847224289786,-0.07085313287723109,0.9619426258962731,-0.26390569915267886,-0.5288504899572118,-0.2605515474523236,-0.8077314221894654,3412.90599945201,3412.90599945201,3106.0,2070.5,6212,4141,0.0005017150050178232,-0.0007122435372132968,0.0,0.0,0.0,
relief,estimated,DSC_0448.png,,8,0,True,0.27436144973656146,0.012458945478659667,-0.43282266290863264,-0.9956522419832761,0.0826294844504703,0.042999782942774366,0.06861177740798466,0.9627841807644969,-0.2614173775221413,-0.0630002939246587,-0.2573305064874471,-0.9642675839186552,3412.90599945201,3412.90599945201,3106.0,2070.5,6212,4141,0.0005017150050178232,-0.0007122435372132968,0.0,0.0,0.0,
relief,estimated,DSC_0449.png,,9,0,True,0.01935574378104851,0.019990408348068468,-0.4882091585571368,-0.9938158462712854,0.08808744790428745,0.06760669509596537,0.06749437569305868,0.9626683068243055,-0.2621340120736512,-0.08817353883049966,-0.2559498633672898,-0.9626604253278372,3412.90599945201,3412.90599945201,3106.0,2070.5,6212,4141,0.0005017150050178232,-0.0007122435372132968,0.0,0.0,0.0,
relief,estimated,DSC_0450.png,,10,0,True,-0.2703416071279601,0.020016432589919236,-0.5760736231078771,-0.9950018902176143,0.07739270802980817,0.06309997786994491,0.058234774383590995,0.9630593579237673,-0.2629170670914182,-0.08111688798189269,-0.2579283657515666,-0.9627528284169615,3412.90599945201,3412.90599945201,3106.0,2070.5,6212,4141,0.0005017150050178232,-0.0007122435372132968,0.0,0.0,0.0,
relief,estimated,DSC_0451.png,,11,0,True,-0.6088572511220763,0.032919321037128836,-0.6345900723960282,-0.9962759624677109,0.08332549372489413,0.02216007004814028,0.07458906847758075,0.9618347036877432,-0.2632688239149445,-0.04325132914353761,-0.26063550195131496,-0.9644679661087261,3412.90599945201,3412.90599945201,3106.0,2070.5,6212,4141,0.0005017150050178232,-0.0007122435372132968,0.0,0.0,0.0,
relief,estimated,DSC_0452.png,,12,0,True,0.6098877687914009,-0.17313633451622962,-1.0070983485458287,0.7148262167664206,0.08695497433183426,-0.6938748534587174,0.12901980678171632,0.9588059738835821,0.25307112419864136,0.6872971477326346,-0.2704254738076752,0.6741607329372421,3412.90599945201,3412.90599945201,3106.0,2070.5,6212,4141,0.0005017150050178232,-0.0007122435372132968,0.0,0.0,0.0,
relief,estimated,DSC_0453.png,,13,0,True,0.5698263957894597,-0.09474086758834317,-0.729390026775867,0.3589760838741225,0.08325028076086206,-0.9296265712422579,0.22014037125336788,0.9603612779422092,0.1710100370552448,0.9070139955650235,-0.26603685192552645,0.3264199829463986,3412.90599945201,3412.90599945201,3106.0,2070.5,6212,4141,0.0005017150050178232,-0.0007122435372132968,0.0,0.0,0.0,
relief,estimated,DSC_0454.png,,14,0,True,0.13197273807142215,0.0881988877796238,-0.2043376214717293,-0.0597397742176613,0.09112284217172897,-0.9940461694564138,0.2733838550281903,0.9592437703754774,0.07150284473896107,0.9600481379526489,-0.2674846100813741,-0.0822165201359617,3412.90599945201,3412.90599945201,3106.0,2070.5,6212,4141,0.0005017150050178232,-0.0007122435372132968,0.0,0.0,0.0,
relief,estimated,DSC_0455.png,,15,0,True,0.07576153556546757,-0.016374496714762436,-0.6014577858628333,-0.027758163094218302,0.09111446076331661,-0.9954534843082548,0.26961206722297404,0.9596138215789102,0.08031591774034669,0.9625688638167087,-0.26615684938496253,-0.05120267508715792,3412.90599945201,3412.90599945201,3106.0,2070.5,6212,4141,0.0005017150050178232,-0.0007122435372132968,0.0,0.0,0.0,
relief,estimated,DSC_0456.png,,16,0,True,0.06076891992649688,-0.12027972837100882,-0.981224818832133,-0.047141953212835874,0.09646742235345052,-0.9942191270900796,0.2707974754652938,0.9592865158493403,0.08023782020504383,0.9614813381074553,-0.26544946210929554,-0.07134577448583257,3412.90599945201,3412.90599945201,3106.0,2070.5,6212,4141,0.0005017150050178232,-0.0007122435372132968,0.0,0.0,0.0,
relief,estimated,DSC_0457.png,,17,0,True,0.014136266766918901,-0.20381400745634634,-1.2952020514974278,-0.04923241074237805,0.08884460226843056,-0.9948280285457675,0.2737209828971953,0.9591023152422926,0.07210806070521772,0.960548277419874,-0.26875525212475093,-0.07153755098599968,3412.90599945201,3412.90599945201,3106.0,2070.5,6212,4141,0.0005017150050178232,-0.0007122435372132968,0.0,0.0,0.0,
relief,estimated,DSC_0427.png,,18,1,True,-1.0636396417281786,-0.04191161909811572,-1.2709784941064426,0.8669613077208608,0.1431282755986802,0.47738075750817943,-0.12269197620918887,0.9896888279643368,-0.07391009928596608,-0.48303702745112487,0.0055064077878217155,0.8755826115133029,3428.334114339988,3428.334114339988,2070.5,3106.0,4141,6212,-0.0050194168579191425,0.002534368225756998,0.0,0.0,0.0,
relief,estimated,DSC_0428.png,,19,1,True,-0.7169111941321848,-0.089991956916612,-1.331754150656444,0.95476760397421,0.08822360590362999,0.28396376135469653,-0.0807256834323839,0.9960108182338981,-0.03802386086939729,-0.2861855804119428,0.01338078183073494,0.9580807733390112,3428.334114339988,3428.334114339988,2070.5,3106.0,4141,6212,-0.0050194168579191425,0.002534368225756998,0.0,0.0,0.0,
relief,estimated,DSC_0429.png,,20,1,True,-0.4160743856218985,-0.11952135705836842,-1.3459791064504347,0.993138578336316,0.029237123606468213,0.11322965522927833,-0.028417478468599433,0.9995569957446155,-0.008846421620372696,-0.1134381379325658,0.005568021301935634,0.993529459050497,3428.334114339988,3428.334114339988,2070.5,3106.0,4141,6212,-0.0050194168579191425,0.002534368225756998,0.0,0.0,0.0,
relief,estimated,DSC_0430.png,,21,1,True,-0.20396702875976458,-0.13760145216308323,-1.3460406148736166,1.0,0.0,0.0,0.0,1.0,0.0,0.0,0.0,1.0,3428.334114339988,3428.334114339988,2070.5,3106.0,4141,6212,-0.0050194168579191425,0.002534368225756998,0.0,0.0,0.0,
relief,estimated,DSC_0431.png,,22,1,True,0.037914652339588864,-0.16466335293814396,-1.36909798382983,0.9968826479192859,-0.019907924967302704,-0.07634566654977426,0.020873271962416222,0.9997116952511208,0.011867303641233996,0.07608740234109773,-0.01342389293858091,0.9970107854498653,3428.334114339988,3428.334114339988,2070.5,3106.0,4141,6212,-0.0050194168579191425,0.002534368225756998,0.0,0.0,0.0,
relief,estimated,DSC_0432.png,,23,1,True,0.25991418532437455,-0.1677576607536769,-1.310252261086083,0.968419934645627,-0.06043071196204675,-0.2418903868133655,0.06694080140662738,0.9975802220367869,0.018778437317134827,0.2401702714492323,-0.034377749385252496,0.9701218537169477,3428.334114339988,3428.334114339988,2070.5,3106.0,4141,6212,-0.0050194168579191425,0.002534368225756998,0.0,0.0,0.0,
relief,estimated,DSC_0433.png,,24,1,True,0.44212268772229846,-0.1632799326464961,-1.239272850724479,0.9425388717267621,-0.08527070202065777,-0.32303155056580224,0.0958755464224919,0.9952476508462967,0.01702918327802018,0.3200443014368962,-0.047021493615494486,0.9462349730674391,3428.334114339988,3428.334114339988,2070.5,3106.0,4141,6212,-0.0050194168579191425,0.002534368225756998,0.0,0.0,0.0,
relief,estimated,DSC_0434.png,,25,1,True,0.6528247788320979,-0.1462618932059405,-1.1099670941386213,0.9077426093139678,-0.09942545180199247,-0.40757567980663284,0.11353937584099677,0.9934778041259005,0.010519640812108336,0.4038714713488762,-0.05582501449304397,0.9131108379530632,3428.334114339988,3428.334114339988,2070.5,3106.0,4141,6212,-0.0050194168579191425,0.002534368225756998,0.0,0.0,0.0,
relief,estimated,DSC_0435.png,,26,1,True,0.8051942687870131,-0.13054001322196554,-1.0070415945291697,0.8762277946447521,-0.11472032177917663,-0.46804283955945364,0.13725683163489938,0.9904337296092734,0.014198218966244694,0.4619365909532857,-0.07668295132000802,0.8835917105288562,3428.334114339988,3428.334114339988,2070.5,3106.0,4141,6212,-0.0050194168579191425,0.002534368225756998,0.0,0.0,0.0,
relief,estimated,DSC_0436.png,,27,1,True,0.769165188831488,-0.03298662781335199,-0.6579547855590014,0.7671654658456556,-0.14648907366443162,-0.6244982780686869,0.18666612111372752,0.9824227527959503,-0.0011375487604581916,0.6136879559207379,-0.11569998308454471,0.7810253559725591,3428.334114339988,3428.334114339988,2070.5,3106.0,4141,6212,-0.0050194168579191425,0.002534368225756998,0.0,0.0,0.0,
relief,estimated,DSC_0437.png,,28,1,True,-1.2376544923663622,-0.02336693217987283,-1.2599634986352122,0.7943227986189272,0.1706337899454816,0.5830397939446643,-0.1402449096244909,0.9853243293825865,-0.0973002119790829,-0.5910859979043774,-0.00448058652381126,0.8065960993122822,3428.334114339988,3428.334114339988,2070.5,3106.0,4141,6212,-0.0050194168579191425,0.002534368225756998,0.0,0.0,0.0,
relief,estimated,DSC_0438.png,,29,1,True,-1.4366203876793981,0.05109439827990488,-1.0538262964259848,0.7047324988201402,0.20698291095219387,0.6786090035362612,-0.1612347299695154,0.9781941744726568,-0.13091798531681925,-0.6909091597007372,-0.017153180507230505,0.7227380586631009,3428.334114339988,3428.334114339988,2070.5,3106.0,4141,6212,-0.0050194168579191425,0.002534368225756998,0.0,0.0,0.0,
relief,estimated,DSC_0439.png,,30,1,True,-1.550250199525306,0.11523634842847266,-0.8546094232834341,0.6085815550005983,0.2354948143584077,0.7577405118662675,-0.17246763480642696,0.9713727003884323,-0.16337071917685247,-0.7745214043894015,-0.0312613075603715,0.6317747421290956,3428.334114339988,3428.334114339988,2070.5,3106.0,4141,6212,-0.0050194168579191425,0.002534368225756998,0.0,0.0,0.0,
relief_2,estimated,DSC_0469.png,,0,0,True,0.7426382336705426,-0.08267343736440717,-0.7846769472562108,0.6352365231366426,0.08812970265713801,-0.767272907890559,0.17147811224475953,0.9525764005520903,0.2513830903863611,0.7530403818483066,-0.29125823013399665,0.5899990056643896,3415.2905484622115,3415.2905484622115,3106.0,2069.5,6212,4139,0.0005572822099833897,-7.205305041993527e-05,0.0,0.0,0.0,
relief_2,estimated,DSC_0470.png,,1,0,True,0.8087899075804713,-0.028435180570197314,-0.5722176486270504,0.2120949904314373,0.10012693627340141,-0.9721061216073021,0.2691953178739704,0.9502667785166358,0.1566107610681562,0.9394411082492722,-0.2949027742835209,0.17459312085893364,3415.2905484622115,3415.2905484622115,3106.0,2069.5,6212,4139,0.0005572822099833897,-7.205305041993527e-05,0.0,0.0,0.0,
relief_2,estimated,DSC_0471.png,,2,0,True,0.7560934560540503,0.05079538542814312,-0.31829345439469414,-0.13520951262439596,0.10774442427614216,-0.9849413823843914,0.3025337605164528,0.9510866437950865,0.06251015711364051,0.9434997145964842,-0.28952605242361373,-0.1611922874220475,3415.2905484622115,3415.2905484622115,3106.0,2069.5,6212,4139,0.0005572822099833897,-7.205305041993527e-05,0.0,0.0,0.0,
relief_2,estimated,DSC_0472.png,,3,0,True,0.6748412532055905,0.11576391416945779,-0.1228139785251206,-0.44060758544198153,0.11097179881419267,-0.8908143552496944,0.30631446371747656,0.9513584604473786,-0.03299286366274168,0.8438224961260877,-0.28740622749539696,-0.45316802118905364,3415.2905484622115,3415.2905484622115,3106.0,2069.5,6212,4139,0.0005572822099833897,-7.205305041993527e-05,0.0,0.0,0.0,
relief_2,estimated,DSC_0473.png,,4,0,True,0.4223141714131467,0.14309828786913026,-0.11081527842034793,-0.7655631182370015,0.11262968670201957,-0.6334253434057121,0.2625448686580711,0.953538556658299,-0.14776472145720057,0.5873527934185344,-0.2794257945133426,-0.7595642970967187,3415.2905484622115,3415.2905484622115,3106.0,2069.5,6212,4139,0.0005572822099833897,-7.205305041993527e-05,0.0,0.0,0.0,
relief_2,estimated,DSC_0474.png,,5,0,True,0.34081265620238244,0.12163176994017226,-0.21019859806255897,-0.945499957550763,0.11368341124961209,-0.30513261424855537,0.1875596966709606,0.9561479725627683,-0.22494980495391642,0.2661788692894374,-0.2699206116078566,-0.9253602936008427,3415.2905484622115,3415.2905484622115,3106.0,2069.5,6212,4139,0.0005572822099833897,-7.205305041993527e-05,0.0,0.0,0.0,
relief_2,estimated,DSC_0475.png,,6,0,True,0.48785694283955516,0.07348056457028714,-0.3249835183466139,-0.9715812438159388,0.11192604033878692,0.20857240507591948,0.050385241085310006,0.9587406657757466,-0.2797814562630149,-0.23128167706467453,-0.26132144435916155,-0.9371338690775151,3415.2905484622115,3415.2905484622115,3106.0,2069.5,6212,4139,0.0005572822099833897,-7.205305041993527e-05,0.0,0.0,0.0,
relief_2,estimated,DSC_0476.png,,7,0,True,0.19313293752564997,0.07968505177134057,-0.4046082109773842,-0.9735390845187186,0.10897028234130493,0.20086594654373696,0.050352042552907976,0.9596703464332578,-0.27658181065901866,-0.22290429050425487,-0.2591491920557102,-0.9397634667998471,3415.2905484622115,3415.2905484622115,3106.0,2069.5,6212,4139,0.0005572822099833897,-7.205305041993527e-05,0.0,0.0,0.0,
relief_2,estimated,DSC_0477.png,,8,0,True,-0.1034290665374907,0.08083482881086745,-0.5017382552871604,-0.979683838058999,0.10827121451373403,0.1688103123440929,0.05689744184290071,0.9572135962951115,-0.28373369940758375,-0.19230771840392405,-0.26836444469322007,-0.9439270449917074,3415.2905484622115,3415.2905484622115,3106.0,2069.5,6212,4139,0.0005572822099833897,-7.205305041993527e-05,0.0,0.0,0.0,
relief_2,estimated,DSC_0478.png,,9,0,True,-0.3436265930899792,0.08234747810642094,-0.5740928402999692,-0.9806660448841706,0.10352323254091621,0.1660633877033638,0.05278098483986386,0.9570872500531606,-0.28495291439992826,-0.18843639789215985,-0.2706786583939675,-0.9440470262860159,3415.2905484622115,3415.2905484622115,3106.0,2069.5,6212,4139,0.0005572822099833897,-7.205305041993527e-05,0.0,0.0,0.0,
relief_2,estimated,DSC_0480.png,,10,0,True,0.05921709126140801,0.05153643167447241,-0.5481206989914301,-0.9786537008368046,0.1100420801964958,0.17357325377043,0.05842639034626429,0.9586951716311976,-0.2783701219637887,-0.19703626759947537,-0.2622866913837922,-0.9446599392233226,3415.2905484622115,3415.2905484622115,3106.0,2069.5,6212,4139,0.0005572822099833897,-7.205305041993527e-05,0.0,0.0,0.0,
relief_2,estimated,DSC_0481.png,,11,0,True,-0.320475107112973,-0.06698556277284241,-1.0842808305182234,0.892547843510463,0.07030192652317865,0.44543909367269463,-0.18542925773732197,0.9576181922307812,0.2204163974926469,-0.41106488225073157,-0.27932962076332024,0.8677560864346685,3415.2905484622115,3415.2905484622115,3106.0,2069.5,6212,4139,0.0005572822099833897,-7.205305041993527e-05,0.0,0.0,0.0,
relief_2,estimated,DSC_0482.png,,12,0,True,-0.35740897793400306,-0.02053677301635461,-0.9338755270623111,0.7256836862934708,0.06470526846399793,0.6849791352154615,-0.23285059909387407,0.9599172955214453,0.15601084661143927,-0.6474285952513554,-0.27271232827247843,0.7116629820772333,3415.2905484622115,3415.2905484622115,3106.0,2069.5,6212,4139,0.0005572822099833897,-7.205305041993527e-05,0.0,0.0,0.0,
relief_2,estimated,DSC_0483.png,,13,0,True,-0.3387845550525048,0.037992331259091974,-0.7259064371007291,0.3805902452154134,0.07007280546899139,0.9220850650458322,-0.27272625195493605,0.9612798003212981,0.039516287640135914,-0.8836127300698448,-0.2665163173765353,0.3849644085244318,3415.2905484622115,3415.2905484622115,3106.0,2069.5,6212,4139,0.0005572822099833897,-7.205305041993527e-05,0.0,0.0,0.0,
relief_2,estimated,DSC_0484.png,,14,0,True,-0.1779792502193333,0.15360784209333736,-0.27651824239411765,0.18867180574063303,0.07896025838894112,0.9788606781936439,-0.2712351413494751,0.9621796251619301,-0.02533509463921202,-0.9438402660491335,-0.26072139635710606,0.2029529641712623,3415.2905484622115,3415.2905484622115,3106.0,2069.5,6212,4139,0.0005572822099833897,-7.205305041993527e-05,0.0,0.0,0.0,
relief_2,estimated,DSC_0485.png,,15,0,True,-0.1255744159215378,0.0855493311213351,-0.4940464411627185,0.16780203904172142,0.0790998809455391,0.9826421955767227,-0.2757402879094547,0.9607560412589606,-0.030250996810377087,-0.9464722760424901,-0.26587786297247834,0.18302784669043237,3415.2905484622115,3415.2905484622115,3106.0,2069.5,6212,4139,0.0005572822099833897,-7.205305041993527e-05,0.0,0.0,0.0,
relief_2,estimated,DSC_0486.png,,16,0,True,-0.08287796566027979,0.030378693768805927,-0.6699274443991663,0.1615892693275669,0.07614570133955025,0.9839160229438747,-0.27329773475574287,0.9614762667798735,-0.02952518579818207,-0.9482601205447602,-0.2641310670605515,0.17617469511224293,3415.2905484622115,3415.2905484622115,3106.0,2069.5,6212,4139,0.0005572822099833897,-7.205305041993527e-05,0.0,0.0,0.0,
relief_2,estimated,DSC_0487.png,,17,0,True,-0.03403104930031956,-0.03004962068914123,-0.8595605560807061,0.18235197236129908,0.07832863895403021,0.9801083524261761,-0.27092170233870705,0.9622367001279558,-0.026494605653972297,-0.9451715132069106,-0.26070127971774837,0.19668668835406045,3415.2905484622115,3415.2905484622115,3106.0,2069.5,6212,4139,0.0005572822099833897,-7.205305041993527e-05,0.0,0.0,0.0,
relief_2,estimated,DSC_0488.png,,18,0,True,0.01810557438993398,-0.09398001207103991,-1.062961305072376,0.16705525780065256,0.07655816396764274,0.9829706955810338,-0.2673677800306955,0.9631405952364033,-0.029574719087837764,-0.9490031670350818,-0.2578740803911289,0.1813668867787459,3415.2905484622115,3415.2905484622115,3106.0,2069.5,6212,4139,0.0005572822099833897,-7.205305041993527e-05,0.0,0.0,0.0,
relief_2,estimated,DSC_0489.png,,19,0,True,0.060147702055122904,-0.15521922420238451,-1.2606414178249594,0.17179921870783066,0.07811821544234207,0.9820298227994317,-0.26951705856723973,0.962546166950187,-0.029418219367693454,-0.9475471405648599,-0.2596197621630651,0.1864188710988013,3415.2905484622115,3415.2905484622115,3106.0,2069.5,6212,4139,0.0005572822099833897,-7.205305041993527e-05,0.0,0.0,0.0,
relief_2,estimated,DSC_0458.png,,20,1,True,-0.28660113861931785,-0.07057490653372793,-1.2625275505802904,0.9891943499606786,0.04562409841966245,0.1393304692063572,-0.04312819703133031,0.9988512873176556,-0.020882156131227937,-0.14012314807588874,0.014647438931607942,0.9900257349715953,3421.1831741168257,3421.1831741168257,2069.5,3106.0,4139,6212,-0.001829441750432206,0.00035510057238512726,0.0,0.0,0.0,
relief_2,estimated,DSC_0459.png,,21,1,True,-0.5639304085263571,0.04639858267300351,-0.9450067318149241,0.9189218917234607,0.12483255784251551,0.37416492274646934,-0.10909908301885157,0.9920304553946501,-0.06303146558607822,-0.37905137777855663,0.017099943625001966,0.9252176203100542,3421.1831741168257,3421.1831741168257,2069.5,3106.0,4139,6212,-0.001829441750432206,0.00035510057238512726,0.0,0.0,0.0,
relief_2,estimated,DSC_0460.png,,22,1,True,-0.4288138419944245,0.011869326090784288,-1.0217720523503835,0.9511803202278539,0.09096064176027324,0.2949273809970794,-0.08316144299780051,0.9957762660831241,-0.03890761241807145,-0.2972207476098544,0.012481568655843213,0.954727205873033,3421.1831741168257,3421.1831741168257,2069.5,3106.0,4139,6212,-0.001829441750432206,0.00035510057238512726,0.0,0.0,0.0,
relief_2,estimated,DSC_0461.png,,23,1,True,-0.13854832771059516,-0.051336988209117584,-1.146099278018968,1.0,0.0,0.0,0.0,1.0,0.0,0.0,0.0,1.0,3421.1831741168257,3421.1831741168257,2069.5,3106.0,4139,6212,-0.001829441750432206,0.00035510057238512726,0.0,0.0,0.0,
relief_2,estimated,DSC_0462.png,,24,1,True,0.04203399396542195,-0.07117981443487267,-1.1560004966089437,0.9961810935217216,-0.020390952850219413,-0.0848966309798399,0.020548531211986285,0.9997883737735642,0.0009826150018514375,0.08485862817001585,-0.002723363558536935,0.9963892796071377,3421.1831741168257,3421.1831741168257,2069.5,3106.0,4139,6212,-0.001829441750432206,0.00035510057238512726,0.0,0.0,0.0,
relief_2,estimated,DSC_0463.png,,25,1,True,0.2723577262079507,-0.08267019576560866,-1.1217191525602894,0.9600270913917562,-0.073472671232798,-0.2700921146124072,0.07886559872282585,0.9968432297966976,0.009153826881612502,0.2685669397598572,-0.030088898125479713,0.9627909726818277,3421.1831741168257,3421.1831741168257,2069.5,3106.0,4139,6212,-0.001829441750432206,0.00035510057238512726,0.0,0.0,0.0,
relief_2,estimated,DSC_0464.png,,26,1,True,0.4422734133089909,-0.08528481505906944,-1.0718996626931163,0.9241970260000827,-0.09472302994924918,-0.3699829789731363,0.10613198672715067,0.9942960588548045,0.010552191201401995,0.3668730823131488,-0.04901933233976853,0.9289786039145427,3421.1831741168257,3421.1831741168257,2069.5,3106.0,4139,6212,-0.001829441750432206,0.00035510057238512726,0.0,0.0,0.0,
relief_2,estimated,DSC_0465.png,,27,1,True,0.6672779503173795,-0.05254677266107078,-0.8867325632544804,0.8368671793680955,-0.13758352277639507,-0.5298340290665795,0.1654426217774574,0.9862055812769142,0.005224017387519174,0.5218065379006753,-0.09202893957175151,0.8480852618017896,3421.1831741168257,3421.1831741168257,2069.5,3106.0,4139,6212,-0.001829441750432206,0.00035510057238512726,0.0,0.0,0.0,
relief_2,estimated,DSC_0466.png,,28,1,True,0.8419305077527315,-0.030514919904753274,-0.750174855479154,0.7683968204097622,-0.15590259060782286,-0.6206937317437137,0.19628051333416624,0.980542235599232,-0.003299134937587385,0.6091307630299457,-0.11929503949381048,0.7840461766265596,3421.1831741168257,3421.1831741168257,2069.5,3106.0,4139,6212,-0.001829441750432206,0.00035510057238512726,0.0,0.0,0.0,
relief_2,estimated,DSC_0467.png,,29,1,True,1.0462122056296814,0.007509830853794255,-0.5540433958206015,0.6457647732774014,-0.1848074137358201,-0.7408333668391724,0.24639413258988968,0.9687963381869924,-0.026899563950937747,0.7226878918449251,-0.16516620399994714,0.6711500100849181,3421.1831741168257,3421.1831741168257,2069.5,3106.0,4139,6212,-0.001829441750432206,0.00035510057238512726,0.0,0.0,0.0,
relief_2,estimated,DSC_0468.png,,30,1,True,1.1988331907395275,0.06288740809131119,-0.31561760585611365,0.3912563994206173,-0.20259934417802627,-0.8977037014800866,0.3054909470988666,0.9487458106186482,-0.08097325530199302,0.8680977543762294,-0.24255904966048558,0.4330951353626016,3421.1831741168257,3421.1831741168257,2069.5,3106.0,4139,6212,-0.001829441750432206,0.00035510057238512726,0.0,0.0,0.0,
terrace,estimated,DSC_0259.png,,0,0,True,0.13727220766304274,-0.2677149304050064,-0.8655699976660484,0.9267826503184163,0.017487450105830724,0.37519076235638865,-0.020707078996052158,0.9997752279968998,0.004550864005683674,-0.3750268469699513,-0.011986766559128972,0.9269364495364467,3408.3946302371514,3408.3946302371514,3103.0,2066.5,6206,4133,-0.0024836565618577616,0.0,0.0,0.0,0.0,
terrace,estimated,DSC_0276.png,,1,0,True,0.5499375024419126,-0.23103526360947332,-0.5748821006106984,0.8729326857980645,-0.06028020464971106,-0.4841020791039494,0.052661218645189085,0.9981814885162864,-0.029334485409061063,0.4849900226975614,0.00011362570035210358,0.8745196767214669,3408.3946302371514,3408.3946302371514,3103.0,2066.5,6206,4133,-0.0024836565618577616,0.0,0.0,0.0,0.0,
terrace,estimated,DSC_0277.png,,2,0,True,0.42864163211229356,-0.2436012217973504,-0.6808871198655356,0.9218237503625122,-0.04544658599841137,-0.3849358142452865,0.04618654288348286,0.9989059494923634,-0.0073285281763902175,0.38484773160831404,-0.011023243163830946,0.9229142493136002,3408.3946302371514,3408.3946302371514,3103.0,2066.5,6206,4133,-0.0024836565618577616,0.0,0.0,0.0,0.0,
terrace,estimated,DSC_0278.png,,3,0,True,0.3207471001039345,-0.25397131630768277,-0.7664135817377438,1.0,0.0,0.0,0.0,1.0,0.0,0.0,0.0,1.0,3408.3946302371514,3408.3946302371514,3103.0,2066.5,6206,4133,-0.0024836565618577616,0.0,0.0,0.0,0.0,
terrace,estimated,DSC_0279.png,,4,0,True,0.1605516203377583,-0.2628168710940234,-0.8157202966098632,0.9596378966571062,0.008680942543222044,0.28110451532497044,-0.00917257366888916,0.9999578372288009,0.0004331939377657133,-0.2810889026479239,-0.002994161194757771,0.9596770622490285,3408.3946302371514,3408.3946302371514,3103.0,2066.5,6206,4133,-0.0024836565618577616,0.0,0.0,0.0,0.0,
terrace,estimated,DSC_0283.png,,5,0,True,0.09646844155184826,-0.14710783268889835,0.43319818681894917,0.9905430195079076,-0.06736040982749861,-0.11952866472954668,0.06432590204558652,0.9975054203467387,-0.029070856624766477,0.12118871577081158,0.021107144921745074,0.9924050501700774,3408.3946302371514,3408.3946302371514,3103.0,2066.5,6206,4133,-0.0024836565618577616,0.0,0.0,0.0,0.0,
terrace,estimated,DSC_0284.png,,6,0,True,0.5295025297115827,-0.1471306676050057,0.360061804094753,0.9900214706358152,-0.02816163761316044,0.13807392891868703,0.03261384112023934,0.9990150100962963,-0.030088984191570883,-0.1370905724237863,0.03429186155987808,0.9899647686575905,3408.3946302371514,3408.3946302371514,3103.0,2066.5,6206,4133,-0.0024836565618577616,0.0,0.0,0.0,0.0,
terrace,estimated,DSC_0285.png,,7,0,True,0.9870836849269256,-0.15145115249585162,0.25908499283887704,0.9884044925354037,-0.02007846753993839,0.15051051218130443,0.02633492736546271,0.9988649114738728,-0.03969080783944969,-0.14954273882902755,0.043194256186904735,0.9878113309210284,3408.3946302371514,3408.3946302371514,3103.0,2066.5,6206,4133,-0.0024836565618577616,0.0,0.0,0.0,0.0,
terrace,estimated,DSC_0264.png,,8,1,True,-0.1385084587272929,-0.21540779650961736,-0.16110557959649333,-0.884071143582883,-0.0027322234587115676,0.4673443570206296,-0.08747069974440413,0.9832795694953484,-0.15971901858972995,-0.45909377012793184,-0.18208191334675136,-0.8695280829632293,3409.8140200837456,3409.8140200837456,3102.0,2067.5,6204,4135,-0.0013530099659445078,0.0,0.0,0.0,0.0,
terrace,estimated,DSC_0266.png,,9,1,True,-0.022509270539513297,-0.1805755991091392,0.1371958140566906,-0.9729880827522159,-0.016416223753229733,0.23027092395665483,-0.05934194837580867,0.9817363124003838,-0.18075493375689303,-0.22309801430118215,-0.18953712172600864,-0.9561919030731698,3409.8140200837456,3409.8140200837456,3102.0,2067.5,6204,4135,-0.0013530099659445078,0.0,0.0,0.0,0.0,
terrace,estimated,DSC_0267.png,,10,1,True,0.04403516066488153,-0.1675483847296146,0.24107403195492136,-0.9849398527906204,-0.051638179854298125,-0.16500601433319423,-0.019088569979937613,0.9810012948162821,-0.19305979919418512,0.17184037034676153,-0.18700256134639767,-0.9672129699135421,3409.8140200837456,3409.8140200837456,3102.0,2067.5,6204,4135,-0.0013530099659445078,0.0,0.0,0.0,0.0,
terrace,estimated,DSC_0268.png,,11,1,True,0.19619639082264403,-0.15532689460421684,0.3226604192970379,-0.9363186253530511,-0.06547555757301485,-0.3449933088879789,0.0009683832725966221,0.981977446239803,-0.18899565420980488,0.35115024426990077,-0.1772942368969099,-0.9193803671562344,3409.8140200837456,3409.8140200837456,3102.0,2067.5,6204,4135,-0.0013530099659445078,0.0,0.0,0.0,0.0,
terrace,estimated,DSC_0269.png,,12,1,True,0.388218162506316,-0.15049413281290983,0.3396256795374853,-0.7834328860617705,-0.07574454261276092,-0.6168433166544881,0.03972468770010776,0.9844120255118791,-0.17133275581373328,0.6202054999950052,-0.15873162347806782,-0.7682118259204054,3409.8140200837456,3409.8140200837456,3102.0,2067.5,6204,4135,-0.0013530099659445078,0.0,0.0,0.0,0.0,
terrace,estimated,DSC_0270.png,,13,1,True,0.5760985280362637,-0.15616309347832058,0.2579705155501206,-0.7406151840565074,-0.08547528923556273,-0.666470647572001,0.03491527786733384,0.9856404215790845,-0.16520860365262913,0.6710216632243644,-0.14562600825230887,-0.7269958687668767,3409.8140200837456,3409.8140200837456,3102.0,2067.5,6204,4135,-0.0013530099659445078,0.0,0.0,0.0,0.0,
terrace,estimated,DSC_0271.png,,14,1,True,0.7287672003075508,-0.15970739540042073,0.18773454563090303,-0.5700981603126118,-0.09434829462585098,-0.8161412175042806,0.05743579761002757,0.9863768757837,-0.15414859088583077,0.8195664809892336,-0.1347555498685709,-0.5569126727042073,3409.8140200837456,3409.8140200837456,3102.0,2067.5,6204,4135,-0.0013530099659445078,0.0,0.0,0.0,0.0,
terrace,estimated,DSC_0261.png,,15,2,True,-0.07616426786424386,-0.2598530479054639,-0.6731421635432612,0.30680212440845345,0.04935039031729878,0.9504930275567466,-0.07642524668159999,0.9967074752595223,-0.027081182238693574,-0.9486999726615978,-0.0643330998578415,0.30956358657724037,3410.205901098523,3410.205901098523,3102.5,2068.0,6205,4136,-0.0013271516615152763,0.0,0.0,0.0,0.0,
terrace,estimated,DSC_0263.png,,16,2,True,-0.16558480318059596,-0.23240122345198538,-0.3446513296745144,-0.5398348388108958,0.0421429507443201,0.8407153611708165,-0.11176447552959992,0.9863151447447267,-0.12120700168217301,-0.8343183138440675,-0.15939387362678226,-0.5277371923928063,3410.205901098523,3410.205901098523,3102.5,2068.0,6205,4136,-0.0013271516615152763,0.0,0.0,0.0,0.0,
terrace,estimated,DSC_0272.png,,17,2,True,0.7970685674769601,-0.1708381882807161,0.0378355751852299,-0.19771492298408133,-0.1055520496148449,-0.9745601951914024,0.0706870162132188,0.9900624489263948,-0.12157176055623287,0.9777076019793808,-0.09292530359366707,-0.18828896139645002,3410.205901098523,3410.205901098523,3102.5,2068.0,6205,4136,-0.0013271516615152763,0.0,0.0,0.0,0.0,
terrace,estimated,DSC_0275.png,,18,2,True,0.6519133830913532,-0.2145735250987048,-0.421149744439313,0.7480178394711112,-0.06827039735040377,-0.6601579088964921,0.05976294541243237,0.9975829745319793,-0.03544854411056909,0.6609823766096957,-0.01293683769498228,0.7502899013327129,3410.205901098523,3410.205901098523,3102.5,2068.0,6205,4136,-0.0013271516615152763,0.0,0.0,0.0,0.0,
terrace,estimated,DSC_0260.png,,19,3,True,0.019617470995216553,-0.2655909100434745,-0.794663706303226,0.7297590677277075,0.031057470048556815,0.6829986358869029,-0.03880562842452892,0.9992388707423513,-0.0039752232802582645,-0.6826022460201582,-0.023603236043676527,0.7304088313927357,3410.35617894406,3410.35617894406,3101.5,2067.0,6203,4134,-4.324322061764947e-05,0.0,0.0,0.0,0.0,
terrace,estimated,DSC_0262.png,,20,3,True,-0.15833947690886765,-0.24982262898946175,-0.5192685442330969,-0.09356839586089882,0.04482115079944668,0.9946034484843855,-0.10013710710592774,0.9934967590219432,-0.0541917852939989,-0.9905642407620388,-0.1046673504676037,-0.08847163765647004,3410.35617894406,3410.35617894406,3101.5,2067.0,6203,4134,-4.324322061764947e-05,0.0,0.0,0.0,0.0,
terrace,estimated,DSC_0273.png,,21,3,True,0.8059159556085232,-0.18220060622024734,-0.10855195177833746,0.3829845333143198,-0.0966163040113248,-0.9186882697853521,0.0706609112760229,0.9946655733465944,-0.07514940330257153,0.9210482521885891,-0.03613429116894079,0.38776852649752735,3410.35617894406,3410.35617894406,3101.5,2067.0,6203,4134,-4.324322061764947e-05,0.0,0.0,0.0,0.0,
terrace,estimated,DSC_0274.png,,22,3,True,0.7334168014897876,-0.19765443596912405,-0.2542401786720845,0.762417757402514,-0.07044812472321778,-0.6432388552631932,0.06048144766623122,0.9974625654555561,-0.037555625451021424,0.6442524021573518,-0.010270941427270756,0.7647439768162149,3410.35617894406,3410.35617894406,3101.5,2067.0,6203,4134,-4.324322061764947e-05,0.0,0.0,0.0,0.0,
terrains,estimated,DSC_0648.png,,0,0,True,-0.6250891666000186,0.015945362355920454,-0.25096601018977244,0.017358329399317696,-0.0026607605994772862,-0.9998457924867702,0.015113264599967483,0.9998829114135959,-0.0023984778928660445,0.9997351037317818,-0.015069300451695383,0.017396509716043007,3434.447583653976,3434.447583653976,3107.5,2073.5,6215,4147,-0.00013907976688837004,0.0004534147645573091,0.0,0.0,0.0,
terrains,estimated,DSC_0649.png,,1,0,True,-0.6255621595015959,0.011862219092892652,-0.41262716709138647,0.00953369587876196,0.00021865551090433262,-0.999954529382541,0.021226813118493087,0.9997745971806589,0.00042099534900120854,0.9997292288653584,-0.021229861563817655,0.009526905597164959,3434.447583653976,3434.447583653976,3107.5,2073.5,6215,4147,-0.00013907976688837004,0.0004534147645573091,0.0,0.0,0.0,
terrains,estimated,DSC_0650.png,,2,0,True,-0.6332644040737718,0.009366550933969561,-0.5551096315243155,-0.0012654568479026906,0.0014778243946079461,-0.9999981073252215,0.018897912081919814,0.9998203617794651,0.0014536471798896645,0.9998206176799469,-0.018896036786540022,-0.0012931573189682855,3434.447583653976,3434.447583653976,3107.5,2073.5,6215,4147,-0.00013907976688837004,0.0004534147645573091,0.0,0.0,0.0,
terrains,estimated,DSC_0651.png,,3,0,True,-0.6397269168908872,0.006708985069540039,-0.6838202224171817,0.018929351641678416,-0.00108662331396415,-0.9998202332900645,0.016098590644297445,0.9998701035795787,-0.0007818868394686524,0.9996912098371642,-0.016080896042694418,0.018944385890575344,3434.447583653976,3434.447583653976,3107.5,2073.5,6215,4147,-0.00013907976688837004,0.0004534147645573091,0.0,0.0,0.0,
terrains,estimated,DSC_0652.png,,4,0,True,-0.6471586581556618,0.004317821293689031,-0.8029492058143445,0.0329374154196338,-0.0009748374990458143,-0.9994569407219729,0.017203956284451302,0.9998519176413677,-0.0004082609977301508,0.9993093367689694,-0.01718116645429038,0.03294930903118931,3434.447583653976,3434.447583653976,3107.5,2073.5,6215,4147,-0.00013907976688837004,0.0004534147645573091,0.0,0.0,0.0,
terrains,estimated,DSC_0653.png,,5,0,True,-0.6482570755440213,0.0012624680118014547,-0.9677211023563183,0.013152907766311506,0.0034567992868484608,-0.9999075215018545,0.01788886579013258,0.9998331654283193,0.003691854592169649,0.9997534643591057,-0.017935770077628223,0.013088875188072113,3434.447583653976,3434.447583653976,3107.5,2073.5,6215,4147,-0.00013907976688837004,0.0004534147645573091,0.0,0.0,0.0,
terrains,estimated,DSC_0654.png,,6,0,True,-0.7568452382311532,0.017673036045251403,-0.18303066921199362,0.015707385967975163,0.000549010022424478,0.9998764806785129,-0.0258009854141922,0.9996670888534552,-0.00014357894938803878,-0.9995436894792092,-0.025795543244005223,0.015716321803684208,3434.447583653976,3434.447583653976,3107.5,2073.5,6215,4147,-0.00013907976688837004,0.0004534147645573091,0.0,0.0,0.0,
terrains,estimated,DSC_0655.png,,7,0,True,-0.7453762427196696,0.013258621650462692,-0.38653177394137966,-0.04438792593081664,0.0026867550872662817,0.9990107573888589,-0.02571426283398419,0.9996619927869351,-0.0038310395662914283,-0.9986833776119763,-0.025858877089981303,-0.04430383456519449,3434.447583653976,3434.447583653976,3107.5,2073.5,6215,4147,-0.00013907976688837004,0.0004534147645573091,0.0,0.0,0.0,
terrains,estimated,DSC_0656.png,,8,0,True,-0.7222719180070616,0.011240896466406929,-0.5209728184809791,0.004539339041685575,0.005654441373859759,0.9999737105013383,-0.023765956438572912,0.9997021716754666,-0.005545021362966297,-0.999707244004776,-0.02374016091153303,0.004672370305319862,3434.447583653976,3434.447583653976,3107.5,2073.5,6215,4147,-0.00013907976688837004,0.0004534147645573091,0.0,0.0,0.0,
terrains,estimated,DSC_0657.png,,9,0,True,-0.7196542978051401,0.00837758079104096,-0.6619605131384662,-0.03955209542544247,0.0058980039127484295,0.9992001027308306,-0.023780185151866612,0.9996937964805578,-0.006842227154369794,-0.9989344996252758,-0.02403178786803547,-0.03939972880955023,3434.447583653976,3434.447583653976,3107.5,2073.5,6215,4147,-0.00013907976688837004,0.0004534147645573091,0.0,0.0,0.0,
terrains,estimated,DSC_0658.png,,10,0,True,-0.6951852768212397,0.004685634748343853,-0.849272009116624,-0.03819003720933467,0.007202521483744593,0.9992445370089477,-0.02153915282199533,0.9997357629876598,-0.008029265171398292,-0.9990383305727867,-0.021829518724839,-0.03802480977705924,3434.447583653976,3434.447583653976,3107.5,2073.5,6215,4147,-0.00013907976688837004,0.0004534147645573091,0.0,0.0,0.0,
terrains,estimated,DSC_0659.png,,11,0,True,-0.6965313470328215,0.002560258219568258,-0.963617582798818,-0.04446644960654833,0.006849764371176497,0.9989873951093916,-0.02219217821499535,0.9997229619284947,-0.007842615570803627,-0.9987643576367061,-0.022518439576864266,-0.044302119515446714,3434.447583653976,3434.447583653976,3107.5,2073.5,6215,4147,-0.00013907976688837004,0.0004534147645573091,0.0,0.0,0.0,
terrains,estimated,DSC_0660.png,,12,0,True,0.3899832440637085,0.00497807285142016,-0.9617094988166405,-0.02347082221439223,0.004194835026168612,0.9997157215247163,-0.027308381304428392,0.9996153609274886,-0.004835546333012588,-0.9993514761159423,-0.02741411236772029,-0.023347240264700808,3434.447583653976,3434.447583653976,3107.5,2073.5,6215,4147,-0.00013907976688837004,0.0004534147645573091,0.0,0.0,0.0,
terrains,estimated,DSC_0661.png,,13,0,True,0.4027670958802311,0.009049414587146672,-0.7791355214968765,-0.007714752166526839,0.007770799974253445,0.9999400468361936,-0.028062244906615984,0.9995742887591564,-0.007984463815912043,-0.9995764067893009,-0.028122160645772686,-0.00749340181781144,3434.447583653976,3434.447583653976,3107.5,2073.5,6215,4147,-0.00013907976688837004,0.0004534147645573091,0.0,0.0,0.0,
terrains,estimated,DSC_0662.png,,14,0,True,0.4253899837862802,0.012501488740523484,-0.6112345177905705,-0.028644537233418976,0.009001597885075973,0.9995491292188688,-0.023548519532544374,0.999675853302695,-0.009677579829370047,-0.9993122423519633,-0.02381511198890002,-0.028423277897658084,3434.447583653976,3434.447583653976,3107.5,2073.5,6215,4147,-0.00013907976688837004,0.0004534147645573091,0.0,0.0,0.0,
terrains,estimated,DSC_0663.png,,15,0,True,0.43303245613155394,0.01591034978834904,-0.442918467786988,-0.010764590795862228,0.009998362567705265,0.9998920723412916,-0.023924658959664388,0.9996611795781432,-0.010253620731192344,-0.9996558079052318,-0.024032452858584723,-0.010521736118080272,3434.447583653976,3434.447583653976,3107.5,2073.5,6215,4147,-0.00013907976688837004,0.0004534147645573091,0.0,0.0,0.0,
terrains,estimated,DSC_0664.png,,16,0,True,0.4308958243893442,0.019162957991157033,-0.2839091851052097,-0.045276495655987015,0.010691048680553676,0.9989172840727224,-0.025934814595585318,0.9995931164490262,-0.011873792132938255,-0.9986377843507658,-0.02644433825667875,-0.04498080302929619,3434.447583653976,3434.447583653976,3107.5,2073.5,6215,4147,-0.00013907976688837004,0.0004534147645573091,0.0,0.0,0.0,
terrains,estimated,DSC_0665.png,,17,0,True,0.42220686673730934,0.022417494729938463,-0.13282784592067615,-0.002821529364012809,0.014045056484244315,0.999897382415017,-0.030068584715936247,0.999448049841967,-0.01412359303681729,-0.9995438555587388,-0.03010534928286758,-0.0023976570496977434,3434.447583653976,3434.447583653976,3107.5,2073.5,6215,4147,-0.00013907976688837004,0.0004534147645573091,0.0,0.0,0.0,
terrains,estimated,DSC_0666.png,,18,0,True,0.2799002446924557,0.020694717802870365,-0.18993550453052027,0.04496236959108879,-0.01034150259784268,-0.9989351523721512,0.020215065335081564,0.9997510871889322,-0.009440063455633915,0.9987841290560502,-0.019769091748657153,0.045160232031959846,3434.447583653976,3434.447583653976,3107.5,2073.5,6215,4147,-0.00013907976688837004,0.0004534147645573091,0.0,0.0,0.0,
terrains,estimated,DSC_0667.png,,19,0,True,0.26546133976245717,0.01745116380378022,-0.3609997337137387,0.013185792856734824,-0.01390754802417048,-0.999816340621964,0.016043080590874413,0.9997775026534164,-0.013695428188005388,0.999784353964341,-0.015859549049499978,0.013405978966584797,3434.447583653976,3434.447583653976,3107.5,2073.5,6215,4147,-0.00013907976688837004,0.0004534147645573091,0.0,0.0,0.0,
terrains,estimated,DSC_0668.png,,20,0,True,0.24928822263332853,0.013372981168665882,-0.5405134489108969,0.030202325348909875,-0.019671594439097984,-0.9993502128461986,0.009457787698374503,0.9997671850005935,-0.019393969367859552,0.9994990594269568,-0.008865899176769828,0.03038134355844524,3434.447583653976,3434.447583653976,3107.5,2073.5,6215,4147,-0.00013907976688837004,0.0004534147645573091,0.0,0.0,0.0,
terrains,estimated,DSC_0669.png,,21,0,True,0.23969410660279303,0.010781943425639472,-0.7036620730447466,0.001022177111076994,-0.018879328136155685,-0.9998212470852385,0.009751745534407242,0.9997744166289614,-0.01886847405732832,0.9999519281510417,-0.009730715459166595,0.0012060529287628574,3434.447583653976,3434.447583653976,3107.5,2073.5,6215,4147,-0.00013907976688837004,0.0004534147645573091,0.0,0.0,0.0,
terrains,estimated,DSC_0670.png,,22,0,True,0.2331723350132503,0.007696618654179864,-0.8816229094127567,0.014683866643934618,-0.018386041624375335,-0.9997231304385081,0.011810602736510719,0.9997643644361704,-0.01821332661927756,0.9998224310963342,-0.011539890680890204,0.014897556836261261,3434.447583653976,3434.447583653976,3107.5,2073.5,6215,4147,-0.00013907976688837004,0.0004534147645573091,0.0,0.0,0.0,
terrains,estimated,DSC_0671.png,,23,0,True,0.24093927891423592,0.00496078886747692,-1.0143478912879598,-0.0013957489651803545,-0.020361773991782663,-0.9997917033286153,0.009789047229383015,0.9997444949498169,-0.02037447844427873,0.9999511120245667,-0.009815445860633796,-0.0011960699769912875,3434.447583653976,3434.447583653976,3107.5,2073.5,6215,4147,-0.00013907976688837004,0.0004534147645573091,0.0,0.0,0.0,
terrains,estimated,DSC_0614.png,,24,1,True,0.9224885541246667,-0.0019167098789712445,-0.7116887237670808,0.998885576485342,0.00652192022904387,0.046744728537792775,-0.0064551389918593135,0.9999779180147506,-0.0015794503729224208,-0.046753997370724644,0.0012759464764384157,0.9989056190103485,3415.4719984021162,3415.4719984021162,3111.5,2074.0,6223,4148,-0.0009512881574997212,0.0006590967282563448,0.0,0.0,0.0,
terrains,estimated,DSC_0615.png,,25,1,True,0.7296724320844586,-0.002161371943869103,-0.7187182128840458,0.9997757971067339,0.004896600682251427,0.020600456823900493,-0.0048318821082446945,0.9999832375920047,-0.003190211639416057,-0.020615732703128414,0.003089957405987297,0.9997826982541468,3415.4719984021162,3415.4719984021162,3111.5,2074.0,6223,4148,-0.0009512881574997212,0.0006590967282563448,0.0,0.0,0.0,
terrains,estimated,DSC_0616.png,,26,1,True,0.560607111346475,-0.0020740043567491705,-0.7218258841301868,0.9992919849671094,0.0034510104336027978,0.03746490768014343,-0.0033431790021543487,0.9999900883609469,-0.0029404649334881495,-0.03747468391666646,0.002813131147437645,0.9992936176912636,3415.4719984021162,3415.4719984021162,3111.5,2074.0,6223,4148,-0.0009512881574997212,0.0006590967282563448,0.0,0.0,0.0,
terrains,estimated,DSC_0617.png,,27,1,True,0.397828217861722,-0.0028989251832861242,-0.7290911181253593,0.9999465376537755,-0.000814663844969541,0.010308159731316184,0.0008313718970171686,0.9999983475888965,-0.0016166756772678585,-0.010306825650775274,0.001625159160303648,0.99994556261964,3415.4719984021162,3415.4719984021162,3111.5,2074.0,6223,4148,-0.0009512881574997212,0.0006590967282563448,0.0,0.0,0.0,
terrains,estimated,DSC_0618.png,,28,1,True,0.22971343895216453,-0.002577065180452602,-0.7303460122767043,0.9999993019396838,-0.0007737279651709217,-0.0008930090598887128,0.0007740801336579452,0.99999962274905,0.0003940833725186177,0.0008927038096742699,-0.00039477435799709055,0.9999995236164437,3415.4719984021162,3415.4719984021162,3111.5,2074.0,6223,4148,-0.0009512881574997212,0.0006590967282563448,0.0,0.0,0.0,
terrains,estimated,DSC_0619.png,,29,1,True,0.09155049919085809,-0.003507059836709792,-0.7188741970666516,0.999972022887576,0.0023183420638845883,-0.007111872622878107,-0.002331714749061692,0.9999955281948641,-0.0018726175807106703,0.007107499451862655,0.0018891480485663007,0.999972956919932,3415.4719984021162,3415.4719984021162,3111.5,2074.0,6223,4148,-0.0009512881574997212,0.0006590967282563448,0.0,0.0,0.0,
terrains,estimated,DSC_0620.png,,30,1,True,-0.06387177388727588,-0.003815378275173327,-0.711630869080317,0.9999548962232071,-0.0021430733265222503,0.009252716139183003,0.002127770402041132,0.9999963528202148,0.0016634119708380636,-0.009256247206689463,-0.0016436492891363742,0.999955809175917,3415.4719984021162,3415.4719984021162,3111.5,2074.0,6223,4148,-0.0009512881574997212,0.0006590967282563448,0.0,0.0,0.0,
terrains,estimated,DSC_0622.png,,31,1,True,-0.21606653982766996,-0.004274035924663531,-0.696538880656308,0.9999511497188318,-0.0040008477496839235,-0.00903832911937803,0.003993154660802071,0.999991649700323,-0.0008690486071444067,0.009041730577785564,0.0008329147078266915,0.9999587758309081,3415.4719984021162,3415.4719984021162,3111.5,2074.0,6223,4148,-0.0009512881574997212,0.0006590967282563448,0.0,0.0,0.0,
terrains,estimated,DSC_0623.png,,32,1,True,-0.3552964677977524,-0.004148012171338305,-0.6817060296395433,1.0,0.0,0.0,0.0,1.0,0.0,0.0,0.0,1.0,3415.4719984021162,3415.4719984021162,3111.5,2074.0,6223,4148,-0.0009512881574997212,0.0006590967282563448,0.0,0.0,0.0,
terrains,estimated,DSC_0624.png,,33,1,True,-0.504794998081273,-0.003766758836909336,-0.6763876460907783,0.9999016245917395,0.006244683345068285,0.01255966037438462,-0.006229446118504316,0.9999798131150115,-0.001251943897838653,-0.01256722482717294,0.0011735810097776413,0.9999203406110693,3415.4719984021162,3415.4719984021162,3111.5,2074.0,6223,4148,-0.0009512881574997212,0.0006590967282563448,0.0,0.0,0.0,
terrains,estimated,DSC_0625.png,,34,1,True,-0.650403197947733,-0.0038929706458177937,-0.6759144766115734,0.9999775559085582,0.006620066261329398,-0.0010307287916722842,-0.006623628358305518,0.9999719673352404,-0.003491717494299692,0.0010075844964195022,0.0034984662903272032,0.9999933727315886,3415.4719984021162,3415.4719984021162,3111.5,2074.0,6223,4148,-0.0009512881574997212,0.0006590967282563448,0.0,0.0,0.0,
terrains,estimated,DSC_0626.png,,35,1,True,-0.7850082280881705,-0.0038939419496038692,-0.6622416279610677,0.9999608611418375,0.003140986432835437,-0.008271057290555226,-0.0031805336288656186,0.9999835531556428,-0.004772590915996376,0.008255930614446681,0.004798710498096333,0.9999544049541683,3415.4719984021162,3415.4719984021162,3111.5,2074.0,6223,4148,-0.0009512881574997212,0.0006590967282563448,0.0,0.0,0.0,
terrains,estimated,DSC_0627.png,,36,1,True,-0.9183351890659646,-0.003120169338433018,-0.6535901295075043,0.9999952405459267,0.0029983393634094254,0.0007272183689148503,-0.00299757909536199,0.9999949619729845,-0.00104429316587567,-0.000730345850475246,0.0010421083010298854,0.999999190302286,3415.4719984021162,3415.4719984021162,3111.5,2074.0,6223,4148,-0.0009512881574997212,0.0006590967282563448,0.0,0.0,0.0,
terrains,estimated,DSC_0628.png,,37,1,True,-1.0624822465607215,-0.00273332494947272,-0.647134628994798,0.9999821998440277,0.0043228178670021026,0.004112571067801939,-0.004325768323165742,0.9999903926197853,0.0007087993665221736,-0.0041094675462023085,-0.0007265767794347619,0.9999912921434218,3415.4719984021162,3415.4719984021162,3111.5,2074.0,6223,4148,-0.0009512881574997212,0.0006590967282563448,0.0,0.0,0.0,
terrains,estimated,DSC_0629.png,,38,1,True,-1.2187228501957705,-0.002938109594289446,-0.6468929863023363,0.999986163772329,0.0036435700966899894,0.0037942931952262373,-0.003640394046906808,0.9999930178854922,-0.0008436299241245319,-0.0037973405278008848,0.0008298055291087111,0.9999924457853168,3415.4719984021162,3415.4719984021162,3111.5,2074.0,6223,4148,-0.0009512881574997212,0.0006590967282563448,0.0,0.0,0.0,
terrains,estimated,DSC_0630.png,,39,1,True,-1.3656981562143284,-0.003310069954394669,-0.6537510948249069,0.9998880967518182,-0.0006666583864372299,-0.014944883426188018,0.0006515073857803281,0.9999992689575903,-0.001018637526964953,0.014945551584094517,0.0010087868361851784,0.9998878001240771,3415.4719984021162,3415.4719984021162,3111.5,2074.0,6223,4148,-0.0009512881574997212,0.0006590967282563448,0.0,0.0,0.0,
terrains,estimated,DSC_0631.png,,40,1,True,-1.5072313619219535,-0.003839051224480478,-0.659794822037666,0.9997657808852914,-0.00472158905921359,-0.021120842018712116,0.004765905503743235,0.9999865450324465,0.0020483893185241366,0.021110886185872695,-0.002148569483812045,0.9997748317164322,3415.4719984021162,3415.4719984021162,3111.5,2074.0,6223,4148,-0.0009512881574997212,0.0006590967282563448,0.0,0.0,0.0,
terrains,estimated,DSC_0632.png,,41,1,True,-1.6486980278442518,-0.004471126167252869,-0.6759667588296944,0.9997528346956688,-0.0008918458234922536,-0.022214277593516095,0.0008282246930002106,0.9999955299173363,-0.0028730104774785494,0.022216740576254126,0.002853901955729425,0.9997491043665878,3415.4719984021162,3415.4719984021162,3111.5,2074.0,6223,4148,-0.0009512881574997212,0.0006590967282563448,0.0,0.0,0.0,
