scene,image_name,match_status,valid,ground_truth_cx,ground_truth_cy,ground_truth_cz,estimated_cx,estimated_cy,estimated_cz,aligned_estimated_cx,aligned_estimated_cy,aligned_estimated_cz,position_error_m,rotation_error_deg,scale_est_to_gt,run_exit_code,error
courtyard,DSC_0286.png,common,True,4.0866193771362305,-5.593053340911865,1.6628633737564087,-0.6515293023288384,0.08585581580439879,-0.3969682835488433,4.119636344408468,-5.520589262912621,1.6816380890489067,0.08181474599637242,1.0251712519764233,9.258359783218614,0,
courtyard,DSC_0287.png,common,True,3.9902000427246094,-4.8457722663879395,1.6552857160568237,-0.571906439749012,0.0855474027763228,-0.39363971150485694,4.024264027632303,-4.789166830864774,1.663938236868557,0.06662879643934966,1.0116682878875682,9.258359783218614,0,
courtyard,DSC_0288.png,common,True,3.8792662620544434,-4.2716240882873535,1.6456512212753296,-0.5102890360872234,0.08715135536415626,-0.38764558463043347,3.9148628086264194,-4.226607747849545,1.6465622040833563,0.05739699403226636,1.0056442272398474,9.258359783218614,0,
courtyard,DSC_0289.png,common,True,3.821547746658325,-3.7032885551452637,1.6412112712860107,-0.4499054827144804,0.0861691190679133,-0.3867245365676106,3.858826640210365,-3.670375557649573,1.6338739083455927,0.0502674666512552,0.9942663192449073,9.258359783218614,0,
courtyard,DSC_0290.png,common,True,3.684786319732666,-3.0260119438171387,1.6361362934112549,-0.37730685518486096,0.08754590125915968,-0.3789178233804233,3.725364172148739,-3.0076757845794155,1.6204158164716327,0.04722192538959997,0.9943673816243029,9.258359783218614,0,
courtyard,DSC_0291.png,common,True,3.5509204864501953,-2.481537342071533,1.6317713260650635,-0.31866629570953126,0.08941709954855716,-0.3705894113336605,3.597653436504144,-2.4742074974308275,1.6101997086140933,0.05199067149645943,1.000828546367069,9.258359783218614,0,
courtyard,DSC_0292.png,common,True,3.4511313438415527,-1.9827611446380615,1.6310155391693115,-0.2651510062915124,0.08996091176421991,-0.36494441920018145,3.501850806774507,-1.985307100746439,1.6039189740205915,0.05756013946796797,1.0051046165443358,9.258359783218614,0,
courtyard,DSC_0293.png,common,True,3.348087787628174,-1.1213825941085815,1.6376221179962158,-0.17359117835505997,0.08732757743353346,-0.3608045743785096,3.39745850788818,-1.1428402033137293,1.604148198529554,0.0633908534116174,0.965242281181445,9.258359783218614,0,
courtyard,DSC_0294.png,common,True,3.3037359714508057,-0.5126322507858276,1.6451367139816284,-0.10961174939225078,0.084699127515989,-0.36058079221698613,3.3500386982161445,-0.5518972643586474,1.6016207523903434,0.0746948640134885,0.9353458901532026,9.258359783218614,0,
courtyard,DSC_0295.png,common,True,3.2617080211639404,0.06546317785978317,1.6548432111740112,-0.04890055653199778,0.08147318382593063,-0.36079500758453664,3.3112324871395873,0.009641039311949318,1.6039713803872337,0.0903146004244335,0.9386055318891493,9.258359783218614,0,
courtyard,DSC_0296.png,common,True,3.3642520904541016,0.8453808426856995,1.6711575984954834,0.02856891892180125,0.06920233733938214,-0.3795068050209393,3.4475005878970553,0.7436206969174318,1.611556045497001,0.1443529865057161,0.8886252481066037,9.258359783218614,0,
courtyard,DSC_0297.png,common,True,3.800384044647217,1.3086421489715576,1.684043288230896,0.07460096499398931,0.04750476391718471,-0.4236565685019739,3.8605906471893374,1.2108472732460664,1.6225512748570798,0.13026872386184926,0.8661195497555346,9.258359783218614,0,
courtyard,DSC_0298.png,common,True,4.234205722808838,1.4622803926467896,1.693793773651123,0.09219503027908003,0.02946317666408851,-0.46192135615292945,4.235012904959336,1.4098588295660046,1.6345405848395262,0.07911771105889968,0.8696589434070842,9.258359783218614,0,
courtyard,DSC_0299.png,common,True,4.728955268859863,1.3912529945373535,1.706807017326355,0.08049967069962785,0.007508696281682216,-0.5078158838935715,4.713218725429754,1.346705683386797,1.664837194312457,0.06319468153009512,0.931897257011394,9.258359783218614,0,
courtyard,DSC_0300.png,common,True,5.183332443237305,1.059511423110962,1.7194702625274658,0.04212744516612404,-0.010542194100937064,-0.5499588513949014,5.168596166636456,1.032744279679056,1.6857661612798014,0.045492903363862885,0.9453172170404934,9.258359783218614,0,
courtyard,DSC_0301.png,common,True,5.4383931159973145,0.43848809599876404,1.7233359813690186,-0.024159358272663987,-0.01786899381032368,-0.5714970296727816,5.434595570630601,0.44107760673621443,1.6990455628456178,0.024721475455837697,0.9771571890194128,9.258359783218614,0,
courtyard,DSC_0302.png,common,True,5.046741962432861,0.3804486095905304,1.7257941961288452,-0.027030733298973396,-0.0016472077772485742,-0.5321674828650319,5.044848742296643,0.37825322919161175,1.7004397177470185,0.025519669895879466,0.9183974047976725,9.258359783218614,0,
courtyard,DSC_0303.png,common,True,5.3208723068237305,-0.3622635006904602,1.7298946380615234,-0.10766623494714551,-0.008127562195317604,-0.5531334214749536,5.315275241428224,-0.3465204054260538,1.7142876781193537,0.022863713350683997,0.9167747327822656,9.258359783218614,0,
courtyard,DSC_0304.png,common,True,5.621366024017334,-1.1796600818634033,1.7360082864761353,-0.19597935170770006,-0.015406084645270516,-0.5753940206584968,5.606093903655009,-1.1406232582294271,1.7334807340104266,0.04199404459275641,0.9102409520164707,9.258359783218614,0,
courtyard,DSC_0305.png,common,True,5.792452335357666,-2.0572640895843506,1.741862177848816,-0.2893030103772329,-0.017061764658393846,-0.585249119753902,5.775720445963967,-1.9927011530175447,1.7504416021131526,0.06724533754484302,0.9064908099760673,9.258359783218614,0,
courtyard,DSC_0306.png,common,True,5.8860297203063965,-3.120251417160034,1.7388277053833008,-0.4048834711526234,-0.015097512450069062,-0.5898625378582635,5.907013014056297,-3.05563015874521,1.763941262300011,0.07243546366745303,0.8961379687352524,9.258359783218614,0,
courtyard,DSC_0307.png,common,True,5.7495317459106445,-4.249086380004883,1.7260607481002808,-0.5251729548597129,-0.0008044497686165345,-0.56818815690835,5.775002862081634,-4.187281683126701,1.766792215174729,0.07827931224299886,0.8706348997185992,9.258359783218614,0,
courtyard,DSC_0308.png,common,True,5.298655986785889,-5.027127742767334,1.712168574333191,-0.603747591194441,0.024083872812014007,-0.5212848075083819,5.355098798436493,-4.958206765507466,1.7513625952049343,0.09732452602286577,1.0381337943514324,9.258359783218614,0,
courtyard,DSC_0309.png,common,True,4.598720550537109,-5.397712230682373,1.690247654914856,-0.63472594393737,0.06010982564359774,-0.44799702106038075,4.630523128378639,-5.315351907024338,1.7147263823651655,0.09161787471890734,1.0040510362905308,9.258359783218614,0,
courtyard,DSC_0310.png,common,True,4.095818996429443,-5.874514102935791,1.677506685256958,-0.6813200429673183,0.08569805415554278,-0.3951310022891627,4.129963188738174,-5.796023513202892,1.7014834816067832,0.08889029929207612,1.0355732936637398,9.258359783218614,0,
courtyard,DSC_0311.png,common,True,12.731249809265137,-3.6231462955474854,1.6926943063735962,-0.531547916669483,-0.2876163324351054,-1.249506440124045,12.59487099769499,-3.6117477617900144,1.8148134467028902,0.18341807776735533,1.032785579763848,9.258359783218614,0,
courtyard,DSC_0312.png,common,True,11.65752124786377,-2.4962284564971924,1.709305763244629,-0.4034953223548222,-0.25048572841963984,-1.149954297831756,11.50639750269795,-2.521722070183293,1.7974002268952185,0.17677371189632404,1.0195800504783201,9.258359783218614,0,
courtyard,DSC_0313.png,common,True,11.153732299804688,-0.6026893258094788,1.7201120853424072,-0.2000482951154453,-0.2442358258418691,-1.1157583169179008,11.018917787479815,-0.6741216714494234,1.78275018468051,0.16492745140123827,1.0182443104249745,9.258359783218614,0,
courtyard,DSC_0314.png,common,True,11.204791069030762,0.5244949460029602,1.722659707069397,-0.07665116484215444,-0.25300316195412015,-1.1266037716878865,11.036592253716815,0.47539597289995683,1.7696566887883924,0.18141187095523847,0.9915470990334863,9.258359783218614,0,
courtyard,DSC_0315.png,common,True,11.959098815917969,0.06610649824142456,1.6929460763931274,-0.1330572755849507,-0.27796162586595613,-1.1975249436224087,11.777063628484377,0.018499887026295403,1.755260668431783,0.19820773768023095,1.0215211776463606,9.258359783218614,0,
courtyard,DSC_0316.png,common,True,13.665030479431152,0.600315511226654,1.656482458114624,-0.09360490454334035,-0.3477664812772504,-1.3661632197755762,13.425904934759739,0.5380172308295982,1.7404691649411013,0.26099016988842116,0.9397079304411357,9.258359783218614,0,
courtyard,DSC_0317.png,common,True,13.562606811523438,-1.542907953262329,1.639983057975769,-0.3227293611596617,-0.33144842165351396,-1.344912967864539,13.383458285139923,-1.59714927868278,1.7683781761007729,0.22698374886120284,1.0276337573525018,9.258359783218614,0,
courtyard,DSC_0318.png,common,True,10.011117935180664,-5.501626491546631,1.7707090377807617,-0.7009899401484531,-0.16781249698756856,-0.963383357387604,9.880159200121199,-5.438218980729408,1.8695289019976347,0.17588652103061425,0.9491861872792262,9.258359783218614,0,
courtyard,DSC_0319.png,common,True,7.568711280822754,-7.13115930557251,1.7894325256347656,-0.8436925908964542,-0.057671263273093305,-0.7141186544134167,7.490844349253408,-6.9881910760709225,1.8658857610164035,0.1798562505979815,1.0171867969800983,9.258359783218614,0,
courtyard,DSC_0320.png,common,True,9.846260070800781,-7.18733549118042,1.7952955961227417,-0.8698067123088814,-0.14871271545762266,-0.9279257819914687,9.655230258173795,-7.028944531397224,1.8995303398294396,0.26915602770316055,0.972901822654321,9.258359783218614,0,
courtyard,DSC_0321.png,common,True,12.427643775939941,-6.916646957397461,1.7357102632522583,-0.8662874716172091,-0.2503431872735704,-1.1816866185372623,12.17218624117784,-6.763926371641837,1.870636840819021,0.3267832778985954,0.9727666069612869,9.258359783218614,0,
courtyard,DSC_0322.png,common,True,14.746809005737305,-6.422967433929443,1.7301428318023682,-0.8384992043460633,-0.3483251719362035,-1.4094040120964977,14.433420307947134,-6.294531598051309,1.8927569024447874,0.3757014450481013,0.9876392957628981,9.258359783218614,0,
courtyard,DSC_0323.png,common,True,15.494032859802246,-6.723348617553711,1.7360749244689941,-0.9712956135403102,-0.34459063838153775,-1.6973152728541,16.991033530593793,-7.33671705407594,0.8974569421708916,1.8222271997491986,1.8124909780741756,9.258359783218614,0,
delivery_area,DSC_0675.png,common,True,1.7639551162719727,0.2699792981147766,-3.469275951385498,-0.497725598482468,0.1280989131955723,0.019924020536478498,1.7655503231495309,0.17968543999404307,-3.4719065768554005,0.09034625443078571,0.20592098391709446,9.815836276774256,0,
delivery_area,DSC_0676.png,common,True,1.7885382175445557,1.001219630241394,-3.4666571617126465,-0.4227356350058747,0.12807846025987377,0.007945661079964963,1.792180853323526,0.9246219633397494,-3.4684075697331544,0.07670420652370895,0.1967406108324585,9.815836276774256,0,
delivery_area,DSC_0677.png,common,True,1.8053913116455078,1.6992202997207642,-3.463855266571045,-0.35095221473825056,0.1281453134433577,-0.002885932292525851,1.811549768510711,1.6369464529000761,-3.466263635506687,0.06262394773357274,0.19740430399147432,9.815836276774256,0,
delivery_area,DSC_0678.png,common,True,1.7875028848648071,2.419464588165283,-3.4597201347351074,-0.27654226604355076,0.12786143298918867,-0.010407906810004697,1.7953835671071212,2.3708832301680505,-3.462673785345636,0.0493049444720171,0.18334291104224953,9.815836276774256,0,
delivery_area,DSC_0679.png,common,True,1.807590365409851,3.143026351928711,-3.4562175273895264,-0.20223312882101302,0.12781935314134027,-0.021964231037244167,1.818712975790547,3.108680434063137,-3.4591697694336414,0.03622251052586703,0.1803578283024785,9.815836276774256,0,
delivery_area,DSC_0680.png,common,True,1.807073712348938,3.85215163230896,-3.4547102451324463,-0.12911769486720212,0.12784635973392877,-0.03129216369157601,1.8218386779612938,3.832178085524326,-3.457546384745724,0.024999809371233396,0.18395153726125688,9.815836276774256,0,
delivery_area,DSC_0681.png,common,True,1.7971901893615723,4.388240814208984,-3.454310417175293,-0.07382929688715195,0.12784487021958973,-0.03707888184455848,1.8118683110901004,4.377752813269596,-3.4568197567120134,0.018213791645142256,0.1685398713176855,9.815836276774256,0,
delivery_area,DSC_0682.png,common,True,1.8307889699935913,5.1470627784729,-3.457655906677246,0.0034714103656228903,0.12850686403974348,-0.04987766089673223,1.844095770902011,5.146200751825571,-3.4596517645787817,0.013483229921652497,0.13304707567960258,9.815836276774256,0,
delivery_area,DSC_0683.png,common,True,1.8913931846618652,6.041327953338623,-3.460930109024048,0.0945125279721549,0.1295316906326112,-0.06780394064292358,1.9099336890312006,6.054668041951519,-3.4637782423747816,0.023017822009321946,0.11868173858774166,9.815836276774256,0,
delivery_area,DSC_0684.png,common,True,1.8624203205108643,6.791683673858643,-3.463667869567871,0.17208085024941325,0.12960013912710533,-0.07481865320963221,1.8852488080219723,6.818774650964874,-3.464073643581367,0.03542916221370773,0.12733628256333446,9.815836276774256,0,
delivery_area,DSC_0685.png,common,True,1.7734591960906982,7.395671367645264,-3.477205276489258,0.23461666889386043,0.13035503433794707,-0.07091838187755427,1.772807226452509,7.4233593297669955,-3.4765665605522247,0.02770300108132328,0.15895752624061427,9.815836276774256,0,
delivery_area,DSC_0686.png,common,True,1.3764746189117432,7.7123236656188965,-3.4788146018981934,0.2715780625280722,0.12825342786415025,-0.03444974818433903,1.3726350241356695,7.739676181665569,-3.4782825591652875,0.027625815672981842,0.13691937416833005,9.815836276774256,0,
delivery_area,DSC_0687.png,common,True,0.842038094997406,7.793247222900391,-3.4772825241088867,0.28626113014403937,0.12492012445945809,0.01899403977062466,0.8333614433688179,7.818569843598642,-3.47648762094673,0.026779680236115246,0.12767535676576897,9.815836276774256,0,
delivery_area,DSC_0688.png,common,True,0.2645186185836792,7.662521839141846,-3.4768869876861572,0.2803185148637619,0.12151922646028183,0.07936437405598823,0.2513976473054218,7.688215555887931,-3.476989253223243,0.02885025867740159,0.11800929243044649,9.815836276774256,0,
delivery_area,DSC_0689.png,common,True,-0.16424021124839783,7.651598930358887,-3.478156089782715,0.28357892170778776,0.11896748388908183,0.12345620334405219,-0.18278914405094682,7.667056677791592,-3.477041972700836,0.024171183683860564,0.12498487362685218,9.815836276774256,0,
delivery_area,DSC_0690.png,common,True,-0.5964601635932922,7.5531086921691895,-3.4781031608581543,0.27834190500917,0.11636077227447988,0.16901669905858238,-0.6211089670781729,7.561351128177289,-3.476992702400672,0.02601411890819445,0.12129874308439745,9.815836276774256,0,
delivery_area,DSC_0691.png,common,True,-0.9936488270759583,7.344247341156006,-3.477034568786621,0.2610452082429956,0.11374561637417341,0.21194875547013664,-1.0194186672362568,7.341307580390191,-3.474818147472955,0.026031507422491648,0.1251847477291286,9.815836276774256,0,
delivery_area,DSC_0692.png,common,True,-1.2111693620681763,6.832155227661133,-3.4737730026245117,0.2108437573024407,0.11216417688740746,0.23977133876848203,-1.2307599862581569,6.8188350309758174,-3.472716321903258,0.023713641011772285,0.1054371851956411,9.815836276774256,0,
delivery_area,DSC_0693.png,common,True,-1.0933092832565308,6.133741855621338,-3.4716718196868896,0.13734467475392997,0.112363039637977,0.23569194673708022,-1.1028991212598829,6.107679643762678,-3.468961515760835,0.027902502168583376,0.12279924604098165,9.815836276774256,0,
delivery_area,DSC_0694.png,common,True,-0.9467289447784424,5.50911283493042,-3.4719583988189697,0.07321893440855906,0.11362194307319093,0.22748323036704118,-0.9455082060123394,5.492817641770449,-3.4736953504327017,0.01643290978993924,0.06395250498900655,9.815836276774256,0,
delivery_area,DSC_0695.png,common,True,-0.8931485414505005,4.8816022872924805,-3.4706180095672607,0.00950035986315813,0.11361624473091222,0.2298341154280975,-0.8920234873375055,4.869232720585031,-3.472020759101005,0.01249958533478727,0.06610506596946332,9.815836276774256,0,
delivery_area,DSC_0696.png,common,True,-0.7135465145111084,4.119321346282959,-3.469395637512207,-0.06920919869833977,0.1143076071988635,0.22117301463381803,-0.713078654970642,4.112819870920935,-3.4702629925182578,0.0065757417177932645,0.06674189461903214,9.815836276774256,0,
delivery_area,DSC_0697.png,common,True,-0.5991671085357666,3.3665482997894287,-3.4707655906677246,-0.14605045462260963,0.11489118576942803,0.2187964702668039,-0.5975568732621097,3.367071268080089,-3.4710855733168353,0.0017230038784915342,0.058689087216372296,9.815836276774256,0,
delivery_area,DSC_0698.png,common,True,-0.4463936388492584,2.573486566543579,-3.471595048904419,-0.22765385026846927,0.11567150473879186,0.21349157335942276,-0.4477363058668349,2.578443906041593,-3.4719616334160683,0.005149014840028782,0.06356265471420439,9.815836276774256,0,
delivery_area,DSC_0699.png,common,True,-0.45615366101264954,1.8049354553222656,-3.4735043048858643,-0.30443248285468266,0.11567885472039068,0.22413027813385972,-0.4592015236571798,1.8176874818191413,-3.474492742918244,0.013148408885519082,0.05480159014500091,9.815836276774256,0,
delivery_area,DSC_0700.png,common,True,-0.4203931987285614,1.1837691068649292,-3.475402355194092,-0.3672204293043891,0.1159489862978596,0.22781316654293698,-0.41963074191518435,1.2015784111330956,-3.476316627370487,0.017849049064892094,0.055014658724897934,9.815836276774256,0,
delivery_area,DSC_0701.png,common,True,-0.15239763259887695,0.4329167306423187,-3.479994773864746,-0.44615023935812426,0.11793522389990754,0.20921875196240897,-0.14307778445133135,0.45495927329316466,-3.4816263855913285,0.02398740112713323,0.05063018474070022,9.815836276774256,0,
delivery_area,DSC_0702.png,common,True,0.07476316392421722,-0.20018912851810455,-3.483511209487915,-0.5125170621069836,0.11938856848133553,0.19439507523045546,0.08144544215657001,-0.1738005705002399,-3.4844251807978055,0.02723681663102515,0.05180209007724593,9.815836276774256,0,
delivery_area,DSC_0703.png,common,True,0.6236019134521484,-0.17362970113754272,-3.483400821685791,-0.5166134135526937,0.12258557707231721,0.13791475586694116,0.6374891580477169,-0.14591766077181934,-3.483658756931038,0.030998052749799755,0.08384148403315016,9.815836276774256,0,
delivery_area,DSC_0704.png,common,True,1.1745450496673584,-0.13433712720870972,-3.4857099056243896,-0.5193585720068001,0.12620630441714428,0.08167512459867235,1.1898128109135113,-0.10514977608404408,-3.4872430011972515,0.032975087280848525,0.13576612819354364,9.815836276774256,0,
delivery_area,DSC_0705.png,common,True,2.0038511753082275,-0.18096165359020233,-3.4868927001953125,-0.5340056327442203,0.13087628656807856,-0.0006811767906081328,2.011001820594802,-0.1489971689976448,-3.485805550415442,0.03277257844488484,0.14700169019420764,9.815836276774256,0,
delivery_area,DSC_0706.png,common,True,2.450334310531616,0.377362459897995,-3.481726884841919,-0.48281476910743754,0.13302045459244868,-0.052316169008507316,2.453074471183073,0.4116773669280107,-3.4800158531628815,0.034466635378015704,0.15159149870594485,9.815836276774256,0,
delivery_area,DSC_0707.png,common,True,2.309353828430176,1.1055734157562256,-3.4786031246185303,-0.4199020858258166,0.1321502974477376,-0.04756311058785582,2.3309668375995107,1.0188735321588682,-3.477083308225052,0.08936611115528614,0.1326626816063252,9.815836276774256,0,
delivery_area,DSC_0708.png,common,True,2.1513004302978516,1.4980701208114624,-3.4771010875701904,-0.3763668501920456,0.13139919482702006,-0.0363067957549174,2.1688958553869178,1.4294942649705704,-3.478095002852882,0.0708042008355783,0.2110430728125077,9.815836276774256,0,
delivery_area,DSC_0709.png,common,True,1.5030263662338257,1.2935595512390137,-3.4721972942352295,-0.380662122086082,0.12697435743743452,0.030170975026668743,1.5249776002241666,1.3078427295583888,-3.4720888804531933,0.026189265170101683,0.15828678315172445,9.815836276774256,0,
delivery_area,DSC_0710.png,common,True,0.370467871427536,1.704787254333496,-3.4677746295928955,-0.3254579212394369,0.1201447522637295,0.13769135260103554,0.40922236248797617,1.7165900717010274,-3.468454105591,0.04051763520736414,0.17561914600696957,9.815836276774256,0,
delivery_area,DSC_0711.png,common,True,1.0870040655136108,3.1041176319122314,-3.578249931335449,-0.1930923177742704,0.135134083913246,0.05457644666830937,1.0674716253735386,3.1061341490309173,-3.5745110047195663,0.019989050286454767,0.31775696943545306,9.815836276774256,0,
delivery_area,DSC_0712.png,common,True,2.225156307220459,3.1498231887817383,-3.5829553604125977,-0.203030862675669,0.14234482750154664,-0.06125837719687037,2.210067763115753,3.148356322699137,-3.5792772566270425,0.015599497003469838,0.33518893639497177,9.815836276774256,0,
delivery_area,DSC_0713.png,common,True,3.1108994483947754,3.3558902740478516,-3.5833523273468018,-0.19347318713897524,0.14770589778398688,-0.15328748217724578,3.096721340409559,3.3519321737879713,-3.5802672832799565,0.015040039913580806,0.33568744071266393,9.815836276774256,0,
delivery_area,DSC_0714.png,common,True,3.5631868839263916,3.567671537399292,-3.583465814590454,-0.17778492862650375,0.15040284024262518,-0.2018707001277713,3.5519676133692504,3.563083146557411,-3.5799765558869074,0.012613496289787009,0.3406825368573533,9.815836276774256,0,
delivery_area,DSC_0715.png,common,True,1.4282687902450562,-0.9698346257209778,-3.485039234161377,-0.6058258322706259,0.12697322844198644,0.07034556657585223,1.404049589043612,-0.9339394873627622,-3.4843595078049896,0.04330695893861678,0.07340524977426904,9.815836276774256,0,
delivery_area,DSC_0716.png,common,True,1.4093871116638184,-2.3691771030426025,-3.475647211074829,-0.7454345254010375,0.1253275961334094,0.08918671256969496,1.387159584583744,-2.31667846887472,-3.4724201910987915,0.05710151668313503,0.09459967122079686,9.815836276774256,0,
delivery_area,DSC_0717.png,common,True,1.3982945680618286,-3.258817434310913,-3.4696054458618164,-0.8342275595932866,0.12437350729083113,0.10110947113320916,1.3770578305518058,-3.1960446938077522,-3.465699460839292,0.06638277404073263,0.10569216343471315,9.815836276774256,0,
delivery_area,DSC_0718.png,common,True,1.1427431106567383,-0.44994956254959106,-3.4834280014038086,-0.550472140813543,0.1254003992169281,0.09216596032290678,1.124605780609779,-0.4208644522534364,-3.4838329772054353,0.0342792996948847,0.06080224551749603,9.815836276774256,0,
electro,DSC_9257.png,common,True,6.6328606605529785,2.7617859840393066,-3.4332284927368164,0.41481971214196867,0.07786248603758986,-0.5438630654092607,6.589919310888158,2.7266509654629205,-3.422960718803896,0.05642566989355942,2.6136604272495476,8.024990414337328,0,
electro,DSC_9258.png,common,True,5.553106307983398,3.4044415950775146,-3.41395902633667,0.35034943926763645,0.09059999547069798,-0.405621970779715,5.530326009672345,3.347871803942163,-3.437177581184737,0.0652547664885146,2.6436286515535365,8.024990414337328,0,
electro,DSC_9259.png,common,True,4.359419822692871,3.3221895694732666,-3.4101874828338623,0.22382024778595444,0.10158448574325271,-0.33357745556208535,4.3627477372748595,3.2488942550178965,-3.442471980539443,0.08015963403533119,2.655043441529168,8.024990414337328,0,
electro,DSC_9260.png,common,True,3.4266715049743652,3.0381503105163574,-3.41105318069458,0.11076044375212202,0.1089663704290996,-0.2997015670292153,3.459213922955005,2.9586536914338986,-3.4414352768689085,0.09111417662205135,2.6770134293623733,8.024990414337328,0,
electro,DSC_9261.png,common,True,2.3955681324005127,2.7484567165374756,-3.4154653549194336,-0.01140401874219428,0.11763318795273923,-0.26061078911745544,2.471237330075894,2.6615659625226638,-3.444723150720149,0.11887745465484548,2.671123163346206,8.024990414337328,0,
electro,DSC_9262.png,common,True,1.5965412855148315,2.0972414016723633,-3.424391984939575,-0.13578725077094872,0.12161049780004074,-0.27275610974613546,1.7037507506131957,2.0152779474560116,-3.432625114195084,0.1352022989859686,2.6787604162972793,8.024990414337328,0,
electro,DSC_9263.png,common,True,1.0966708660125732,1.099145531654358,-3.4336764812469482,-0.24952063044037245,0.1207194511990625,-0.33922293482933175,1.2557165115602669,1.0580094616870288,-3.410205618647397,0.16594750679418663,2.600825827812953,8.024990414337328,0,
electro,DSC_9264.png,common,True,0.945806086063385,-0.046383533626794815,-3.4391064643859863,-0.341886942404765,0.1146628549089323,-0.4441803180950045,1.126178558216167,-0.0568958403882025,-3.372227769107506,0.19265901792053192,2.591320526577385,8.024990414337328,0,
electro,DSC_9265.png,common,True,1.541632056236267,-0.8715189099311829,-3.449455738067627,-0.33732495502406507,0.10339138547683574,-0.5658693404205616,1.714770603730027,-0.841498609757247,-3.338519710759279,0.20780995453957624,2.548693107991941,8.024990414337328,0,
electro,DSC_9266.png,common,True,2.426682949066162,-1.3065438270568848,-3.4521257877349854,-0.2775160406941109,0.0915707374679048,-0.6700896478859245,2.5887812979891693,-1.2591156852728318,-3.3145020483006267,0.21786600701474632,2.5846005451899,8.024990414337328,0,
electro,DSC_9267.png,common,True,3.5600764751434326,-1.3896856307983398,-3.4569215774536133,-0.16985054973082228,0.08053334094087211,-0.7537194906246778,3.6845393605313213,-1.3226027204522994,-3.306500652284196,0.20644026116142405,2.599431737817896,8.024990414337328,0,
electro,DSC_9268.png,common,True,4.891241073608398,-1.010380506515503,-3.454429864883423,-0.014959330241219804,0.07001592890763397,-0.8059632144900115,4.949071563651669,-0.9635667553245924,-3.3073071926767703,0.1648665325541708,2.6231056948796203,8.024990414337328,0,
electro,DSC_9269.png,common,True,6.087475776672363,-0.24070283770561218,-3.4516501426696777,0.15617729572376662,0.06343527032348946,-0.8083415064223999,6.092269086607695,-0.2005925208148973,-3.323660631259347,0.1342129962867417,2.591583479772,8.024990414337328,0,
electro,DSC_9270.png,common,True,7.065364360809326,0.5127080082893372,-3.450944662094116,0.30564793664662326,0.0588409551503382,-0.7978686124874073,7.03314231188223,0.548848866656197,-3.341533079094246,0.11964663210927047,2.585857266423404,8.024990414337328,0,
electro,DSC_9271.png,common,True,7.849531650543213,1.6003000736236572,-3.443525552749634,0.45869665624982786,0.057963536459711376,-0.7408037017477817,7.784119899460141,1.6228681306655943,-3.369634580507407,0.1012318633499525,2.603278670867766,8.024990414337328,0,
electro,DSC_9272.png,common,True,7.75031852722168,2.6689443588256836,-3.4390809535980225,0.5207050699587082,0.06650775590846472,-0.6280299416702125,7.676558557174117,2.6514612328791762,-3.411954388743751,0.08051113832925125,2.566966761493082,8.024990414337328,0,
electro,DSC_9273.png,common,True,6.937585353851318,3.3785476684570312,-3.4251036643981934,0.4881284338910773,0.07819851941046077,-0.5017900904748476,6.882335205870353,3.338558323464798,-3.4358502131047377,0.06904502063095169,2.6199082183612754,8.024990414337328,0,
electro,DSC_9274.png,common,True,5.754258155822754,2.4868295192718506,-3.429713249206543,0.30504722683949514,0.08486042467304505,-0.5123698119987743,5.719094520537697,2.4355933678133694,-3.421227281049614,0.06271870628685959,2.5289642886493198,8.024990414337328,0,
electro,DSC_9275.png,common,True,5.875046730041504,2.5027711391448975,-3.4311959743499756,0.32545906749583897,0.08215466697448215,-0.5161785679001917,5.872552762547709,2.503033589001788,-3.409389943548761,0.021949754738743894,2.627846943387276,8.024990414337328,0,
electro,DSC_9276.png,common,True,6.143791198730469,2.318105936050415,-3.43550181388855,0.3479152533014892,0.0786495011035672,-0.5531660949588897,6.1904478981280135,2.360526396135381,-3.4068759305290497,0.06925160092448954,2.5479379020464528,8.024990414337328,0,
electro,DSC_9277.png,common,True,5.628854751586914,2.0224947929382324,-3.436655044555664,0.26817136708837125,0.08237485618040485,-0.5520666125439664,5.6574125855528425,2.0050440337355977,-3.4045333085041234,0.04638841239510927,2.680158002115552,8.024990414337328,0,
electro,DSC_9278.png,common,True,3.4006731510162354,0.9782459139823914,-3.4397337436676025,-0.029952966591257207,0.09745002691323881,-0.5087330377086218,3.486074357438069,0.9352991709581073,-3.387336054066196,0.10901058054273383,2.676538702285928,8.024990414337328,0,
electro,DSC_9279.png,common,True,3.3259589672088623,1.102518916130066,-3.4388511180877686,-0.033917147419748335,0.09951158341638006,-0.48902115374004773,3.3693246842966937,1.0477349113351182,-3.393402284642197,0.08335147905993029,2.615594787024631,8.024990414337328,0,
electro,DSC_9280.png,common,True,3.7003114223480225,0.8159936666488647,-3.4431214332580566,-0.005497630348977676,0.0933726278367176,-0.5411338205558903,3.7966818463900744,0.8321118104827159,-3.378975375633245,0.11688357412185546,2.653888404921347,8.024990414337328,0,
electro,DSC_9281.png,common,True,3.904137372970581,1.1334067583084106,-3.4390501976013184,0.03220076285657497,0.0931083734727465,-0.5226665474431877,3.9616795870351518,1.1257895097628916,-3.383529846831876,0.0803220905132518,2.6155818271440503,8.024990414337328,0,
electro,DSC_9282.png,common,True,1.0339499711990356,-0.3208792507648468,-3.44348406791687,-0.3586388232640019,0.11239160593131009,-0.48170180177465316,1.1872152704682968,-0.38136871126156624,-3.3642612951236677,0.18282635072746964,2.663718482033467,8.024990414337328,0,
electro,DSC_9283.png,common,True,0.9549049735069275,-0.04133079573512077,-3.44435715675354,-0.35270883001318065,0.11550741418252385,-0.4455040404580402,1.0603249435939812,-0.11481722388115578,-3.375284577079649,0.14589258541003267,2.612367679135941,8.024990414337328,0,
electro,DSC_9284.png,common,True,1.397841453552246,-0.012009107507765293,-3.4446053504943848,-0.300821517188893,0.11113174451656761,-0.4708043068297445,1.5198034199606505,-0.046178988513240427,-3.3722377294960744,0.14587451657876432,2.6253328992423883,8.024990414337328,0,
electro,DSC_9285.png,common,True,1.3550286293029785,-0.415414035320282,-3.4444503784179688,-0.3257316440349948,0.10849221498991904,-0.5090828755938235,1.5306878197977325,-0.41287172711745246,-3.3584251767432094,0.19560917631709782,2.598105577699282,8.024990414337328,0,
electro,DSC_9287.png,common,True,3.74623703956604,1.0220142602920532,-3.440220594406128,0.00902033758623855,0.09401595632785226,-0.5233081810882221,3.811195658643301,1.0160814439935142,-3.381877762362086,0.087514036317474,2.614716373078157,8.024990414337328,0,
electro,DSC_9289.png,common,True,1.0957481861114502,1.9801385402679443,-3.516072988510132,-0.19986780904942153,0.13972298902638297,-0.25115765681857144,1.1726598808749555,1.8686312255390032,-3.5424239606474717,0.1379987817411321,2.4538156991162,8.024990414337328,0,
electro,DSC_9290.png,common,True,0.3656280040740967,2.8910138607025146,-3.5083205699920654,-0.2122318288438401,0.15221101982411686,-0.10956891966521932,0.4416487102540094,2.74930409795781,-3.573827972850877,0.17364338298524296,2.460386683625439,8.024990414337328,0,
electro,DSC_9291.png,common,True,3.685481071472168,-0.8483492732048035,-3.5410444736480713,-0.1306559589470766,0.1019019077480906,-0.7144359962138958,3.7523997016603823,-0.8814846391910924,-3.4754132274171514,0.09941587412046397,2.3587332984957845,8.024990414337328,0,
electro,DSC_9292.png,common,True,3.7046475410461426,-0.8449482321739197,-3.4606192111968994,-0.2545081731088405,0.29852475344594814,-0.3634241025674975,1.2291365801629648,0.9011962692245805,-4.841997320985167,3.329471522542155,5.419415909789783,8.024990414337328,0,
electro,DSC_9293.png,common,True,1.7017595767974854,1.3166817426681519,-3.440531015396118,-0.18395317678242248,0.11815966656579413,-0.35829849100583716,1.7761200996033892,1.2303465179461464,-3.4243248695195883,0.11509082302224583,2.5994741365639378,8.024990414337328,0,
electro,DSC_9294.png,common,True,1.6691381931304932,1.356467366218567,-3.4273557662963867,-0.1846577610259745,0.1168632441408621,-0.35182682077289307,1.7428742076436474,1.2696941041169358,-3.4107623713049424,0.11507362690636176,2.5724684677870897,8.024990414337328,0,
electro,DSC_9295.png,common,True,1.6460174322128296,1.3849921226501465,-3.430020809173584,-0.18516982028392026,0.1175808141653534,-0.34740605785210527,1.719028438325827,1.296664315868742,-3.4143149814045275,0.11566797953779824,2.6043887157646983,8.024990414337328,0,
electro,DSC_9296.png,common,True,1.3330278396606445,1.774488091468811,-3.426786422729492,-0.19025009688484326,0.12316520427787206,-0.28681288408021605,1.4074420813468285,1.6745456742725864,-3.4297596545832354,0.12463870277088947,2.6057175390686877,8.024990414337328,0,
electro,DSC_9297.png,common,True,1.318373680114746,1.7997058629989624,-3.4364724159240723,-0.19002685865126806,0.12466317213828493,-0.28319933193024954,1.3916525254051866,1.6996470733347793,-3.4402121021565177,0.12407874841921437,2.620451133599783,8.024990414337328,0,
electro,DSC_9298.png,common,True,1.4214587211608887,1.6579891443252563,-3.479937791824341,-0.18880226707681672,0.12957116216294495,-0.3055007365529147,1.4980256730984576,1.5586366343818536,-3.4899959657594164,0.12583555230526927,2.620918375601242,8.024990414337328,0,
electro,DSC_9299.png,common,True,1.3058027029037476,1.5393508672714233,-3.433075428009033,-0.20845506031413155,0.12243153758763414,-0.3076615173079755,1.3823779906686484,1.4537995543284734,-3.426028863003779,0.11503241247975807,2.6285790641343594,8.024990414337328,0,
electro,DSC_9300.png,common,True,2.2570455074310303,2.4524755477905273,-3.4217569828033447,-0.04913131435237976,0.11784245414056232,-0.2791276881876112,2.30630607494962,2.367420850883876,-3.439739457852215,0.0999213409989034,2.6354337233067686,8.024990414337328,0,
electro,DSC_9301.png,common,True,3.242367744445801,3.050509452819824,-3.4126648902893066,0.09193079424466194,0.11110601595260108,-0.2849515065515383,3.266892192066644,2.9706063778715306,-3.4444539491178143,0.08942311881444544,2.6406038097856737,8.024990414337328,0,
electro,DSC_9302.png,common,True,4.630248546600342,3.716759204864502,-3.4058589935302734,0.27822265882959857,0.10108730894730365,-0.31074466916050997,4.618236866826175,3.6474697257947932,-3.449832864512974,0.08293981968844591,2.6391443341046674,8.024990414337328,0,
electro,DSC_9303.png,common,True,6.330723762512207,4.654481887817383,-3.4042561054229736,0.5147582844208402,0.09031035186314146,-0.3302939741018,6.273040820444187,4.594355998503075,-3.46628656557073,0.10387599509800764,2.657389856657846,8.024990414337328,0,
facade,DSC_0324.png,common,True,-1.762751817703247,12.570610046386719,-0.07764101028442383,-0.8644666566651897,-0.02955412660444232,-0.8759313843463781,-1.8261516692599642,12.481579170313427,-0.07557028226992202,0.10931754656184699,0.29611852665456184,13.315860575389223,0,
facade,DSC_0325.png,common,True,-0.676968514919281,13.132368087768555,-0.0587209016084671,-0.8911875454222362,-0.0004923913130325841,-0.7934257435083488,-0.7464402536862629,13.044732122962174,-0.054718046434585776,0.11190356412731506,0.2798428943654354,13.315860575389223,0,
facade,DSC_0326.png,common,True,0.06531528383493423,13.21229076385498,-0.04443126916885376,-0.8898159914069301,0.019019831418831783,-0.7380172467866851,0.025735205861808552,13.170062432580195,-0.03907534099904053,0.05812486990240839,0.3352820009754309,13.315860575389223,0,
facade,DSC_0327.png,common,True,0.9679940342903137,12.86444091796875,-0.027774197980761528,-0.8538360108654042,0.040509563016857084,-0.6786672045897055,0.9396927238467008,12.853003038033306,-0.026849886984505744,0.030539214480094227,0.311331043457729,13.315860575389223,0,
facade,DSC_0328.png,common,True,1.4621330499649048,12.318886756896973,-0.016908112913370132,-0.8081878109937738,0.05121266265978962,-0.6503477431664434,1.4472990796492873,12.329247388098217,-0.024288295193990894,0.01954114747674792,0.26191803205792136,13.315860575389223,0,
facade,DSC_0329.png,common,True,1.1006720066070557,11.512365341186523,-0.02837749756872654,-0.7544143225629976,0.039886947512121365,-0.6848030109613935,1.1040282680095714,11.536854392611982,-0.039623624355693554,0.027156095043825927,0.24980982134227428,13.315860575389223,0,
facade,DSC_0330.png,common,True,0.16995322704315186,10.808673858642578,-0.05231883376836777,-0.7155419844182203,0.013983650740226929,-0.7589427037326958,0.17100350536121844,10.836432395899285,-0.059785724785419436,0.028764456133184967,0.25459920673569764,13.315860575389223,0,
facade,DSC_0331.png,common,True,-1.0076059103012085,10.056440353393555,-0.08265170454978943,-0.6766141025515268,-0.018282474502282743,-0.851421393162478,-1.0159132910131952,10.087933555843914,-0.08627176721909668,0.03277101201676489,0.2517256833700025,13.315860575389223,0,
facade,DSC_0332.png,common,True,-3.1322686672210693,9.165827751159668,-0.1503497213125229,-0.640615808171354,-0.07314651019327427,-1.01189173459706,-3.1472060272847084,9.2030098075473,-0.14883224303317277,0.04009903718560012,0.2518850226876683,13.315860575389223,0,
facade,DSC_0333.png,common,True,-3.764780282974243,7.968326568603516,-0.1774509996175766,-0.5612979344288443,-0.09301588063841276,-1.071701924700005,-3.7782431037780704,8.01096094115503,-0.17398909813404773,0.044843305283386085,0.25460212627757445,13.315860575389223,0,
facade,DSC_0334.png,common,True,-4.511585712432861,7.039186954498291,-0.21826346218585968,-0.5033231736438999,-0.11329021418608187,-1.1350312824279516,-4.506302009583196,7.089854868604151,-0.21228003747560287,0.0512928494714974,0.2567986971530712,13.315860575389223,0,
facade,DSC_0335.png,common,True,-5.2346882820129395,6.481564521789551,-0.25468283891677856,-0.472492485076712,-0.13218349529937629,-1.1933701677822313,-5.233025189186245,6.536690410235272,-0.2466977121984537,0.05572604151909562,0.26196846952873637,13.315860575389223,0,
facade,DSC_0336.png,common,True,-5.284498691558838,5.29841947555542,-0.27631938457489014,-0.3855679549919017,-0.1367337934181847,-1.2123995805566907,-5.275242345925802,5.351271633016882,-0.2717483400734788,0.05385095106535536,0.2564465723644764,13.315860575389223,0,
facade,DSC_0337.png,common,True,-5.174988269805908,4.522204875946045,-0.28063735365867615,-0.3268177692729898,-0.13691033317960732,-1.21508772535819,-5.1657625969088965,4.575850489998721,-0.2773029188395557,0.054535157495456656,0.2601295564983394,13.315860575389223,0,
facade,DSC_0338.png,common,True,-4.999672889709473,3.6136362552642822,-0.284903347492218,-0.2574729289403083,-0.13602618773870298,-1.2151962720867857,-4.993958039972158,3.668529366807313,-0.2831673414707421,0.05521708901510737,0.25553495670684306,13.315860575389223,0,
facade,DSC_0339.png,common,True,-4.802073001861572,2.7067651748657227,-0.2967698872089386,-0.18770391063443947,-0.13390782250756245,-1.2134584350140574,-4.792809215592047,2.760885797060162,-0.29576179027441807,0.0549169895586972,0.2573238304228308,13.315860575389223,0,
facade,DSC_0340.png,common,True,-4.563135623931885,1.8265622854232788,-0.3241316080093384,-0.1194667224360083,-0.129665194854239,-1.2095089604788993,-4.558509210241628,1.8800634374227723,-0.32463809685109446,0.05370319822741589,0.2499239297661959,13.315860575389223,0,
facade,DSC_0341.png,common,True,-4.4221110343933105,0.8584871292114258,-0.3309045135974884,-0.04608196520140756,-0.12967365614945514,-1.2125092166102105,-4.416400770382825,0.9124779013581965,-0.33255045565591246,0.05431684561288187,0.2623826014096427,13.315860575389223,0,
facade,DSC_0342.png,common,True,-4.192701816558838,-0.07347916811704636,-0.32665374875068665,0.02591680659077363,-0.1279623118280378,-1.2089925092412206,-4.189893392874019,-0.020560364074814874,-0.33157761486752335,0.053221532506966374,0.260922317742573,13.315860575389223,0,
facade,DSC_0343.png,common,True,-3.9702601432800293,-0.8548705577850342,-0.32685667276382446,0.08651830065509601,-0.1254287026321006,-1.203606483601821,-3.964478950840528,-0.7994404343546209,-0.3330570002876252,0.05607463625326342,0.26321554336003106,13.315860575389223,0,
facade,DSC_0344.png,common,True,-3.757111072540283,-1.626860499382019,-0.330252081155777,0.1464918440175916,-0.12305324605303058,-1.1992840565300333,-3.7543567860138207,-1.5726819326301942,-0.3375841325218314,0.05474177716138065,0.26490287612706714,13.315860575389223,0,
facade,DSC_0345.png,common,True,-3.4748334884643555,-2.5171151161193848,-0.33031782507896423,0.21612161263244264,-0.1195301191929468,-1.1915874020691166,-3.474060000157319,-2.4636344303400812,-0.3398704262762058,0.05433262578984437,0.26731391569577523,13.315860575389223,0,
facade,DSC_0346.png,common,True,-3.2201077938079834,-3.3767006397247314,-0.3288419246673584,0.28311203972284793,-0.11671849432312106,-1.18519303788599,-3.2194330597867022,-3.3236015390763174,-0.3395839892280117,0.054178978457471154,0.27045565683565126,13.315860575389223,0,
facade,DSC_0347.png,common,True,-2.908337116241455,-4.085054874420166,-0.3263477087020874,0.339695927166177,-0.11237688634455088,-1.173963426694749,-2.9238805131556873,-4.034972609707115,-0.33663856495946476,0.053439050786213464,0.2713171142850366,13.315860575389223,0,
facade,DSC_0348.png,common,True,-2.393299102783203,-4.869752883911133,-0.3122597336769104,0.40503107870714794,-0.10361403566745571,-1.1491514614594784,-2.4201945403541014,-4.826060959899083,-0.32465933525161716,0.05278350978493474,0.27538972895152203,13.315860575389223,0,
facade,DSC_0349.png,common,True,-1.583329200744629,-5.712752342224121,-0.2758077383041382,0.47846708463623844,-0.08837022089979148,-1.1030320232214939,-1.6058129143216302,-5.6688908607735815,-0.29329573733965475,0.05229892007981512,0.27370796354731786,13.315860575389223,0,
facade,DSC_0350.png,common,True,-0.8891758918762207,-6.512579917907715,-0.2521122694015503,0.5472531620778088,-0.07533590423563599,-1.065255110207072,-0.9151710086843998,-6.4718561394702405,-0.27373241263673975,0.05293016929507673,0.271268115958336,13.315860575389223,0,
facade,DSC_0351.png,common,True,-0.16914258897304535,-7.28253698348999,-0.22577953338623047,0.6143200766955481,-0.061883910363773914,-1.0255199324748359,-0.20280075782294738,-7.247464797806863,-0.25036992321193097,0.05447584612192981,0.26947573251038326,13.315860575389223,0,
facade,DSC_0352.png,common,True,0.553486168384552,-7.830373764038086,-0.19230663776397705,0.6650893348147967,-0.047861283826663374,-0.9823943797485618,0.514008624245502,-7.801447486779411,-0.2196170284844987,0.05604519112826659,0.2672781844278221,13.315860575389223,0,
facade,DSC_0353.png,common,True,1.2473095655441284,-8.498785018920898,-0.15030361711978912,0.7236823204445177,-0.034897060908471916,-0.9411762745525407,1.2216436790758447,-8.463081076586475,-0.1839375919166364,0.05536021574251346,0.2723764365371172,13.315860575389223,0,
facade,DSC_0354.png,common,True,1.9701653718948364,-9.381817817687988,-0.12640027701854706,0.799459092477352,-0.021563162374214028,-0.9015363187375929,1.953537636392026,-9.353018493778997,-0.15883552636599862,0.04645350412829782,0.26425897092141765,13.315860575389223,0,
facade,DSC_0355.png,common,True,2.586416006088257,-10.353273391723633,-0.11159676313400269,0.8794709868922669,-0.010810449294069423,-0.8721573296172158,2.5581336956319074,-10.324125184315836,-0.14913468654590822,0.05530463609784774,0.2608652386398324,13.315860575389223,0,
facade,DSC_0356.png,common,True,3.1321840286254883,-11.203051567077637,-0.09258117526769638,0.9496780951144269,-0.001467857250732775,-0.8452680754702969,3.1018220906684135,-11.173736570115297,-0.1342824416646673,0.05933137401512268,0.2627413059314621,13.315860575389223,0,
facade,DSC_0357.png,common,True,3.8415234088897705,-11.875057220458984,-0.06711265444755554,1.0103367179302924,0.012529059236488322,-0.8036693855453874,3.823913760443671,-11.86072521422844,-0.10953330203663914,0.048114628366691274,0.21353108977698423,13.315860575389223,0,
facade,DSC_0358.png,common,True,4.333528518676758,-12.647590637207031,-0.04220588132739067,1.0761834972380124,0.020824060109172038,-0.777952326179457,4.3377824899492134,-12.656784082035324,-0.08745045144924823,0.04636471530064035,0.19588581625490548,13.315860575389223,0,
facade,DSC_0359.png,common,True,4.524853706359863,-13.525002479553223,-0.030513737350702286,1.1455773416837727,0.02098702580463994,-0.7754092452599415,4.538876118471364,-13.55918065349311,-0.07193148001730387,0.0554995947993027,0.22011636398439366,13.315860575389223,0,
facade,DSC_0360.png,common,True,4.468662738800049,-14.171165466308594,-0.029082389548420906,1.199583272367646,0.014032706810754091,-0.7787940656444426,4.597030750896546,-14.27939439941335,0.0033859767664798923,0.1710147458605804,0.28117161047186867,13.315860575389223,0,
facade,DSC_0361.png,common,True,4.351462364196777,-14.856274604797363,-0.03384256362915039,1.2601598767633653,0.004538030524911726,-0.7909535690642542,4.5519817860343155,-15.10788395335369,0.06992699117584467,0.3380583134895912,0.5656169628341903,13.315860575389223,0,
facade,DSC_0362.png,common,True,3.640874147415161,-15.229506492614746,-0.04801243916153908,1.2662985604301038,-0.012819237226446869,-0.8482407527037001,3.7850225310180585,-15.334188292278396,0.019251204858942383,0.19042435107691114,0.5986564454860899,13.315860575389223,0,
facade,DSC_0363.png,common,True,2.6646766662597656,-15.566439628601074,-0.06637592613697052,1.2781117289581054,-0.0388255218770643,-0.92149724748901,2.796375725315695,-15.678430752183031,0.002287595624685057,0.18601433584022395,0.7175375189836074,13.315860575389223,0,
facade,DSC_0364.png,common,True,1.779215931892395,-15.537521362304688,-0.08356866985559464,1.25729939933394,-0.057910997305496696,-0.9809485137653541,1.9292316414892419,-15.558282238975272,-0.0391505215826613,0.15782489987949616,0.8066619549786124,13.315860575389223,0,
facade,DSC_0365.png,common,True,1.1629565954208374,-15.030029296875,-0.11704602092504501,1.2088861437119203,-0.07769361043854138,-1.0325769976044636,1.0874419789954288,-15.059286579536076,-0.037608305876708936,0.11344071779871343,0.6017657595173993,13.315860575389223,0,
facade,DSC_0366.png,common,True,0.6492255330085754,-14.286916732788086,-0.12609466910362244,1.1256103728347924,-0.09257765656563155,-1.0797624527312535,0.23766597591369987,-14.089832251558581,-0.07924191732906616,0.4587142270809586,0.5906852272653652,13.315860575389223,0,
facade,DSC_0386.png,common,True,-2.460239887237549,10.067703247070312,-0.12319043278694153,-0.6517024989608614,-0.057369749294150514,-0.9445943761623863,-2.276930871964721,9.515989381523786,-0.03209162045733427,0.5884635741695907,1.0699846952720096,13.315860575389223,0,
facade,DSC_0387.png,common,True,-2.171077251434326,10.94414234161377,-0.09375328570604324,-0.7580079517792873,-0.048304955122902456,-0.9259269819211161,-2.2656040313655517,10.957799408313278,-0.06660869531357605,0.09929076685460728,0.37232597620054375,13.315860575389223,0,
facade,DSC_0388.png,common,True,-1.460540771484375,11.438496589660645,-0.06743468344211578,-0.7780908333889834,-0.027120682267068073,-0.8696586567419929,-1.5274959599182107,11.367271024356723,-0.06955210403121237,0.09777812577987323,0.29038220451898256,13.315860575389223,0,
facade,DSC_0389.png,common,True,-0.7879835367202759,11.536567687988281,-0.05608266964554787,-0.7781163368084494,-0.009718099478963495,-0.8195617268464902,-0.8335299066662873,11.496967430411612,-0.052530209389408444,0.060458847071945966,0.3187040609720402,13.315860575389223,0,
facade,DSC_0390.png,common,True,-0.5030041933059692,11.703485488891602,-0.06273571401834488,-0.7874132611852394,-0.00039189127264316467,-0.796852327238944,-0.5349646239129022,11.678431552079951,-0.06349698417054883,0.04061709500428827,0.2818517288524583,13.315860575389223,0,
facade,DSC_0391.png,common,True,0.733317494392395,11.115466117858887,-0.05129588767886162,-0.7247927341368958,0.028046791839715684,-0.7200980761423741,0.6892152039910169,11.058280004618403,-0.05444110897119003,0.07228524042415987,0.30540034578326947,13.315860575389223,0,
facade,DSC_0392.png,common,True,-1.242329716682434,13.175537109375,-0.07390174269676208,-0.9075018816596767,-0.0128431572941309,-0.828922132047748,-1.2780635459032883,13.166619198681305,-0.067863223148668,0.037321567494661964,0.3412547162017556,13.315860575389223,0,
facade,DSC_0393.png,common,True,-1.5788456201553345,15.21170425415039,-0.05224687606096268,-1.0630596269836752,-0.012603500235599887,-0.8234723261595811,-1.5894280678631105,15.215733693459256,-0.0581066449930403,0.012749959708524166,0.21613845489178232,13.315860575389223,0,
facade,DSC_0394.png,common,True,-1.4680380821228027,14.58863639831543,-0.046109333634376526,-1.0104968006381754,-0.012531296050806637,-0.8201749227032445,-1.4205432392898683,14.535336520564869,-0.039307751125007506,0.07171400552598957,0.2937108720167736,13.315860575389223,0,
facade,DSC_0395.png,common,True,-1.0980151891708374,8.297097206115723,-0.12782451510429382,-0.5435698770070667,-0.024655690251942735,-0.8798870823929917,-1.069715991865822,8.27555229277445,-0.12890316203042618,0.035583582424798484,0.3168621845354796,13.315860575389223,0,
facade,DSC_0396.png,common,True,-0.23514148592948914,3.604820489883423,-0.1717361956834793,-0.18773705542514832,-0.018419342527994802,-0.8828644099507631,-0.20995512687648876,3.6154994408193963,-0.19149331658396562,0.03374517005018668,0.24146177324407564,13.315860575389223,0,
facade,DSC_0397.png,common,True,-0.010217561386525631,1.0752599239349365,-0.16368809342384338,-2.0684187143542942e-05,-0.025048337022515212,-0.9019781575492372,-0.01705206195365072,1.1088467106602833,-0.18278062217655222,0.03923400686533274,0.22803331180136863,13.315860575389223,0,
facade,DSC_0398.png,common,True,-0.5185244679450989,0.962647020816803,-0.18287207186222076,0.0011516023655058865,-0.03755749892825215,-0.9391068753118387,-0.526774605070738,0.9979285153508823,-0.20014682904160486,0.0401405761637374,0.21896239689084407,13.315860575389223,0,
facade,DSC_0399.png,common,True,-0.3557167053222656,-0.009213224984705448,-0.18537406623363495,0.07508534002263646,-0.03736663022988298,-0.9407481297187456,-0.3657570085404611,0.026453045488648907,-0.20415140602990478,0.041538885733928325,0.22093752946017073,13.315860575389223,0,
facade,DSC_0400.png,common,True,-0.06074608489871025,-0.9902292490005493,-0.1877162903547287,0.15155887934855924,-0.033805237314589585,-0.9334386081157142,-0.07334266086023966,-0.9549528780881809,-0.2081639796892012,0.042675567598107894,0.22320036241998087,13.315860575389223,0,
facade,DSC_0401.png,common,True,0.13497954607009888,-1.9558645486831665,-0.1898108571767807,0.2256181117553977,-0.03281618895764883,-0.9327159708955914,0.12062367411362374,-1.9219849215458695,-0.21106839598226212,0.042494742623759095,0.23153980776660926,13.315860575389223,0,
facade,DSC_0402.png,common,True,1.1637768745422363,-1.822439193725586,-0.14907826483249664,0.2302588662471659,-0.008191270529379192,-0.858922577696016,1.1496005228605277,-1.79296950317338,-0.17302732344094407,0.040533800913276095,0.2375730048250157,13.315860575389223,0,
facade,DSC_0404.png,common,True,1.1006908416748047,0.13515745103359222,-0.13199985027313232,0.08503661438631692,-0.002346383216181796,-0.8365933760969362,1.0960861297992661,0.16423326054067378,-0.15346921417553316,0.036435417608729724,0.27610329390896804,13.315860575389223,0,
facade,DSC_0405.png,common,True,2.3600056171417236,0.2704608142375946,-0.0823955312371254,0.09277669639828175,0.027676674294237567,-0.746867841816516,2.352710273492985,0.2937112121641259,-0.10806070730077044,0.03539073756045701,0.2752624740168883,13.315860575389223,0,
facade,DSC_0406.png,common,True,0.2767724096775055,-0.23520991206169128,-0.1625308245420456,0.10070141645282772,-0.02338840317264638,-0.8990584638874267,0.27193007785984946,-0.20161479369022972,-0.18160814864009112,0.0389361586519095,0.27467506318145196,13.315860575389223,0,
facade,DSC_0407.png,common,True,-1.0687612295150757,-0.47650811076164246,-0.21996207535266876,0.09951401091936339,-0.055600419579310396,-0.9964682175843772,-1.0729608170661677,-0.4363384936826411,-0.23508228610268533,0.04312604137870529,0.27312774908275883,13.315860575389223,0,
facade,DSC_0408.png,common,True,-2.9009244441986084,-0.8246706128120422,-0.28871244192123413,0.09933742344493991,-0.10010697011900586,-1.129039379224325,-2.902872788650713,-0.7751522833590943,-0.2994220216975414,0.05070065183900333,0.26496421848729534,13.315860575389223,0,
facade,DSC_0409.png,common,True,-4.149303436279297,-1.0548171997070312,-0.33786541223526,0.09875384444271737,-0.1301010515912427,-1.2191423131559778,-4.146540462079917,-0.9991622397772297,-0.34636994226995466,0.05636874685785797,0.2608672234104883,13.315860575389223,0,
facade,DSC_0410.png,common,True,-5.4809746742248535,-1.3080931901931763,-0.39098137617111206,0.09872814884180836,-0.16215686825256465,-1.3154289792633096,-5.474117828873224,-1.2463757255527859,-0.3964504633928483,0.06233757041185486,0.26123302140718935,13.315860575389223,0,
facade,DSC_0411.png,common,True,-6.823836326599121,-1.5742645263671875,-0.44422024488449097,0.09942757271275154,-0.19457693412892169,-1.412857209536992,-6.8155934453520555,-1.5060039994569538,-0.4472624751672223,0.06882368625995795,0.25795909071669865,13.315860575389223,0,
facade,DSC_0412.png,common,True,-8.495365142822266,-1.9214645624160767,-0.5030622482299805,0.10132057211672181,-0.23556975465251379,-1.53420524684524,-8.486751135062226,-1.8432291775787282,-0.50281929625889,0.07870854843025815,0.2537857868921314,13.315860575389223,0,
facade,DSC_0413.png,common,True,0.5327968001365662,-6.627239227294922,-0.21528945863246918,0.5787862666507303,-0.04278942650027996,-0.9695109969426121,0.48483307014426025,-6.637962217262748,-0.22972957386410053,0.051225177759845024,0.2946770240441897,13.315860575389223,0,
facade,DSC_0414.png,common,True,2.501938819885254,-10.589556694030762,-0.1178179532289505,0.8990831471890696,-0.01491319195510539,-0.8829679203255534,2.4545809102663263,-10.609045114643736,-0.1468739410063118,0.058879712696147724,0.2784850183655523,13.315860575389223,0,
facade,DSC_0415.png,common,True,3.3318228721618652,-13.519335746765137,-0.07101175934076309,1.1292270801234143,-0.008176500764231251,-0.8617184720213544,3.3070816526143645,-13.567380399195317,-0.11280253020271447,0.06831460386381938,0.3136927183528196,13.315860575389223,0,
facade,DSC_0419.png,common,True,4.574969291687012,-15.458722114562988,-0.02625120058655739,1.2969523832746706,0.008837732810778801,-0.7869756216431076,4.710231882091796,-15.576968783325318,0.03790214270226855,0.19077183883250345,0.5818347925932841,13.315860575389223,0,
facade,DSC_0420.png,common,True,3.6001522541046143,-15.601175308227539,-0.05815475806593895,1.2942772137345209,-0.014849110138528413,-0.8574045215368712,3.731595196161738,-15.723206726416956,0.004041408556369586,0.18983486819987191,0.6693615112928404,13.315860575389223,0,
facade,DSC_0421.png,common,True,2.8246476650238037,-14.866876602172852,-0.07027221471071243,1.2130330988129019,-0.02685180110973423,-0.9125312427980061,2.802737029081637,-14.79645453133526,-0.11045138734670878,0.08398636759711808,0.41720316714681194,13.315860575389223,0,
facade,DSC_0422.png,common,True,-2.8150722980499268,14.684398651123047,-0.06114582717418671,-1.0278504411961247,-0.050016220319660055,-0.9030486125683251,-2.651019243670591,14.541720666172475,0.03954997739171695,0.2396039588527692,0.3131765110058825,13.315860575389223,0,
kicker,DSC_6487.png,ground_truth_only,False,-0.26428449153900146,-1.9592088460922241,-0.2511070668697357,,,,,,,,,,0,missing_estimated
kicker,DSC_6489.png,common,True,-0.7003143429756165,-3.7062292098999023,-0.24918028712272644,-0.8693623443517081,-0.050769078206284235,-1.4970183034757572,-0.6953660370139204,-3.686439871065648,-0.25178124642962973,0.02056377039124021,0.30384771494111246,2.5674034353782536,0,
kicker,DSC_6490.png,common,True,-0.5892562866210938,-3.6216211318969727,-0.24969340860843658,-0.8198136711501546,-0.05159760952468097,-1.5000379245903737,-0.5922421738849403,-3.6115435697510634,-0.24994025622500685,0.01051350157192506,0.3288562129804645,2.5674034353782536,0,
kicker,DSC_6491.png,common,True,0.35521143674850464,-2.396693229675293,-0.2504964768886566,-0.2393252870607611,-0.05379359852479938,-1.3656661791365698,0.3389972544259354,-2.397883696828904,-0.25260052987088705,0.016393412072700907,0.21849603207649437,2.5674034353782536,0,
kicker,DSC_6492.png,common,True,0.057629719376564026,-1.6779513359069824,-0.25104254484176636,-0.15381327909503037,-0.05874857443476427,-1.080705952689675,0.043405918148872846,-1.6934527665932402,-0.2488298010331312,0.021154363848822678,0.18829931674835382,2.5674034353782536,0,
kicker,DSC_6493.png,common,True,0.2827739715576172,-0.6348772048950195,-0.245675727725029,0.17658787892036806,-0.0635660025433091,-0.8245348916524247,0.28017301467359434,-0.6464486014509432,-0.2464218467363145,0.011883555383217148,0.27755164758340867,2.5674034353782536,0,
kicker,DSC_6494.png,common,True,0.3009496033191681,-0.6061064600944519,-0.24614645540714264,0.18756900322186168,-0.06296151406781361,-0.8158724749901044,0.28780970779290205,-0.6113774467564488,-0.24830904054074113,0.014321903829177062,0.23904950647777137,2.5674034353782536,0,
kicker,DSC_6495.png,common,True,1.9505424499511719,0.2105320692062378,-0.24147479236125946,0.8876678108072378,-0.06419909289971873,-0.9812915130322856,1.9453492217712056,0.20330645380902834,-0.2455961982894985,0.009806381780397387,0.2599220980034174,2.5674034353782536,0,
kicker,DSC_6496.png,common,True,1.8187657594680786,1.2718266248703003,-0.23592138290405273,1.1130279960819673,-0.07169476247768983,-0.6273792660687999,1.814388298172481,1.2726767478322811,-0.2383680224285693,0.0050863465678096026,0.35703145624161764,2.5674034353782536,0,
kicker,DSC_6497.png,common,True,-0.3343418836593628,1.875913381576538,-0.24139907956123352,0.6178211129564984,-0.07811451754597808,0.09432580058774712,-0.3449287133482657,1.8950405998820135,-0.23918071816819605,0.02197390657660278,0.51625034717983,2.5674034353782536,0,
kicker,DSC_6499.png,common,True,-1.494917631149292,-0.7737305164337158,-0.2509203255176544,-0.386693986425462,-0.06439624195616515,-0.42947343602591953,-1.480962467600099,-0.7826879749477529,-0.251551172469739,0.01659459612622058,0.5564042612673131,2.5674034353782536,0,
kicker,DSC_6500.png,common,True,-0.5933089852333069,-1.891780972480774,-0.25169679522514343,-0.39092861172405663,-0.0592529312265602,-0.9830488754184387,-0.5859321214940474,-1.8868438837439632,-0.2485909743811584,0.009404205811107983,0.4751365961378385,2.5674034353782536,0,
kicker,DSC_6502.png,common,True,-0.8004461526870728,-3.8979928493499756,-0.32110077142715454,-0.9446791889881142,-0.022559164802915258,-1.5302689268379293,-0.7900274634954563,-3.876016748617846,-0.32266495207384194,0.024370981698645027,0.3177522359048856,2.5674034353782536,0,
kicker,DSC_6503.png,common,True,0.0675882026553154,-4.6102495193481445,-0.3178154528141022,-0.8602504219416685,-0.019274726991298816,-1.9547129461466752,0.06998793791391344,-4.57951327965229,-0.31936505548414834,0.030868696577396767,0.2978799919505054,2.5674034353782536,0,
kicker,DSC_6504.png,common,True,0.7829164266586304,-4.893817901611328,-0.3194378912448883,-0.7273265611563783,-0.017921839158134285,-2.2271062108689663,0.7779716733999886,-4.902476064238904,-0.3159035719928705,0.010578552710535781,0.3192915806015116,2.5674034353782536,0,
kicker,DSC_6505.png,common,True,1.2145696878433228,-2.9674525260925293,-0.32072150707244873,-0.12142894219968936,-0.023522106967377606,-1.761026359709626,1.2182281256477472,-2.9898614624693747,-0.31968272663186903,0.022729356821390195,0.24692725783885572,2.5674034353782536,0,
kicker,DSC_6506.png,common,True,-0.8728184700012207,-1.6097906827926636,-0.33130428194999695,-0.41100192109537503,-0.02875340564289824,-0.8273656580902127,-0.8793841031433844,-1.6118926504004052,-0.33127556298929817,0.006893956132742472,0.3486837828614988,2.5674034353782536,0,
kicker,DSC_6507.png,common,True,-1.7267942428588867,-0.7364624738693237,-0.3303375840187073,-0.4512132615775191,-0.035219905732887934,-0.3567301084451463,-1.7271779539338323,-0.744606339945727,-0.3280862862895914,0.00845802165547891,0.47431361630864666,2.5674034353782536,0,
kicker,DSC_6508.png,common,True,1.64406418800354,0.7620958089828491,-0.3189236521720886,0.9474465544241144,-0.040573718158374336,-0.7404043086262803,1.6710377796839313,0.777617088890865,-0.3137190845137217,0.03155269089370936,0.28776777284004335,2.5674034353782536,0,
kicker,DSC_6509.png,common,True,2.7926347255706787,0.2154514044523239,-0.31619489192962646,1.1583009384943805,-0.03655859417478337,-1.1921448731268827,2.8261855414175905,0.22631595124905834,-0.3124539179209219,0.035463932489581886,0.33046934045455034,2.5674034353782536,0,
kicker,DSC_6510.png,common,True,2.4760582447052,0.38683924078941345,-0.3583489954471588,1.0873972838947001,-0.01906809802734729,-1.053655386921575,2.4598790882958723,0.3845971464719892,-0.3608566059831251,0.01652513841532985,0.2441577693231082,2.5674034353782536,0,
kicker,DSC_6511.png,common,True,2.0947153568267822,0.18795117735862732,-0.35891345143318176,0.9240959291765553,-0.018814684724621944,-1.0184062339275353,2.0786929844187076,0.18795853336379997,-0.3613016679573693,0.016199384243243447,0.2681798484766639,2.5674034353782536,0,
kicker,DSC_6512.png,common,True,1.7980316877365112,0.007392605300992727,-0.35981473326683044,0.7901900726390018,-0.01835634440705667,-0.999642425251783,1.7826739277424388,0.0066131063993463135,-0.36201431087399366,0.0155340449408109,0.25489755482044224,2.5674034353782536,0,
kicker,DSC_6513.png,common,True,1.3513833284378052,-0.23356188833713531,-0.36313241720199585,0.5968482546213769,-0.015679462675130634,-0.9619239772515665,1.3379480536115542,-0.23422069783682276,-0.3685261555023437,0.014492517119755636,0.2622601447754715,2.5674034353782536,0,
kicker,DSC_6514.png,common,True,1.1955024003982544,-0.08382104337215424,-0.3631182610988617,0.5920645611981994,-0.017883562339441023,-0.8840897878411852,1.2014240830792824,-0.08771110087741885,-0.36509986150077167,0.007357011167716291,0.3499592309305907,2.5674034353782536,0,
kicker,DSC_6515.png,common,True,1.4230173826217651,0.19435308873653412,-0.3618256747722626,0.7381203648855335,-0.021654850597741436,-0.8577642670642115,1.4479030753584525,0.20291258437281806,-0.357287839257199,0.026704954965214824,0.2870329377363969,2.5674034353782536,0,
kicker,DSC_6516.png,common,True,1.6988656520843506,-0.28918251395225525,-0.3605906069278717,0.7025597530011587,-0.020312948437532858,-1.0713022910162355,1.7259024186730776,-0.278356097663392,-0.3542414468363676,0.02980788270073232,0.3730629796011749,2.5674034353782536,0,
kicker,DSC_6517.png,common,True,0.47161734104156494,-0.46828556060791016,-0.36530351638793945,0.2762355074549968,-0.01717763525569989,-0.8207612144190841,0.47210808067211074,-0.477621663765913,-0.36637351014040365,0.009410023070756566,0.31442030975928575,2.5674034353782536,0,
kicker,DSC_6518.png,common,True,0.06729770451784134,-0.6366024017333984,-0.3664102256298065,0.10881090370464977,-0.01668105015925184,-0.7678946926110846,0.05400357794166433,-0.6460805828017278,-0.3679251283008257,0.016397092665778077,0.2011375639972673,2.5674034353782536,0,
kicker,DSC_6519.png,common,True,-0.4914737045764923,-1.2444525957107544,-0.3691045641899109,-0.20912360522768275,-0.01465167042186596,-0.8154584708120877,-0.4985077827624552,-1.2592354710446843,-0.3693488651885062,0.01637288435318181,0.23931643238049474,2.5674034353782536,0,
kicker,DSC_6520.png,common,True,-0.5345222353935242,-1.8775372505187988,-0.370860755443573,-0.377967570050736,-0.011969842348270726,-0.9990080005322327,-0.5335996117981143,-1.8986121091244157,-0.3696101545814666,0.021132082293561404,0.2308077238644685,2.5674034353782536,0,
meadow,DSC_6535.png,common,True,1.5964256525039673,-12.816487312316895,4.304633617401123,-0.7404611201982908,-0.2810812889603003,-0.6489359631823013,1.559727882424661,-12.791562899086262,4.310520421458569,0.044750499055269864,0.44431357136254573,8.609265928917043,0,
meadow,DSC_6536.png,common,True,4.183969020843506,-10.17565631866455,4.072720527648926,-0.35388299359709613,-0.2759137365303456,-0.8362602676544933,4.163203852183533,-10.1744779316646,4.081942482429489,0.022751379636706277,0.42429424767840707,8.609265928917043,0,
meadow,DSC_6537.png,common,True,5.425259113311768,-8.045196533203125,3.9930953979492188,-0.0730075053171222,-0.27098903681720177,-0.8940254737855473,5.42355200186073,-8.052666339969797,4.0049996807211246,0.014157125094847817,0.47755095532962377,8.609265928917043,0,
meadow,DSC_6538.png,common,True,6.138944149017334,-5.781984329223633,3.9589953422546387,0.20325450050094526,-0.2607469838222812,-0.8876751945055694,6.149080575118519,-5.785624432190939,3.9632614584722243,0.011584352864934658,0.4621452397168351,8.609265928917043,0,
meadow,DSC_6539.png,common,True,0.5893920660018921,-13.313273429870605,4.337108135223389,-0.8380648460861934,-0.27371601661475814,-0.5696378880407915,0.6351104779126384,-13.357852937751066,4.334891951405279,0.06389379610901456,0.4463409962942504,8.609265928917043,0,
meadow,DSC_6540.png,common,True,-1.9143341779708862,-8.915365219116211,3.7460474967956543,-0.4506312868471798,-0.1292951758775342,-0.13882190956486115,-1.8893783899686873,-8.924387077259912,3.70266713723797,0.05085313042999163,0.4430034429744463,8.609265928917043,0,
meadow,DSC_6541.png,common,True,-5.975620746612549,-6.410790920257568,3.4963409900665283,-0.32944665769704834,-0.02769276137006122,0.39684662514081737,-5.967552366545978,-6.3825844506908975,3.531587842708815,0.04585896099456737,0.7030484102742737,8.609265928917043,0,
meadow,DSC_6547.png,common,True,9.988518714904785,-0.43705517053604126,3.686699390411377,0.9363012457814368,-0.25062423325837546,-1.1079149687513052,10.000237438599058,-0.444316151577417,3.6978045324395263,0.01770238713200269,0.5463278088145591,8.609265928917043,0,
meadow,DSC_6548.png,common,True,9.069525718688965,2.008840560913086,3.655059814453125,1.1709108419133674,-0.2136166647646548,-0.9162444054461202,9.086011085531801,2.018743288674899,3.6569492734295173,0.019323596774175847,0.6661742809118201,8.609265928917043,0,
meadow,DSC_6553.png,common,True,9.134462356567383,-2.190758466720581,3.708690881729126,0.7145341978239999,-0.25130357592094166,-1.0736769531917496,9.092865380985621,-2.1497412300598358,3.7168474377771754,0.05898518023536259,0.5500673950209574,8.609265928917043,0,
meadow,DSC_6556.png,common,True,9.468626022338867,3.6698176860809326,3.6403748989105225,1.3656320376632551,-0.20387339371485536,-0.8976878844419245,9.481273719948799,3.6575140623831457,3.623849001967921,0.024175373434272146,0.5273615613537318,8.609265928917043,0,
meadow,DSC_6557.png,common,True,8.522653579711914,1.6795175075531006,3.676581621170044,1.1111167136169626,-0.2080220571936574,-0.8672152882984561,8.514713003972936,1.6736730926336678,3.6632312306747856,0.01659647116687208,0.5145353773813388,8.609265928917043,0,
meadow,DSC_6558.png,common,True,5.194890022277832,-7.119551181793213,4.041285991668701,0.019699932146288405,-0.2648376158515732,-0.831911082971586,5.181586102708216,-7.122206983778296,4.043759297635992,0.013790025471572253,0.4552471851716188,8.609265928917043,0,
meadow,DSC_6559.png,common,True,0.10414919257164001,-12.514178276062012,4.286513805389404,-0.7649003557744514,-0.253318737946319,-0.4769168286662174,0.07490056638720843,-12.49250522489028,4.288420627423073,0.03645324746901429,0.4860904637103479,8.609265928917043,0,
meadow,DSC_6560.png,common,True,-1.891432762145996,-13.185599327087402,4.131355285644531,-0.9197777459337494,-0.20857290618502744,-0.29641195340147136,-1.869903409108644,-13.21972551507713,4.114770820934837,0.043625155800573016,0.41564323755563853,8.609265928917043,0,
office,DSC_0219.png,common,True,-1.6126614809036255,-0.040459368377923965,-0.18527741730213165,0.6504079061159265,0.6362287924145856,0.42407949583571514,-1.6148800773169836,-0.03556121161760473,-0.18399017161921072,0.005529114860646776,0.3434528492441706,2.0284291148366553,0,
office,DSC_0220.png,common,True,-1.4302295446395874,0.24477067589759827,-0.1845187395811081,0.8103632423995969,0.6013208696915121,0.4118555354134785,-1.4309083898843684,0.24201053358492386,-0.1871523671821128,0.003874946553612228,0.2642670563972064,2.0284291148366553,0,
office,DSC_0221.png,common,True,-1.1287171840667725,0.3353458344936371,-0.18424977362155914,0.9021094436058447,0.49646518963463326,0.348945622727125,-1.1328906213979124,0.32765147867620614,-0.1896810758685947,0.010301443330953166,0.2173373611492953,2.0284291148366553,0,
office,DSC_0222.png,common,True,-1.0278942584991455,0.06748776882886887,-0.18410024046897888,0.7968371514681821,0.42389018582710875,0.2927186798713675,-1.0358477927076777,0.061456646239159474,-0.19062874075282457,0.011927047499468076,0.16655811286030775,2.0284291148366553,0,
office,DSC_0223.png,common,True,-1.006122350692749,-0.18161004781723022,-0.18380549550056458,0.6873787184693751,0.38444578838052096,0.2566880536905609,-1.0153747148624848,-0.18473919966354302,-0.19351265852657906,0.013770506454750137,0.18053497505330407,2.0284291148366553,0,
office,DSC_0228.png,common,True,-1.4951653480529785,0.22122377157211304,-0.1846691071987152,0.7953163263394828,0.6251021336969057,0.43010177479129696,-1.4983073545344125,0.23546750373926573,-0.18060034129165342,0.015143017096517527,0.3597269324032798,2.0284291148366553,0,
office,DSC_0229.png,common,True,-1.4090250730514526,0.3362913727760315,-0.18617366254329681,0.8609559080310744,0.6063345476224601,0.4209910489320987,-1.4115670166393801,0.34493691724170406,-0.18391253083798986,0.009290835963511108,0.3544395826409245,2.0284291148366553,0,
office,DSC_0230.png,common,True,-1.2529690265655518,0.19905491173267365,-0.1777794063091278,0.8209713231874287,0.5243565833939833,0.36732495293932266,-1.2547755749545888,0.19841400668243825,-0.17872797318393702,0.0021387275378913703,0.29843173617464147,2.0284291148366553,0,
office,DSC_0231.png,common,True,-1.0430331230163574,-0.035540588200092316,-0.1807531714439392,0.7462265986647341,0.4140322433547447,0.2878289161352071,-1.0516303710182207,-0.04199043869547836,-0.1813071149441852,0.010761974633859613,0.2531403213042236,2.0284291148366553,0,
office,DSC_0235.png,common,True,-1.4504395723342896,0.1922335922718048,-0.17704150080680847,0.7892096013539814,0.6033328457245984,0.4132183868944385,-1.450787260293556,0.20377411493182684,-0.18427869642322764,0.013626501773155787,0.2701724933032485,2.0284291148366553,0,
office,DSC_0236.png,common,True,-1.3418806791305542,0.1846686452627182,-0.2081330418586731,0.7994420765019044,0.5613764942572438,0.37868177494378086,-1.3413194405335407,0.18329773431391816,-0.1976568831685364,0.010580372701055663,0.30944502702623544,2.0284291148366553,0,
office,DSC_0237.png,common,True,-0.8992935419082642,0.11444578319787979,-0.21245837211608887,0.8407885833537954,0.38207492704113255,0.26018697007916475,-0.9042569311963408,0.10581700549301254,-0.2052202044803139,0.01230780681634986,0.25646626645385223,2.0284291148366553,0,
office,DSC_0238.png,common,True,-0.8319051265716553,-0.3721693456172943,-0.212764173746109,0.6352784543573564,0.2791974689761902,0.18011474245266768,-0.8069735089818936,-0.37813373048149046,-0.19975460161154027,0.028747320041612828,0.9846148097611641,2.0284291148366553,0,
office,DSC_0239.png,common,True,-1.3019375801086426,-0.41796064376831055,-0.21323050558567047,0.5194900829145953,0.4730504591876089,0.29626253767420235,-1.3189066746782363,-0.4347571715796248,-0.20245580101211752,0.026194804364137004,0.4282183611089036,2.0284291148366553,0,
office,DSC_0240.png,common,True,-1.5990005731582642,-0.08897574990987778,-0.21538999676704407,0.6297265220214657,0.6169062174083305,0.3893777674333466,-1.5640517792034143,-0.10239489557689985,-0.21863933010029263,0.03757725158179968,0.9602525786165771,2.0284291148366553,0,
office,DSC_0241.png,common,True,-1.527275562286377,0.2911800444126129,-0.2137705236673355,0.8187475716672092,0.6476419495566006,0.43051560150342233,-1.5181268429811094,0.2921106717243238,-0.20796401155446162,0.010875693772667002,0.129748768728532,2.0284291148366553,0,
office,DSC_0242.png,common,True,-1.1910141706466675,0.06390883773565292,-0.2283279299736023,0.7737089914314982,0.49635733125999837,0.3144351179852579,-1.1910129091902184,0.06756634892687297,-0.23106590712803035,0.004568797281926851,0.2965529931431103,2.0284291148366553,0,
office,DSC_0243.png,common,True,-0.996259331703186,0.047349363565444946,-0.22943530976772308,0.7979768902981299,0.4186168839102569,0.2631581825933329,-0.997033802138403,0.04601287884401417,-0.23501444548161904,0.005789019880749448,0.21226124328353307,2.0284291148366553,0,
office,DSC_0248.png,common,True,-1.4887572526931763,0.2304472029209137,-0.23159383237361908,0.7997757846170429,0.6373187612263936,0.4089545984840801,-1.4936786214937845,0.23991462620635806,-0.23054758225267125,0.010721315863874061,0.38964722016172093,2.0284291148366553,0,
office,DSC_0249.png,common,True,-0.5571680068969727,-0.3581186532974243,-0.2032065987586975,0.6910644451497467,0.18576909412180964,0.12074610178543299,-0.5568756487129579,-0.3525724049950454,-0.20419421725847353,0.005641075592517921,0.3858916491538664,2.0284291148366553,0,
office,DSC_0250.png,common,True,-1.1706353425979614,-0.35246947407722473,-0.20277172327041626,0.5840824272664924,0.4267451359856201,0.2690922092238789,-1.1705218443180136,-0.35110578429095574,-0.20571673460556178,0.0032474025708034843,0.30263881714061003,2.0284291148366553,0,
office,DSC_0251.png,common,True,-1.4620277881622314,-0.39908620715141296,-0.20289106667041779,0.5118088748988535,0.5347083778254654,0.33485230472087213,-1.462329206757149,-0.39683001055539613,-0.20437410731855143,0.002716741764183094,0.3139584428616106,2.0284291148366553,0,
office,DSC_0252.png,common,True,-1.7744640111923218,-0.4599039852619171,-0.20305296778678894,0.4277377474146172,0.6492726245251491,0.40254069418435523,-1.7752191647254867,-0.4603471466743212,-0.205519428131318,0.002617264894356277,0.27989390013448934,2.0284291148366553,0,
office,DSC_0253.png,common,True,-0.15092143416404724,-0.7246266007423401,-0.20166155695915222,0.5935036834044665,-0.02219746447636532,-0.021679355964320118,-0.15005226130889715,-0.7200910338603392,-0.2021956948994596,0.004648884998847412,0.3159920062059867,2.0284291148366553,0,
office,DSC_0254.png,common,True,-0.10249097645282745,-0.9991030693054199,-0.201969712972641,0.47473428396367273,-0.07644845363338848,-0.06704117435724273,-0.10312965205576818,-0.9965209768896033,-0.20325436989159734,0.0029538874672255097,0.2903354470819414,2.0284291148366553,0,
office,DSC_0255.png,common,True,-1.5541738271713257,-0.9193785190582275,-0.20293165743350983,0.2576986668960808,0.5033762835407306,0.294422661759782,-1.5550047047821929,-0.9143809096404766,-0.20459249495885506,0.005331494985670375,0.2958827096402498,2.0284291148366553,0,
pipes,DSC_0634.png,common,True,-0.8624590635299683,-0.07181409001350403,0.18187826871871948,-0.7865046887814031,0.3347663705662409,-1.353699628886847,-0.864938181091981,-0.07586273818507383,0.18371480153407804,0.005090228745874205,0.3176407899539989,1.54385172415859,0,
pipes,DSC_0635.png,common,True,-0.28631675243377686,-0.08038280159235,0.18150021135807037,-0.4144556510519259,0.333136986296147,-1.3800579630276546,-0.28915478263683686,-0.08322160871044337,0.18176365242951342,0.004022765527015146,0.26869481875689455,1.54385172415859,0,
pipes,DSC_0636.png,common,True,0.4850885272026062,-0.02340167947113514,0.18262620270252228,0.08652797483505574,0.3309590215003355,-1.372065198175281,0.48228463698714163,-0.026125747751023276,0.1806908816050904,0.0043620885002525565,0.21469417186551717,1.54385172415859,0,
pipes,DSC_0637.png,common,True,0.6047927737236023,0.20421253144741058,0.18501071631908417,0.17204622522947227,0.33213011055242775,-1.2242805896481141,0.6008774516197483,0.20928569329271163,0.18344443030486968,0.006596966739636497,0.1895123886552938,1.54385172415859,0,
pipes,DSC_0638.png,common,True,1.0640653371810913,-0.42910343408584595,0.18200862407684326,0.4443419501396881,0.32366684207189045,-1.6523330677379904,1.0588667961428766,-0.4261952165210645,0.17839200913685105,0.006968677202617482,0.1545059031400295,1.54385172415859,0,
pipes,DSC_0639.png,common,True,0.5769463777542114,-0.7326158285140991,0.18334153294563293,0.13135088059104544,0.3168000370340192,-1.8340588423888369,0.5927837817890508,-0.7344758606263833,0.18534165562783123,0.01607120333905704,0.4229964750359689,1.54385172415859,0,
pipes,DSC_0640.png,common,True,0.583431601524353,0.3113328814506531,0.1845833659172058,0.16805528062436909,0.3304680372397771,-1.1588669508944764,0.5889045187674289,0.30966088465900743,0.1884231027940224,0.0068914422078412375,0.36049621577346685,1.54385172415859,0,
pipes,DSC_0641.png,common,True,0.5088199973106384,1.1742453575134277,0.1860288381576538,0.14868781985902935,0.3444372147414553,-0.5989914379115431,0.508899704944509,1.1711037175884749,0.1873802517150741,0.0034209024142957487,0.3126141182753986,1.54385172415859,0,
pipes,DSC_0642.png,common,True,1.2394322156906128,0.3823964595794678,0.18292565643787384,0.5915774620532428,0.3327814970880037,-1.1383893183701035,1.2397919154741184,0.3792184201200153,0.18160223275303378,0.003461324744904289,0.2326242729279424,1.54385172415859,0,
pipes,DSC_0643.png,common,True,-1.0273369550704956,0.07878993451595306,0.1905660182237625,-0.8864170735489313,0.3300777538114625,-1.2480689763264698,-1.028303884668228,0.0777835123492785,0.1957298822603124,0.00534914294186631,0.347300879894662,1.54385172415859,0,
pipes,DSC_0644.png,common,True,-0.01384797040373087,-0.02570870704948902,0.1888982206583023,-0.2363144837710263,0.32722638896335676,-1.3532300890193127,-0.01692684254925053,-0.02614448997185148,0.19018046063040417,0.0033635546360859664,0.2539184779653069,1.54385172415859,0,
pipes,DSC_0645.png,common,True,0.7133830785751343,-0.056282855570316315,0.18858246505260468,0.23357891390339383,0.32371735326219697,-1.398290777566534,0.7113483290258169,-0.05362682319621648,0.18952837343753903,0.0034769895561250668,0.2536556893653127,1.54385172415859,0,
pipes,DSC_0646.png,common,True,-1.1374237537384033,0.4992941617965698,0.18516281247138977,-0.9406662345593423,0.34777658740254846,-0.9695636157221437,-1.136987114618843,0.5026900792465272,0.17904038820426227,0.0070147692730671545,0.0811922023800759,1.54385172415859,0,
pipes,DSC_0647.png,common,True,-1.2368451356887817,-0.38840776681900024,0.18380339443683624,-1.0377352712180399,0.333293119497554,-1.5374469822315644,-1.2357160510884586,-0.38153565910621534,0.18168420504361993,0.007279537082474758,0.193505288516499,1.54385172415859,0,
playground,DSC_0567.png,common,True,2.05242919921875,-1.1631475687026978,0.8608391880989075,-0.3233405069178985,-0.16450538019831334,-0.14762764077102516,2.0467752777139463,-1.1574768460678495,0.8620782010832573,0.008103028863286212,0.14669613961072148,4.3451151934041485,0,
playground,DSC_0568.png,common,True,1.827148675918579,-0.7004510164260864,0.8476407527923584,-0.2087358046643322,-0.16609785014880774,-0.11729736439819216,1.8198651389621245,-0.6951661854785124,0.8489826721876415,0.009098356796911875,0.14616152719134545,4.3451151934041485,0,
playground,DSC_0569.png,common,True,1.6149117946624756,-0.4616299271583557,0.8442329168319702,-0.14527643837924606,-0.1701390041819739,-0.08027643210489907,1.6070815701174301,-0.4565679625486547,0.845826059832084,0.009459070078739725,0.14611882708985804,4.3451151934041485,0,
playground,DSC_0570.png,common,True,1.3836594820022583,-0.3768937885761261,0.8456549644470215,-0.11580728122579982,-0.17613180300404843,-0.03192622336187995,1.3743890429762637,-0.37253030615356686,0.8474252583537366,0.010397834346767556,0.1439536428227843,4.3451151934041485,0,
playground,DSC_0571.png,common,True,1.0811985731124878,-0.2728566825389862,0.8525921106338501,-0.07918561298084188,-0.18479751895784097,0.03173053304633865,1.0695210437018716,-0.2711965133408004,0.8529885527021231,0.011801610958505078,0.16162725437356398,4.3451151934041485,0,
playground,DSC_0572.png,common,True,0.7481304407119751,-0.11684679239988327,0.8483507037162781,-0.02920419713740009,-0.19140140748289958,0.09987327401597403,0.7352399723811148,-0.1166803998032937,0.8468695038923622,0.012976355929284615,0.13923976786662745,4.3451151934041485,0,
playground,DSC_0573.png,common,True,0.4536215364933014,-0.09375648945569992,0.8433389663696289,-0.011648355886496594,-0.19722701753692204,0.1617900608130107,0.45534042086160176,-0.09496238136612065,0.8419279161009843,0.0025297829218823465,0.2523191931020426,4.3451151934041485,0,
playground,DSC_0574.png,common,True,0.24004638195037842,-0.18742609024047852,0.8445819020271301,-0.024720538663013082,-0.20292872513131754,0.21314442540110343,0.2463421906495198,-0.19471443928241222,0.842949150542074,0.009768475640814855,0.20263569185644828,4.3451151934041485,0,
playground,DSC_0575.png,common,True,0.13152693212032318,-0.40612003207206726,0.8534852862358093,-0.06916265997672995,-0.2084598148256039,0.24714780545786422,0.13764494291713048,-0.41330456779810043,0.8529735985069336,0.009450366873321884,0.19960160315807202,4.3451151934041485,0,
playground,DSC_0576.png,common,True,0.09896843880414963,-0.701363205909729,0.8594411015510559,-0.13453719625975805,-0.21127130435314107,0.26737541833515993,0.10641427866826625,-0.7092014532183988,0.8587890176064559,0.010830690911698217,0.1983146770810385,4.3451151934041485,0,
playground,DSC_0577.png,common,True,0.41399946808815,-0.7791411876678467,0.8635337948799133,-0.1662197861445704,-0.20448967932054657,0.19997039761290958,0.42205124469317523,-0.7863798939683732,0.8628896750032412,0.01084642179790354,0.18120851343919822,4.3451151934041485,0,
playground,DSC_0578.png,common,True,0.7732446789741516,-0.8446046710014343,0.86710125207901,-0.1971609233566595,-0.1965287492962681,0.12208556606735771,0.7819881748202676,-0.851407486637512,0.8668088224654334,0.01108208172088651,0.16026882010196114,4.3451151934041485,0,
playground,DSC_0579.png,common,True,1.1181577444076538,-0.9564065337181091,0.8663787245750427,-0.23793092446917322,-0.1877882545859554,0.04968681287158091,1.1274453895365029,-0.9629541839220624,0.8652551090366576,0.011419044929890763,0.10200639768872248,4.3451151934041485,0,
playground,DSC_0580.png,common,True,1.4635624885559082,-1.1485810279846191,0.8743281364440918,-0.2964712727390373,-0.18112943649655558,-0.019389804920785625,1.473005406930646,-1.1531351106987495,0.8719999599949101,0.01073912391108444,0.07961123025978872,4.3451151934041485,0,
playground,DSC_0581.png,common,True,1.9297436475753784,-1.3200464248657227,0.8722571134567261,-0.3546861875044374,-0.1694470100776595,-0.11503826509165181,1.9331759620109341,-1.3190393612270745,0.8695785798440666,0.00446872485961686,0.10234123236072243,4.3451151934041485,0,
playground,DSC_0582.png,common,True,2.1993954181671143,-1.2125697135925293,0.8574634790420532,-0.3415566821173328,-0.15951690374234187,-0.17859861264655608,2.195807918872339,-1.208442590396988,0.8560553354995641,0.005646783624103389,0.15866177972808782,4.3451151934041485,0,
playground,DSC_0583.png,common,True,2.171142578125,-0.9120638966560364,0.8520348072052002,-0.27173185658441656,-0.1588493087866996,-0.18509809596335014,2.1641010102467915,-0.9053919119144117,0.8527976992737991,0.009730419460856853,0.1215963169200095,4.3451151934041485,0,
playground,DSC_0584.png,common,True,1.9821773767471313,-0.6731851100921631,0.8475121855735779,-0.20926329960462126,-0.16222582871664606,-0.15298052706180992,1.9732388934544896,-0.6668025841037065,0.849134704982728,0.011102508311153338,0.05709120011587448,4.3451151934041485,0,
playground,DSC_0585.png,common,True,1.6922768354415894,-0.4928320348262787,0.8468145728111267,-0.1558439822835157,-0.16883652552123285,-0.0967356834005627,1.6864023675001576,-0.48749113832982216,0.8484937398212632,0.00811505704408181,0.10344814034664979,4.3451151934041485,0,
playground,DSC_0586.png,common,True,1.4612438678741455,-0.3929171860218048,0.8455145359039307,-0.12279954334497886,-0.1740852263594812,-0.0490345265365169,1.4537610107512722,-0.3876347560558765,0.8470092797126543,0.009280704505585291,0.10597837676504718,4.3451151934041485,0,
playground,DSC_0587.png,common,True,1.430206060409546,-0.25335973501205444,0.719433605670929,-0.09268932154996723,-0.1435898132854981,-0.05140968295652922,1.4525558316950566,-0.25596866087113324,0.7149332778219657,0.02294715061616507,0.07034143501102437,4.3451151934041485,0,
playground,DSC_0588.png,common,True,1.2499518394470215,-0.8376441597938538,0.7278191447257996,-0.21650060754328673,-0.1524874416264601,0.01798455181747737,1.2600935837549874,-0.8430365858437707,0.7267004642544881,0.011540566810554632,0.061144394940757386,4.3451151934041485,0,
playground,DSC_0589.png,common,True,0.9588381052017212,-1.4634417295455933,0.7736115455627441,-0.3451002281215662,-0.1719233268675894,0.11044917587199135,0.9690462009775045,-1.4706538798834163,0.773325671271945,0.012502082065522778,0.04757987400819496,4.3451151934041485,0,
playground,DSC_0590.png,common,True,0.7096907496452332,-1.7824863195419312,0.7972570061683655,-0.40554050711134004,-0.18423983967624327,0.1803049371267575,0.7189738967497006,-1.7882866647334423,0.7965163880165154,0.010971296174596632,0.03820621340531618,4.3451151934041485,0,
playground,DSC_0591.png,common,True,1.1174290180206299,0.17267318069934845,0.7508723139762878,0.017809796562226286,-0.15886186582599213,0.001737445651198246,1.1260670889425666,0.1687774878268614,0.7503495193353029,0.009490311188037896,0.062495793877189836,4.3451151934041485,0,
playground,DSC_0592.png,common,True,1.7492303848266602,1.3787740468978882,1.012333631515503,0.2622860899809519,-0.2001143115464631,-0.2012996617622422,1.75781352471868,1.3816794853447987,1.0123415383280325,0.009061563082186808,0.04501035914651365,4.3451151934041485,0,
playground,DSC_0593.png,common,True,1.7863399982452393,1.2205523252487183,1.1260424852371216,0.22567104820631972,-0.22609916696202975,-0.20536864047619255,1.7939842059554119,1.2279988803860395,1.1282997024048518,0.010907801074081073,0.12218747492145764,4.3451151934041485,0,
playground,DSC_0594.png,common,True,0.420692503452301,0.46708059310913086,0.8340347409248352,0.11824314599372623,-0.19569855417475587,0.14555631860087928,0.41403630592912255,0.47233396940760186,0.8365865515232669,0.008855205549910877,0.16605220726511635,4.3451151934041485,0,
playground,DSC_0595.png,common,True,0.03295735642313957,-0.3185763359069824,0.843869149684906,-0.04155722219076468,-0.20935086267267267,0.26940541515259003,0.019437428258589184,-0.31472206117703977,0.8449507148414088,0.014100130299264553,0.08518102092715553,4.3451151934041485,0,
playground,DSC_0596.png,common,True,0.7200060486793518,-1.1713443994522095,0.8915526270866394,-0.26574263841093493,-0.20513656642929282,0.15205482840301782,0.7095034853474358,-1.169536360388479,0.8932172855939646,0.010786284334417136,0.15768269667150264,4.3451151934041485,0,
playground,DSC_0597.png,common,True,1.7852575778961182,-1.660430908203125,0.8976709246635437,-0.4250925223486352,-0.18100040720977578,-0.06489674380049534,1.7754392413006057,-1.6622803063051572,0.8992738901005658,0.010118769936848397,0.14733220315569653,4.3451151934041485,0,
playground,DSC_0598.png,common,True,2.892204761505127,-0.9746286273002625,0.8503069877624512,-0.32148369938407423,-0.13961292497363947,-0.346292752598624,2.8981684141118644,-0.9789919984920138,0.848283737809141,0.007661442484573112,0.11826923831114919,4.3451151934041485,0,
playground,DSC_0599.png,common,True,2.8646271228790283,-0.22488008439540863,0.8461402654647827,-0.15158903705822493,-0.13749995525069375,-0.3751214522601098,2.8763587839612037,-0.23049928412222442,0.8443925074813614,0.013124859438694498,0.07250511597178638,4.3451151934041485,0,
playground,DSC_0602.png,common,True,3.5396413803100586,-2.937908172607422,0.8666945695877075,-0.7917970693965778,-0.13235455809356036,-0.40154183248672937,3.5366022885378934,-2.9352299453174373,0.8662155987245633,0.00407901866926366,0.22214688442897848,4.3451151934041485,0,
playground,DSC_0603.png,common,True,2.8887760639190674,-2.925097942352295,0.8796518445014954,-0.7595070060114703,-0.15158532430958516,-0.2561730567625593,2.8844398852962616,-2.9225228824193743,0.8790394110939903,0.0050802021008655935,0.2057313629241553,4.3451151934041485,0,
playground,DSC_0604.png,common,True,1.5545340776443481,-2.0745742321014404,0.912157416343689,-0.5070865448386198,-0.19114559934849917,0.00434611924360489,1.547368473424569,-2.071119453078803,0.9144387565869616,0.008275620534760475,0.15771041881711986,4.3451151934041485,0,
playground,DSC_0605.png,common,True,0.784835934638977,-0.8951284885406494,0.8663936257362366,-0.20581066963057862,-0.19727179962274724,0.12493040823654251,0.7769670961677803,-0.890718090510225,0.8691013382213391,0.009418170553485332,0.10082413229268741,4.3451151934041485,0,
playground,DSC_0606.png,common,True,2.9042246341705322,-3.2189722061157227,0.8795928955078125,-0.8270882361395551,-0.1520652552710748,-0.2461924716563017,2.8995821833699154,-3.21897615233101,0.879732084943893,0.004644538589341219,0.20612116902945377,4.3451151934041485,0,
relief,DSC_0427.png,common,True,2.075666666030884,-3.4164178371429443,-0.3432064950466156,-1.0636396417281786,-0.04191161909811572,-1.2709784941064426,2.086072799317973,-3.424101205207486,-0.34225532776115825,0.0129702148790529,0.23555229609284528,2.1688780138048918,0,
relief,DSC_0428.png,common,True,1.8974220752716064,-2.669678211212158,-0.33953943848609924,-0.7169111941321848,-0.089991956916612,-1.331754150656444,1.9072499733372035,-2.674578484597477,-0.339208219969912,0.010986808696982776,0.2551764335925666,2.1688780138048918,0,
relief,DSC_0429.png,common,True,1.6642462015151978,-2.058635711669922,-0.3402509391307831,-0.4160743856218985,-0.11952135705836842,-1.3459791064504347,1.6728792916290312,-2.0615110634941414,-0.33984840421995327,0.009108234042944169,0.2657438096718711,2.1688780138048918,0,
relief,DSC_0430.png,common,True,1.4801002740859985,-1.637807846069336,-0.34053629636764526,-0.20396702875976458,-0.13760145216308323,-1.3460406148736166,1.4873146870108003,-1.6387398603567698,-0.3402851844266155,0.007278699175570791,0.2857089272942126,2.1688780138048918,0,
relief,DSC_0431.png,common,True,1.3166489601135254,-1.1335704326629639,-0.34008800983428955,0.037914652339588864,-0.16466335293814396,-1.36909798382983,1.3226177485442552,-1.1347177454141903,-0.34055556400061165,0.006096012531022701,0.2949987250424981,2.1688780138048918,0,
relief,DSC_0432.png,common,True,1.0057896375656128,-0.7503320574760437,-0.3395199477672577,0.25991418532437455,-0.1677576607536769,-1.310252261086083,1.008473014725746,-0.7480916756072724,-0.34016928193521173,0.003555482915598917,0.3371565409075788,2.1688780138048918,0,
relief,DSC_0433.png,common,True,0.7028414011001587,-0.45419925451278687,-0.340364009141922,0.44212268772229846,-0.1632799326464961,-1.239272850724479,0.7040478758607946,-0.4526414284873961,-0.34145091315539067,0.0022502807842424335,0.3451683235547724,2.1688780138048918,0,
relief,DSC_0434.png,common,True,0.2563210427761078,-0.1549820601940155,-0.33862122893333435,0.6528247788320979,-0.1462618932059405,-1.1099670941386213,0.2562571721780109,-0.15543197524536678,-0.34048644462389344,0.0019197740958356228,0.3523289745568348,2.1688780138048918,0,
relief,DSC_0435.png,common,True,-0.0869995579123497,0.05222507566213608,-0.33993956446647644,0.8051942687870131,-0.13054001322196554,-1.0070415945291697,-0.08713288391068996,0.05021057472937818,-0.3414976630398251,0.0025502276357586185,0.3421312567264425,2.1688780138048918,0,
relief,DSC_0436.png,common,True,-0.7650718092918396,-0.3489367663860321,-0.33749672770500183,0.769165188831488,-0.03298662781335199,-0.6579547855590014,-0.7665504606713794,-0.3528927668569479,-0.3378557195217178,0.004238540403555249,0.348528054488977,2.1688780138048918,0,
relief,DSC_0437.png,common,True,2.205578565597534,-3.7740607261657715,-0.34428977966308594,-1.2376544923663622,-0.02336693217987283,-1.2599634986352122,2.2156470397275654,-3.7816503804538373,-0.34333505697306904,0.012644703196765679,0.24246818345238594,2.1688780138048918,0,
relief,DSC_0438.png,common,True,1.9593106508255005,-4.366397857666016,-0.34513962268829346,-1.4366203876793981,0.05109439827990488,-1.0538262964259848,1.969234016766595,-4.374497521360979,-0.34440984202335345,0.01283005547109222,0.24686865503633146,2.1688780138048918,0,
relief,DSC_0439.png,common,True,1.6533479690551758,-4.781113624572754,-0.3449842035770416,-1.550250199525306,0.11523634842847266,-0.8546094232834341,1.6627368126105915,-4.790236958257328,-0.3432742307773796,0.013202636395952767,0.2312321454457616,2.1688780138048918,0,
relief,DSC_0440.png,common,True,0.9336344003677368,-4.866682529449463,-0.21659542620182037,-1.4430626266062714,0.1348802555304319,-0.5284486597119623,0.931352111902807,-4.862335571020089,-0.2161611299170892,0.004928843828606176,0.336290951301739,2.1688780138048918,0,
relief,DSC_0441.png,common,True,1.455482840538025,-4.365061283111572,-0.21854668855667114,-1.3329660075713634,0.04422858934597927,-0.8293684964718647,1.4477515644899297,-4.3574034286022565,-0.21982232572965116,0.010956396086979833,0.3212502008016829,2.1688780138048918,0,
relief,DSC_0442.png,common,True,1.949398159980774,-3.97255277633667,-0.21800017356872559,-1.2641038876752102,-0.035351079962854706,-1.0991807038949892,1.937281095498765,-3.9638268814804385,-0.22129019462408944,0.015290151446205746,0.30651971848016835,2.1688780138048918,0,
relief,DSC_0443.png,common,True,2.389859676361084,-3.715177536010742,-0.21873831748962402,-1.2432996493241535,-0.09876152196259046,-1.3236212375354481,2.3765694421507138,-3.7090040716169685,-0.22177058091929575,0.014964511669099354,0.30959962334973135,2.1688780138048918,0,
relief,DSC_0444.png,common,True,2.1000795364379883,-3.6958374977111816,-0.22016939520835876,-1.1834301537348104,-0.07224251217928615,-1.2095702871926595,2.0915414625374713,-3.698228455848391,-0.2222870299581316,0.009115907178006019,0.2655927714657839,2.1688780138048918,0,
relief,DSC_0445.png,common,True,0.6016176342964172,-3.552135705947876,-0.2174665480852127,-0.8287530244335372,0.05721564864145686,-0.625441335243983,0.5906854799902581,-3.5463771789403276,-0.22029831416219092,0.012676416298980664,0.23720381436341448,2.1688780138048918,0,
relief,DSC_0446.png,common,True,-0.321028470993042,-3.0413386821746826,-0.2143048197031021,-0.43843055545338944,0.09974186166708515,-0.3421953054679638,-0.3274864455288431,-3.036950823401348,-0.21633560664345397,0.008067393340905626,0.22525689771655508,2.1688780138048918,0,
relief,DSC_0447.png,common,True,-0.7900876998901367,-2.3027002811431885,-0.21507129073143005,-0.041804859423350695,0.08093771380503992,-0.28479985840474675,-0.7913542011116287,-2.3007540218895213,-0.21539423722197332,0.0023444071451606003,0.2503592379229693,2.1688780138048918,0,
relief,DSC_0448.png,common,True,-0.7698667049407959,-1.5263381004333496,-0.21518805623054504,0.27436144973656146,0.012458945478659667,-0.43282266290863264,-0.7660069734319104,-1.5295830435017397,-0.2144543206853668,0.005095640360939389,0.29269890687994465,2.1688780138048918,0,
relief,DSC_0449.png,common,True,-0.4344422221183777,-1.9857137203216553,-0.21745248138904572,0.01935574378104851,0.019990408348068468,-0.4882091585571368,-0.43032189048461544,-1.985547009447964,-0.2161751815834143,0.004316992017719605,0.31084025417276984,2.1688780138048918,0,
relief,DSC_0450.png,common,True,-0.0015198510373011231,-2.4843029975891113,-0.21618770062923431,-0.2703416071279601,0.020016432589919236,-0.5760736231078771,0.0026290837707474424,-2.4791570719388,-0.21467834729793517,0.006780291905122672,0.3162647513521004,2.1688780138048918,0,
relief,DSC_0451.png,common,True,0.41305655241012573,-3.1106655597686768,-0.2163916528224945,-0.6088572511220763,0.032919321037128836,-0.6345900723960282,0.41819877962320073,-3.0982214457988064,-0.21439811813897658,0.013611489769323559,0.3193729264744449,2.1688780138048918,0,
relief,DSC_0452.png,common,True,0.11411144584417343,-0.3059421479701996,-0.21627533435821533,0.6098877687914009,-0.17313633451622962,-1.0070983485458287,0.11055264403949594,-0.31525579270909887,-0.21770935585723483,0.010073006813610931,0.3241289622980976,2.1688780138048918,0,
relief,DSC_0453.png,common,True,-0.4152638018131256,-0.6520770788192749,-0.21587175130844116,0.5698263957894597,-0.09474086758834317,-0.729390026775867,-0.4198819455579802,-0.6585807472057406,-0.2144099040767165,0.00810937429510769,0.3757433523371788,2.1688780138048918,0,
relief,DSC_0454.png,common,True,-1.1067911386489868,-2.024963140487671,-0.2169158160686493,0.13197273807142215,0.0881988877796238,-0.2043376214717293,-1.1074864052899478,-2.030904862134912,-0.21551722716663496,0.006143574102439369,0.341182586433341,2.1688780138048918,0,
relief,DSC_0455.png,common,True,-0.24445246160030365,-1.763666033744812,-0.21694189310073853,0.07576153556546757,-0.016374496714762436,-0.6014577858628333,-0.24864918964527116,-1.765292410835766,-0.21555447243467785,0.004709837027966981,0.3900611519123881,2.1688780138048918,0,
relief,DSC_0456.png,common,True,0.5460292100906372,-1.439525842666626,-0.21752940118312836,0.06076891992649688,-0.12027972837100882,-0.981224818832133,0.5389940790852847,-1.4337960110405739,-0.21441877088512507,0.009591666152250856,0.43720782750751747,2.1688780138048918,0,
relief,DSC_0457.png,common,True,1.228602647781372,-1.2392522096633911,-0.21595768630504608,0.014136266766918901,-0.20381400745634634,-1.2952020514974278,1.220406050634396,-1.227741115396196,-0.21227372601828137,0.014603460528673744,0.468509058598635,2.1688780138048918,0,
relief_2,DSC_0458.png,common,True,1.1481882333755493,1.537034273147583,-0.3854891061782837,-0.28660113861931785,-0.07057490653372793,-1.2625275505802904,1.1555834922116808,1.5360707097235409,-0.38568105520921425,0.007460238076362401,0.23501087114911082,2.397599862843062,0,
relief_2,DSC_0459.png,common,True,0.44961342215538025,0.7553615570068359,-0.38135868310928345,-0.5639304085263571,0.04639858267300351,-0.9450067318149241,0.45617020169730926,0.7543255130937854,-0.37977976204437125,0.00682332299400017,0.2042641437795425,2.397599862843062,0,
relief_2,DSC_0460.png,common,True,0.5981841087341309,1.1072770357131958,-0.3831087648868561,-0.4288138419944245,0.011869326090784288,-1.0217720523503835,0.6046908809801694,1.105912879365102,-0.38181625874682623,0.006772708448314981,0.2116473637618623,2.397599862843062,0,
relief_2,DSC_0461.png,common,True,0.8168628215789795,1.8457082509994507,-0.38515356183052063,-0.13854832771059516,-0.051336988209117584,-1.146099278018968,0.8241014731186755,1.8461887137860022,-0.3840924289281987,0.007331774930996927,0.22559876194879486,2.397599862843062,0,
relief_2,DSC_0462.png,common,True,0.7871437072753906,2.2818424701690674,-0.38518649339675903,0.04203399396542195,-0.07117981443487267,-1.1560004966089437,0.794206481507139,2.2813789858213376,-0.3848765532726248,0.007084748440826107,0.23810261963055243,2.397599862843062,0,
relief_2,DSC_0463.png,common,True,0.633406400680542,2.8185551166534424,-0.3859134018421173,0.2723577262079507,-0.08267019576560866,-1.1217191525602894,0.6401745269044166,2.818723311435958,-0.3860553394812841,0.0067717035050699256,0.2508951641383822,2.397599862843062,0,
relief_2,DSC_0464.png,common,True,0.46034273505210876,3.206324338912964,-0.3839205503463745,0.4422734133089909,-0.08528481505906944,-1.0718996626931163,0.46680062846601356,3.2062929514692575,-0.38389442136591456,0.006458022548783581,0.25320842231813845,2.397599862843062,0,
relief_2,DSC_0465.png,common,True,-0.06397105008363724,3.67470383644104,-0.38502237200737,0.6672779503173795,-0.05254677266107078,-0.8867325632544804,-0.05797624269364765,3.6741568249885166,-0.3839824594239699,0.006108875129954729,0.2484269065021465,2.397599862843062,0,
relief_2,DSC_0466.png,common,True,-0.45274218916893005,4.042301177978516,-0.3824193477630615,0.8419305077527315,-0.030514919904753274,-0.750174855479154,-0.44679246548060636,4.04042295672634,-0.3811198133382866,0.006373046113178386,0.24897991658315038,2.397599862843062,0,
relief_2,DSC_0467.png,common,True,-0.998312771320343,4.457948684692383,-0.3829309940338135,1.0462122056296814,0.007509830853794255,-0.5540433958206015,-0.9924942572716977,4.454598440298978,-0.3814178256462787,0.00688250839439087,0.25460014447649465,2.397599862843062,0,
relief_2,DSC_0468.png,common,True,-1.6330848932266235,4.733877182006836,-0.383809894323349,1.1988331907395275,0.06288740809131119,-0.31561760585611365,-1.6271768851669852,4.7293534414601,-0.3817610321199628,0.007717941700699544,0.24995380213966864,2.397599862843062,0,
relief_2,DSC_0469.png,common,True,-0.30083444714546204,3.8354458808898926,-0.25858938694000244,0.7426382336705426,-0.08267343736440717,-0.7846769472562108,-0.29910917693226025,3.832118881933421,-0.26298895635214714,0.005779419553657999,0.3339276035315167,2.397599862843062,0,
relief_2,DSC_0470.png,common,True,-0.8430129289627075,3.9144015312194824,-0.25805240869522095,0.8087899075804713,-0.028435180570197314,-0.5722176486270504,-0.8425942688935197,3.910582462165408,-0.259184428663597,0.004005250791414152,0.35394383103178884,2.397599862843062,0,
relief_2,DSC_0471.png,common,True,-1.4556704759597778,3.69187593460083,-0.2573816180229187,0.7560934560540503,0.05079538542814312,-0.31829345439469414,-1.453792689116137,3.68892212296619,-0.2587506732346508,0.003758377146569622,0.3505822456688323,2.397599862843062,0,
relief_2,DSC_0472.png,common,True,-1.9126524925231934,3.4233813285827637,-0.25667810440063477,0.6748412532055905,0.11576391416945779,-0.1228139785251206,-1.9121691793862334,3.4210261403792153,-0.2585998319294317,0.0030779115902552496,0.37064018474443416,2.397599862843062,0,
relief_2,DSC_0473.png,common,True,-1.8644018173217773,2.8122847080230713,-0.2578578591346741,0.4223141714131467,0.14309828786913026,-0.11081527842034793,-1.865882530033161,2.813111623491431,-0.25779462058264024,0.0016971442012772577,0.37085935865163056,2.397599862843062,0,
relief_2,DSC_0474.png,common,True,-1.5887006521224976,2.656632900238037,-0.25882792472839355,0.34081265620238244,0.12163176994017226,-0.21019859806255897,-1.5959055890688885,2.6558741447318757,-0.25743329632373846,0.007377791993995889,0.41450100472204315,2.397599862843062,0,
relief_2,DSC_0475.png,common,True,-1.338079571723938,3.0513298511505127,-0.25814729928970337,0.48785694283955516,0.07348056457028714,-0.3249835183466139,-1.356210851563075,3.0507246419310867,-0.25639010337337487,0.01822628114269993,0.4006273794879021,2.397599862843062,0,
relief_2,DSC_0476.png,common,True,-1.0615274906158447,2.3784475326538086,-0.26085546612739563,0.19313293752564997,0.07968505177134057,-0.4046082109773842,-1.0720521349691383,2.3760112031842895,-0.25940709868306716,0.010899615052888448,0.39931822377955434,2.397599862843062,0,
relief_2,DSC_0477.png,common,True,-0.7405174970626831,1.7059659957885742,-0.26330307126045227,-0.1034290665374907,0.08083482881086745,-0.5017382552871604,-0.7440441434173333,1.7035404679805044,-0.2621875910377085,0.0044232019833848595,0.3982218447801164,2.397599862843062,0,
relief_2,DSC_0478.png,common,True,-0.4942348599433899,1.1590925455093384,-0.2625685930252075,-0.3436265930899792,0.08234747810642094,-0.5740928402999692,-0.4931685729282671,1.1568901611048723,-0.261533617138406,0.0026568101456286696,0.3969235413802904,2.397599862843062,0,
relief_2,DSC_0480.png,common,True,-0.6723042130470276,2.111663341522217,-0.26267096400260925,0.05921709126140801,0.05153643167447241,-0.5481206989914301,-0.6781563775702255,2.109778307483411,-0.26185628862045246,0.00620200603936539,0.39978114912911844,2.397599862843062,0,
relief_2,DSC_0481.png,common,True,0.7633675336837769,1.4077885150909424,-0.26286691427230835,-0.320475107112973,-0.06698556277284241,-1.0842808305182234,0.7584270806458071,1.4039486982389628,-0.2668494585773379,0.0074170700966522994,0.16107236641480696,2.397599862843062,0,
relief_2,DSC_0482.png,common,True,0.40446528792381287,1.2601370811462402,-0.26226112246513367,-0.35740897793400306,-0.02053677301635461,-0.9338755270623111,0.3987673598074708,1.2593017364252237,-0.2642350304043345,0.006087733418471254,0.17572704014878676,2.397599862843062,0,
relief_2,DSC_0483.png,common,True,-0.11730531603097916,1.2204753160476685,-0.26184338331222534,-0.3387845550525048,0.037992331259091974,-0.7259064371007291,-0.12005219054581584,1.2255494926737585,-0.26285206070452993,0.00585747540453767,0.22766801833636072,2.397599862843062,0,
relief_2,DSC_0484.png,common,True,-1.2816393375396729,1.4378262758255005,-0.26232922077178955,-0.1779792502193333,0.15360784209333736,-0.27651824239411765,-1.2777113396663533,1.4405248526416063,-0.2614291202987623,0.004849913915397959,0.21329002963464674,2.397599862843062,0,
relief_2,DSC_0485.png,common,True,-0.7574551701545715,1.642627477645874,-0.2626153528690338,-0.1255744159215378,0.0855493311213351,-0.4940464411627185,-0.7566192026490017,1.6476094507347883,-0.26297080394274575,0.005064113248618877,0.23613375246120852,2.397599862843062,0,
relief_2,DSC_0486.png,common,True,-0.33234232664108276,1.8097116947174072,-0.26308488845825195,-0.08287796566027979,0.030378693768805927,-0.6699274443991663,-0.3353203413349961,1.8158571953216724,-0.2639623531083741,0.006885179257390617,0.24858448558848115,2.397599862843062,0,
relief_2,DSC_0487.png,common,True,0.12370268255472183,1.9988000392913818,-0.2632453143596649,-0.03403104930031956,-0.03004962068914123,-0.8595605560807061,0.11850496868839411,2.0041895460604597,-0.26348543093670107,0.007491372946310948,0.27565674304512794,2.397599862843062,0,
relief_2,DSC_0488.png,common,True,0.6110714673995972,2.198604106903076,-0.26464053988456726,0.01810557438993398,-0.09398001207103991,-1.062961305072376,0.6048096128001346,2.2053151377428035,-0.2649456227038084,0.009183781001481832,0.3160881052563945,2.397599862843062,0,
relief_2,DSC_0489.png,common,True,1.0874300003051758,2.371018409729004,-0.26571962237358093,0.060147702055122904,-0.15521922420238451,-1.2606414178249594,1.0799806319851455,2.380143394937023,-0.26651888791881095,0.011806662052664577,0.35240901340135056,2.397599862843062,0,
terrace,DSC_0259.png,common,True,0.7395590543746948,-1.126711368560791,-3.5662379264831543,0.13727220766304274,-0.2677149304050064,-0.8655699976660484,0.7330924654083582,-1.1232891674897383,-3.5638546137543043,0.007694700292653371,0.3405541298247382,4.615947581772181,0,
terrace,DSC_0260.png,common,True,0.7130006551742554,-1.7601567506790161,-3.5619513988494873,0.019617470995216553,-0.2655909100434745,-0.794663706303226,0.7075456597869563,-1.7569340269877647,-3.561121645732375,0.0063899462361560674,0.34288200266569785,4.615947581772181,0,
terrace,DSC_0261.png,common,True,0.4440349340438843,-2.417982339859009,-3.553049087524414,-0.07616426786424386,-0.2598530479054639,-0.6731421635432612,0.42810483173491987,-2.4147316523857922,-3.5547834074074425,0.016350626718241352,0.28161461850973984,4.615947581772181,0,
terrace,DSC_0262.png,common,True,0.0063932775519788265,-3.091797113418579,-3.55001163482666,-0.15833947690886765,-0.24982262898946175,-0.5192685442330969,-0.01350515464673796,-3.0896332118845287,-3.5553033006473065,0.020703424860959392,0.2028646354042392,4.615947581772181,0,
terrace,DSC_0263.png,common,True,-0.6848286390304565,-3.5210728645324707,-3.5647571086883545,-0.16558480318059596,-0.23240122345198538,-0.3446513296745144,-0.7076809945814118,-3.507976961631506,-3.5744928113390237,0.028080540114481644,0.1687237280729991,4.615947581772181,0,
terrace,DSC_0264.png,common,True,-1.504117727279663,-3.8172473907470703,-3.5875377655029297,-0.1385084587272929,-0.21540779650961736,-0.16110557959649333,-1.5138565702245892,-3.807239415326436,-3.584890466447349,0.01421312162108091,0.24269166473693737,4.615947581772181,0,
terrace,DSC_0266.png,common,True,-2.988232374191284,-3.996269702911377,-3.629913091659546,-0.022509270539513297,-0.1805755991091392,0.1371958140566906,-2.9864270013337024,-4.002856268099896,-3.6272934057128126,0.007314708920866953,0.3743369672399802,4.615947581772181,0,
terrace,DSC_0267.png,common,True,-3.5678842067718506,-3.954413414001465,-3.643028974533081,0.04403516066488153,-0.1675483847296146,0.24107403195492136,-3.557574165367847,-3.965238423164932,-3.6433962232023327,0.014953683450122738,0.41727098872537083,4.615947581772181,0,
terrace,DSC_0268.png,common,True,-4.236278533935547,-3.5208139419555664,-3.653757333755493,0.19619639082264403,-0.15532689460421684,0.3226604192970379,-4.228545103469697,-3.5316439686513865,-3.6545298656021608,0.013330124922761344,0.4068803993781184,4.615947581772181,0,
terrace,DSC_0269.png,common,True,-4.731409072875977,-2.7884294986724854,-3.650038957595825,0.388218162506316,-0.15049413281290983,0.3396256795374853,-4.724780530554334,-2.792725344245936,-3.6502590186666426,0.00790191681654744,0.3535331457798117,4.615947581772181,0,
terrace,DSC_0270.png,common,True,-4.813365459442139,-1.8518519401550293,-3.637202024459839,0.5760985280362637,-0.15616309347832058,0.2579705155501206,-4.8104496097887335,-1.850797444874507,-3.63298162843723,0.0052369726069133775,0.3486812994806088,4.615947581772181,0,
terrace,DSC_0271.png,common,True,-4.869719982147217,-1.0848819017410278,-3.6273722648620605,0.7287672003075508,-0.15970739540042073,0.18773454563090303,-4.864787654809519,-1.0768589545087948,-3.625203088845022,0.009664412028172756,0.30038076012564296,4.615947581772181,0,
terrace,DSC_0272.png,common,True,-4.42627477645874,-0.476938933134079,-3.6135377883911133,0.7970685674769601,-0.1708381882807161,0.0378355751852299,-4.408017686827753,-0.4668338306829236,-3.6196965802424885,0.021756956000571752,0.22307804206728402,4.615947581772181,0,
terrace,DSC_0273.png,common,True,-3.8571605682373047,-0.11160832643508911,-3.6088523864746094,0.8059159556085232,-0.18220060622024734,-0.10855195177833746,-3.833392262729923,-0.10514915565377114,-3.618232542035596,0.02635603445556188,0.1976868911368409,4.615947581772181,0,
terrace,DSC_0274.png,common,True,-3.099334716796875,-0.0751393511891365,-3.605710744857788,0.7334168014897876,-0.19765443596912405,-0.2542401786720845,-3.079600364588772,-0.07384668540919703,-3.6063840517447607,0.01978810208322476,0.256770276258454,4.615947581772181,0,
terrace,DSC_0275.png,common,True,-2.2371950149536133,-0.03371168673038483,-3.5953261852264404,0.6519133830913532,-0.2145735250987048,-0.421149744439313,-2.2197461305327453,-0.031748377634055025,-3.596258997786424,0.017583750720838953,0.29966590687849365,4.615947581772181,0,
terrace,DSC_0276.png,common,True,-1.3812143802642822,-0.10103901475667953,-3.5889878273010254,0.5499375024419126,-0.23103526360947332,-0.5748821006106984,-1.3677520123148514,-0.10177710650953786,-3.5857654691079164,0.01386231303088325,0.3138300043577983,4.615947581772181,0,
terrace,DSC_0277.png,common,True,-0.6812139749526978,-0.35904788970947266,-3.5819852352142334,0.42864163211229356,-0.2436012217973504,-0.6808871198655356,-0.6667044052527273,-0.35624294493450304,-3.5783845490615893,0.015210531510725447,0.33090325852662905,4.615947581772181,0,
terrace,DSC_0278.png,common,True,-0.0806250050663948,-0.6042459607124329,-3.575652599334717,0.3207471001039345,-0.25397131630768277,-0.7664135817377438,-0.07874570941885084,-0.6021201192994292,-3.572434831341404,0.004290103110987775,0.35929866932539645,4.615947581772181,0,
terrace,DSC_0279.png,common,True,0.48221737146377563,-1.1434276103973389,-3.5694081783294678,0.1605516203377583,-0.2628168710940234,-0.8157202966098632,0.4786998800931874,-1.1401501112348646,-3.566278697131878,0.005736584250950147,0.3505012789067436,4.615947581772181,0,
terrace,DSC_0283.png,common,True,-4.455732345581055,-4.163044452667236,-3.6666488647460938,0.09646844155184826,-0.14710783268889835,0.43319818681894917,-4.455845403436012,-4.1812124299640745,-3.6639131949449,0.018373134473958355,0.38032042905199787,4.615947581772181,0,
terrace,DSC_0284.png,common,True,-5.097548007965088,-2.250187397003174,-3.645900249481201,0.5295025297115827,-0.1471306676050057,0.360061804094753,-5.121891732761026,-2.2666932438170333,-3.6434193338850527,0.02951634899810902,0.36182984133366464,4.615947581772181,0,
terrace,DSC_0285.png,common,True,-5.693548202514648,-0.18639002740383148,-3.6123838424682617,0.9870836849269256,-0.15145115249585162,0.25908499283887704,-5.728618040240427,-0.19071003298213052,-3.610373747489779,0.03539203933275809,0.3575351879012276,4.615947581772181,0,
terrains,DSC_0614.png,common,True,-3.8165454864501953,-2.1332945823669434,-0.16583512723445892,0.9224885541246667,-0.0019167098789712445,-0.7116887237670808,-3.8141264239464934,-2.1334573623211184,-0.17109944398265517,0.005795808100311588,0.09685140610091451,2.078685445552369,0,
terrains,DSC_0615.png,common,True,-3.5019946098327637,-1.8887690305709839,-0.1672862023115158,0.7296724320844586,-0.002161371943869103,-0.7187182128840458,-3.497641316834039,-1.8870941256241704,-0.17103337591507892,0.005983124311665887,0.06173963790215768,2.078685445552369,0,
terrains,DSC_0616.png,common,True,-3.221240520477295,-1.6777383089065552,-0.16744211316108704,0.560607111346475,-0.0020740043567491705,-0.7218258841301868,-3.216417481436489,-1.6762379964611542,-0.1714811266779308,0.0064673234967958584,0.07838025501679408,2.078685445552369,0,
terrains,DSC_0617.png,common,True,-2.955646514892578,-1.4669194221496582,-0.16596943140029907,0.397828217861722,-0.0028989251832861242,-0.7290911181253593,-2.950867246467923,-1.4659903857804246,-0.17019320219732392,0.0064455220887111465,0.07297341609953459,2.078685445552369,0,
terrains,DSC_0618.png,common,True,-2.6724560260772705,-1.2588499784469604,-0.16668735444545746,0.22971343895216453,-0.002577065180452602,-0.7303460122767043,-2.668987473469114,-1.259420736256963,-0.17105368719980923,0.005605486900792149,0.08112589022274437,2.078685445552369,0,
terrains,DSC_0619.png,common,True,-2.42529034614563,-1.1103299856185913,-0.1651819944381714,0.09155049919085809,-0.003507059836709792,-0.7188741970666516,-2.4221513044525436,-1.1106880754146695,-0.16878020388556011,0.0047884154247795855,0.06498956013043296,2.078685445552369,0,
terrains,DSC_0620.png,common,True,-2.15461802482605,-0.9338439106941223,-0.16412702202796936,-0.06387177388727588,-0.003815378275173327,-0.711630869080317,-2.151348151266374,-0.9338577977843239,-0.1679817427393247,0.005054813320993383,0.07424174435770466,2.078685445552369,0,
terrains,DSC_0622.png,common,True,-1.87977135181427,-0.7746750712394714,-0.162794291973114,-0.21606653982766996,-0.004274035924663531,-0.696538880656308,-1.8764450730920688,-0.7741762877583718,-0.16655543496433464,0.005045702299897884,0.07442415672718045,2.078685445552369,0,
terrains,DSC_0623.png,common,True,-1.6266673803329468,-0.6303975582122803,-0.16268286108970642,-0.3552964677977524,-0.004148012171338305,-0.6817060296395433,-1.6236992764623883,-0.6298453418426284,-0.16634367853819312,0.004745120430134547,0.08097522918737289,2.078685445552369,0,
terrains,DSC_0624.png,common,True,-1.3688608407974243,-0.45778417587280273,-0.1632237285375595,-0.504794998081273,-0.003766758836909336,-0.6763876460907783,-1.365207192299865,-0.45699792926661487,-0.1670500551821158,0.005348654658911989,0.08317292164256652,2.078685445552369,0,
terrains,DSC_0625.png,common,True,-1.122743010520935,-0.28160423040390015,-0.1637469381093979,-0.650403197947733,-0.0038929706458177937,-0.6759144766115734,-1.1191765366010609,-0.2806991390451756,-0.16689151488897724,0.004840174553820372,0.06101080891155532,2.078685445552369,0,
terrains,DSC_0626.png,common,True,-0.8792834281921387,-0.14113794267177582,-0.1636052131652832,-0.7850082280881705,-0.0038939419496038692,-0.6622416279610677,-0.8756405851263442,-0.14003384103373717,-0.16645814223602817,0.004756947583464417,0.058589694623886704,2.078685445552369,0,
terrains,DSC_0627.png,common,True,-0.6438848376274109,0.006466004531830549,-0.1650276631116867,-0.9183351890659646,-0.003120169338433018,-0.6535901295075043,-0.6403476308597016,0.007514736105140862,-0.1678338889664618,0.0046353611702212244,0.06295682312850934,2.078685445552369,0,
terrains,DSC_0628.png,common,True,-0.39317211508750916,0.17102046310901642,-0.16601236164569855,-1.0624822465607215,-0.00273332494947272,-0.647134628994798,-0.3894938830897585,0.17193685201058262,-0.16850207810531395,0.00453517886058204,0.05496281541239346,2.078685445552369,0,
terrains,DSC_0629.png,common,True,-0.12890799343585968,0.36090338230133057,-0.16567622125148773,-1.2187228501957705,-0.002938109594289446,-0.6468929863023363,-0.1258230353873948,0.3615598218044327,-0.1681984168085483,0.004038483553275563,0.06186995650285614,2.078685445552369,0,
terrains,DSC_0630.png,common,True,0.11107631027698517,0.5515049695968628,-0.16474689543247223,-1.3656981562143284,-0.003310069954394669,-0.6537510948249069,0.1135917177479624,0.5518856983860685,-0.1678223542270559,0.0039913250873814055,0.09305577974992509,2.078685445552369,0,
terrains,DSC_0631.png,common,True,0.34299448132514954,0.7342078685760498,-0.1648503690958023,-1.5072313619219535,-0.003839051224480478,-0.659794822037666,0.34481922946882104,0.7342253353927277,-0.1670829280897906,0.0028834580869427488,0.08281139888560056,2.078685445552369,0,
terrains,DSC_0632.png,common,True,0.5624006390571594,0.93318110704422,-0.16324783861637115,-1.6486980278442518,-0.004471126167252869,-0.6759667588296944,0.5636161999920009,0.9335577637583663,-0.16653267786309267,0.003522730126397147,0.11912720112223767,2.078685445552369,0,
terrains,DSC_0648.png,common,True,-0.6419231295585632,-1.0285552740097046,-0.19294533133506775,-0.6250891666000186,0.015945362355920454,-0.25096601018977244,-0.6446575704082568,-1.028356113537213,-0.191170998432352,0.003265744770176555,0.27563994075024423,2.078685445552369,0,
terrains,DSC_0649.png,common,True,-0.8370700478553772,-0.754772961139679,-0.19167481362819672,-0.6255621595015959,0.011862219092892652,-0.41262716709138647,-0.8405347606475947,-0.7551791729818222,-0.18912571118601268,0.00432055159140608,0.27931440430085236,2.078685445552369,0,
terrains,DSC_0650.png,common,True,-0.997062087059021,-0.504295289516449,-0.19250327348709106,-0.6332644040737718,0.009366550933969561,-0.5551096315243155,-1.0008678164938207,-0.5055861616458215,-0.18962171788765503,0.004945026800527272,0.2778367238839675,2.078685445552369,0,
terrains,DSC_0651.png,common,True,-1.1416765451431274,-0.27939268946647644,-0.1925034373998642,-0.6397269168908872,0.006708985069540039,-0.6838202224171817,-1.1465476216402397,-0.28070709043041187,-0.18923155834372493,0.006013337566835632,0.2729781663918563,2.078685445552369,0,
terrains,DSC_0652.png,common,True,-1.273423671722412,-0.0695178359746933,-0.19266709685325623,-0.6471586581556618,0.004317821293689031,-0.8029492058143445,-1.278936164136903,-0.07080703900399898,-0.18901416325614614,0.0067374728894064205,0.26962431564502093,2.078685445552369,0,
terrains,DSC_0653.png,common,True,-1.4714239835739136,0.21003709733486176,-0.19414030015468597,-0.6482570755440213,0.0012624680118014547,-0.9677211023563183,-1.4775184950877778,0.2083397640750304,-0.18922938913494391,0.008008811262064862,0.2693308798382406,2.078685445552369,0,
terrains,DSC_0654.png,common,True,-0.3403521180152893,-0.9844388961791992,-0.19377505779266357,-0.7568452382311532,0.017673036045251403,-0.18303066921199362,-0.33990119737722746,-0.9826678447489867,-0.19216614354361206,0.002434862963513318,0.27317525122649194,2.078685445552369,0,
terrains,DSC_0655.png,common,True,-0.6068531274795532,-0.6536378860473633,-0.19424225389957428,-0.7453762427196696,0.013258621650462692,-0.38653177394137966,-0.6067949580706953,-0.6534860756498837,-0.1910891554963724,0.0031572867492807885,0.28653615244318115,2.078685445552369,0,
terrains,DSC_0656.png,common,True,-0.8095381855964661,-0.45523807406425476,-0.19493913650512695,-0.7222719180070616,0.011240896466406929,-0.5209728184809791,-0.8092707101424921,-0.45492963004229225,-0.19223217310075122,0.0027375777077176203,0.2858581217552283,2.078685445552369,0,
terrains,DSC_0657.png,common,True,-0.9849339127540588,-0.21980001032352448,-0.19529028236865997,-0.7196542978051401,0.00837758079104096,-0.6619605131384662,-0.9851910731292608,-0.22039514606689736,-0.19189585707496393,0.0034557837151791633,0.29203523061975967,2.078685445552369,0,
terrains,DSC_0658.png,common,True,-1.2531883716583252,0.06691520661115646,-0.19561393558979034,-0.6951852768212397,0.004685634748343853,-0.849272009116624,-1.2542964175641207,0.06566561642954749,-0.19166446175853194,0.004288074730589317,0.2958193961553699,2.078685445552369,0,
terrains,DSC_0659.png,common,True,-1.3897022008895874,0.261956125497818,-0.1956629902124405,-0.6965313470328215,0.002560258219568258,-0.963617582798818,-1.3911211381899966,0.26009333458798656,-0.1918037650043204,0.004514088196217793,0.2929768003392541,2.078685445552369,0,
terrains,DSC_0660.png,common,True,-3.2176430225372314,-1.0639617443084717,-0.19936300814151764,0.3899832440637085,0.00497807285142016,-0.9617094988166405,-3.220331491976265,-1.0646466875386142,-0.19583775001093034,0.0044860294292845175,0.30621966275215384,2.078685445552369,0,
terrains,DSC_0661.png,common,True,-3.0184948444366455,-1.3885421752929688,-0.19934265315532684,0.4027670958802311,0.009049414587146672,-0.7791355214968765,-3.019777251924011,-1.3880429885643562,-0.19701500938815622,0.002704012178323549,0.2999310531372013,2.078685445552369,0,
terrains,DSC_0662.png,common,True,-2.8524179458618164,-1.6995964050292969,-0.19961081445217133,0.4253899837862802,0.012501488740523484,-0.6112345177905705,-2.8536656523942723,-1.6986552504205576,-0.1974815054601426,0.002641306565360894,0.3005747452126219,2.078685445552369,0,
terrains,DSC_0663.png,common,True,-2.661510705947876,-1.993640661239624,-0.19932329654693604,0.43303245613155394,0.01591034978834904,-0.442918467786988,-2.661797184959445,-1.9917460879751492,-0.19785427178325032,0.002414438202740819,0.29487544196431653,2.078685445552369,0,
terrains,DSC_0664.png,common,True,-2.46457576751709,-2.259605884552002,-0.19936658442020416,0.4308958243893442,0.019162957991157033,-0.2839091851052097,-2.4647643428068857,-2.257252364494751,-0.19828129916471746,0.002598549862053945,0.29191066623020623,2.078685445552369,0,
terrains,DSC_0665.png,common,True,-2.266913652420044,-2.5039894580841064,-0.19935372471809387,0.42220686673730934,0.022417494729938463,-0.13282784592067615,-2.266326400032379,-2.501427656503176,-0.1990336890893571,0.0026476622727488017,0.2800687844915606,2.078685445552369,0,
terrains,DSC_0666.png,common,True,-2.0937018394470215,-2.232055187225342,-0.19846442341804504,0.2799002446924557,0.020694717802870365,-0.18993550453052027,-2.0959165474081027,-2.2320437914140068,-0.19784815099667558,0.0022988807961121537,0.2785835967327498,2.078685445552369,0,
terrains,DSC_0667.png,common,True,-2.2765371799468994,-1.925318956375122,-0.19960205256938934,0.26546133976245717,0.01745116380378022,-0.3609997337137387,-2.279666052914647,-1.9260605438983465,-0.19793414927655167,0.003622388645239894,0.2839571631599136,2.078685445552369,0,
terrains,DSC_0668.png,common,True,-2.466925859451294,-1.602386474609375,-0.19921298325061798,0.24928822263332853,0.013372981168665882,-0.5405134489108969,-2.4707856944750466,-1.6036997558610633,-0.19662361051767152,0.004829894947796498,0.28963972531816845,2.078685445552369,0,
terrains,DSC_0669.png,common,True,-2.6486940383911133,-1.3146376609802246,-0.20038765668869019,0.23969410660279303,0.010781943425639472,-0.7036620730447466,-2.6530620265475853,-1.3169714163109556,-0.19774631060487236,0.005612703770313795,0.2810891295226431,2.078685445552369,0,
terrains,DSC_0670.png,common,True,-2.8527705669403076,-1.0064533948898315,-0.2012059986591339,0.2331723350132503,0.007696618654179864,-0.8816229094127567,-2.8585405783317643,-1.0089986500541968,-0.1984292401765354,0.0068906997453053245,0.2676190384168267,2.078685445552369,0,
terrains,DSC_0671.png,common,True,-3.026763677597046,-0.7910479307174683,-0.20191366970539093,0.24093927891423592,0.00496078886747692,-1.0143478912879598,-3.0330909274094964,-0.794657259394115,-0.19802436884363075,0.008257602853038386,0.27470037380602774,2.078685445552369,0,
